n,samples,validation_samples,requested_epochs,epoch,method,model,loss,validation_accuracy_pct,epoch_seconds,measured,notes
2,150,128,400,0,original_dense,quantum,1.4798234258000853,42.96875,0.09319300297647715,True,Full dense notebook-style training.
2,150,128,400,0,original_dense,classical,1.3422548383932207,64.84375,0.044480045966338366,True,Full dense notebook-style training.
2,150,128,400,1,original_dense,quantum,1.4738132162773192,42.96875,0.09662395599298179,True,Full dense notebook-style training.
2,150,128,400,1,original_dense,classical,1.3415811371874369,64.84375,0.03342651098500937,True,Full dense notebook-style training.
2,150,128,400,2,original_dense,quantum,1.4679503213354408,44.53125,0.0914674149826169,True,Full dense notebook-style training.
2,150,128,400,2,original_dense,classical,1.3409242403550385,64.84375,0.03328467201208696,True,Full dense notebook-style training.
2,150,128,400,3,original_dense,quantum,1.4622316000780697,44.53125,0.09150777099421248,True,Full dense notebook-style training.
2,150,128,400,3,original_dense,classical,1.340283716210495,64.84375,0.03378225996857509,True,Full dense notebook-style training.
2,150,128,400,4,original_dense,quantum,1.4566539411256973,45.3125,0.093227633042261,True,Full dense notebook-style training.
2,150,128,400,4,original_dense,classical,1.339659144307024,65.625,0.03406418900704011,True,Full dense notebook-style training.
2,150,128,400,5,original_dense,quantum,1.4512142648859419,46.09375,0.09384676301851869,True,Full dense notebook-style training.
2,150,128,400,5,original_dense,classical,1.339050115152349,65.625,0.03411860199412331,True,Full dense notebook-style training.
2,150,128,400,6,original_dense,quantum,1.4459095256492365,46.875,0.09257295599672943,True,Full dense notebook-style training.
2,150,128,400,6,original_dense,classical,1.3384562299306155,65.625,0.03379774099448696,True,Full dense notebook-style training.
2,150,128,400,7,original_dense,quantum,1.440736713513898,46.875,0.09257905598497018,True,Full dense notebook-style training.
2,150,128,400,7,original_dense,classical,1.3378771002304652,65.625,0.03380015102447942,True,Full dense notebook-style training.
2,150,128,400,8,original_dense,quantum,1.4356928561449807,48.4375,0.0924167750054039,True,Full dense notebook-style training.
2,150,128,400,8,original_dense,classical,1.3373123477791629,65.625,0.034002979984506965,True,Full dense notebook-style training.
2,150,128,400,9,original_dense,quantum,1.430775020371692,48.4375,0.10893329803366214,True,Full dense notebook-style training.
2,150,128,400,9,original_dense,classical,1.3367616041827328,64.84375,0.03694924904266372,True,Full dense notebook-style training.
2,150,128,400,10,original_dense,quantum,1.4259803136285678,48.4375,0.16376845503691584,True,Full dense notebook-style training.
2,150,128,400,10,original_dense,classical,1.3362245106720265,66.40625,0.03705462801735848,True,Full dense notebook-style training.
2,150,128,400,11,original_dense,quantum,1.4213058852458016,48.4375,0.09738012100569904,True,Full dense notebook-style training.
2,150,128,400,11,original_dense,classical,1.3357007178546376,67.1875,0.03542473597917706,True,Full dense notebook-style training.
2,150,128,400,12,original_dense,quantum,1.4167489275944398,49.21875,0.10046942497137934,True,Full dense notebook-style training.
2,150,128,400,12,original_dense,classical,1.335189885472591,67.1875,0.03415127896005288,True,Full dense notebook-style training.
2,150,128,400,13,original_dense,quantum,1.412306677092301,49.21875,0.09393612999701872,True,Full dense notebook-style training.
2,150,128,400,13,original_dense,classical,1.334691682165728,67.1875,0.033845852012746036,True,Full dense notebook-style training.
2,150,128,400,14,original_dense,quantum,1.4079764150766145,49.21875,0.09434956102631986,True,Full dense notebook-style training.
2,150,128,400,14,original_dense,classical,1.3342057852406874,67.1875,0.03423280600691214,True,Full dense notebook-style training.
2,150,128,400,15,original_dense,quantum,1.403755468549449,50.0,0.0948132459889166,True,Full dense notebook-style training.
2,150,128,400,15,original_dense,classical,1.3337318804454037,67.1875,0.03465456300182268,True,Full dense notebook-style training.
2,150,128,400,16,original_dense,quantum,1.3996412108021334,52.34375,0.09906033700099215,True,Full dense notebook-style training.
2,150,128,400,16,original_dense,classical,1.333269661749036,67.1875,0.0344987420248799,True,Full dense notebook-style training.
2,150,128,400,17,original_dense,quantum,1.3956310619247343,53.90625,0.09347775502828881,True,Full dense notebook-style training.
2,150,128,400,17,original_dense,classical,1.33281883112722,67.1875,0.03392319497652352,True,Full dense notebook-style training.
2,150,128,400,18,original_dense,quantum,1.3917224892068183,54.6875,0.09498452703701332,True,Full dense notebook-style training.
2,150,128,400,18,original_dense,classical,1.3323790983525616,67.1875,0.03401402698364109,True,Full dense notebook-style training.
2,150,128,400,19,original_dense,quantum,1.3879130074355146,55.46875,0.0955559509457089,True,Full dense notebook-style training.
2,150,128,400,19,original_dense,classical,1.3319501807902872,67.1875,0.03373363398713991,True,Full dense notebook-style training.
2,150,128,400,20,original_dense,quantum,1.3842001790969223,55.46875,0.09494788403389975,True,Full dense notebook-style training.
2,150,128,400,20,original_dense,classical,1.3315318031989167,67.1875,0.03351001802366227,True,Full dense notebook-style training.
2,150,128,400,21,original_dense,quantum,1.3805816144867578,57.03125,0.09186645998852327,True,Full dense notebook-style training.
2,150,128,400,21,original_dense,classical,1.3311236975359206,67.1875,0.03368515701731667,True,Full dense notebook-style training.
2,150,128,400,22,original_dense,quantum,1.377054971736007,58.59375,0.10911650495836511,True,Full dense notebook-style training.
2,150,128,400,22,original_dense,classical,1.330725602768207,67.1875,0.03290376003133133,True,Full dense notebook-style training.
2,150,128,400,23,original_dense,quantum,1.3736179567572835,58.59375,0.091567805968225,True,Full dense notebook-style training.
2,150,128,400,23,original_dense,classical,1.3303372646873826,67.1875,0.03464916703524068,True,Full dense notebook-style training.
2,150,128,400,24,original_dense,quantum,1.370268323117295,58.59375,0.10123319999547675,True,Full dense notebook-style training.
2,150,128,400,24,original_dense,classical,1.3299584357296723,67.1875,0.03405995405046269,True,Full dense notebook-style training.
2,150,128,400,25,original_dense,quantum,1.3670038718408215,59.375,0.10246009699767455,True,Full dense notebook-style training.
2,150,128,400,25,original_dense,classical,1.3295888748004077,67.96875,0.034060714999213815,True,Full dense notebook-style training.
2,150,128,400,26,original_dense,quantum,1.3638224511512924,60.15625,0.09455264901043847,True,Full dense notebook-style training.
2,150,128,400,26,original_dense,classical,1.3292283471029784,67.1875,0.03615045000333339,True,Full dense notebook-style training.
2,150,128,400,27,original_dense,quantum,1.3607219561529424,61.71875,0.09299159195506945,True,Full dense notebook-style training.
2,150,128,400,27,original_dense,classical,1.328876623972171,67.1875,0.03576268098549917,True,Full dense notebook-style training.
2,150,128,400,28,original_dense,quantum,1.3577003284593008,64.0625,0.09336660901317373,True,Full dense notebook-style training.
2,150,128,400,28,original_dense,classical,1.328533482711772,67.1875,0.033994181954767555,True,Full dense notebook-style training.
2,150,128,400,29,original_dense,quantum,1.35475555577258,65.625,0.09821955795632675,True,Full dense notebook-style training.
2,150,128,400,29,original_dense,classical,1.3281987064363727,67.1875,0.03747848403872922,True,Full dense notebook-style training.
2,150,128,400,30,original_dense,quantum,1.351885671418323,66.40625,0.09440394397825003,True,Full dense notebook-style training.
2,150,128,400,30,original_dense,classical,1.3278720839172498,67.1875,0.0342089090263471,True,Full dense notebook-style training.
2,150,128,400,31,original_dense,quantum,1.3490887538394878,67.1875,0.09147743700305,True,Full dense notebook-style training.
2,150,128,400,31,original_dense,classical,1.3275534094322574,67.1875,0.03303601697552949,True,Full dense notebook-style training.
2,150,128,400,32,original_dense,quantum,1.3463629260539074,67.96875,0.09028848499292508,True,Full dense notebook-style training.
2,150,128,400,32,original_dense,classical,1.3272424826196247,67.1875,0.03344076802022755,True,Full dense notebook-style training.
2,150,128,400,33,original_dense,quantum,1.3437063550789015,68.75,0.09544568799901754,True,Full dense notebook-style training.
2,150,128,400,33,original_dense,classical,1.326939108335564,67.1875,0.03415404504630715,True,Full dense notebook-style training.
2,150,128,400,34,original_dense,quantum,1.3411172513265963,70.3125,0.09528218401828781,True,Full dense notebook-style training.
2,150,128,400,34,original_dense,classical,1.3266430965156155,67.1875,0.034232787031214684,True,Full dense notebook-style training.
2,150,128,400,35,original_dense,quantum,1.3385938679733178,71.09375,0.09602372103836387,True,Full dense notebook-style training.
2,150,128,400,35,original_dense,classical,1.3263542620396296,67.1875,0.034215912979561836,True,Full dense notebook-style training.
2,150,128,400,36,original_dense,quantum,1.3361345003062393,71.875,0.08939331898000091,True,Full dense notebook-style training.
2,150,128,400,36,original_dense,classical,1.3260724246002977,67.1875,0.03310968802543357,True,Full dense notebook-style training.
2,150,128,400,37,original_dense,quantum,1.3337374850502517,71.875,0.08932224498130381,True,Full dense notebook-style training.
2,150,128,400,37,original_dense,classical,1.3257974085751627,67.1875,0.03300093702273443,True,Full dense notebook-style training.
2,150,128,400,38,original_dense,quantum,1.3314011996778938,72.65625,0.09011475503211841,True,Full dense notebook-style training.
2,150,128,400,38,original_dense,classical,1.3255290429019992,67.1875,0.03246750304242596,True,Full dense notebook-style training.
2,150,128,400,39,original_dense,quantum,1.3291240617049243,72.65625,0.09279848303413019,True,Full dense notebook-style training.
2,150,128,400,39,original_dense,classical,1.3252671609575088,67.1875,0.033324424002785236,True,Full dense notebook-style training.
2,150,128,400,40,original_dense,quantum,1.3269045279740477,72.65625,0.09209237399045378,True,Full dense notebook-style training.
2,150,128,400,40,original_dense,classical,1.3250116004392265,67.1875,0.033916047017555684,True,Full dense notebook-style training.
2,150,128,400,41,original_dense,quantum,1.3247410939290405,72.65625,0.09251093404600397,True,Full dense notebook-style training.
2,150,128,400,41,original_dense,classical,1.3247622032505673,67.1875,0.03385965997586027,True,Full dense notebook-style training.
2,150,128,400,42,original_dense,quantum,1.3226322928814223,72.65625,0.09280079399468377,True,Full dense notebook-style training.
2,150,128,400,42,original_dense,classical,1.3245188153889436,67.1875,0.03322395501891151,True,Full dense notebook-style training.
2,150,128,400,43,original_dense,quantum,1.3205766952716707,73.4375,0.0926937959739007,True,Full dense notebook-style training.
2,150,128,400,43,original_dense,classical,1.3242812868368588,67.1875,0.03334959701169282,True,Full dense notebook-style training.
2,150,128,400,44,original_dense,quantum,1.3185729079267927,73.4375,0.09210538800107315,True,Full dense notebook-style training.
2,150,128,400,44,original_dense,classical,1.3240494714559161,67.1875,0.033060646965168417,True,Full dense notebook-style training.
2,150,128,400,45,original_dense,quantum,1.3166195733159591,73.4375,0.0935646960278973,True,Full dense notebook-style training.
2,150,128,400,45,original_dense,classical,1.323823226883656,67.1875,0.03347235399996862,True,Full dense notebook-style training.
2,150,128,400,46,original_dense,quantum,1.314715368805765,73.4375,0.09122913499595597,True,Full dense notebook-style training.
2,150,128,400,46,original_dense,classical,1.3236024144331735,67.1875,0.032551457989029586,True,Full dense notebook-style training.
2,150,128,400,47,original_dense,quantum,1.3128590059165433,74.21875,0.09385916695464402,True,Full dense notebook-style training.
2,150,128,400,47,original_dense,classical,1.3233868989954065,67.1875,0.033960254047997296,True,Full dense notebook-style training.
2,150,128,400,48,original_dense,quantum,1.3110492295810723,74.21875,0.09607244795188308,True,Full dense notebook-style training.
2,150,128,400,48,original_dense,classical,1.3231765489440652,67.1875,0.03471140097826719,True,Full dense notebook-style training.
2,150,128,400,49,original_dense,quantum,1.3092848174068494,74.21875,0.09658517001662403,True,Full dense notebook-style training.
2,150,128,400,49,original_dense,classical,1.3229712360431094,67.1875,0.03487867600051686,True,Full dense notebook-style training.
2,150,128,400,50,original_dense,quantum,1.307564578943059,75.0,0.09666816599201411,True,Full dense notebook-style training.
2,150,128,400,50,original_dense,classical,1.3227708353567103,67.1875,0.0336069890181534,True,Full dense notebook-style training.
2,150,128,400,51,original_dense,quantum,1.3058873549532009,75.78125,0.0965112280100584,True,Full dense notebook-style training.
2,150,128,400,51,original_dense,classical,1.322575225161655,67.1875,0.03455855295760557,True,Full dense notebook-style training.
2,150,128,400,52,original_dense,quantum,1.304252016694312,76.5625,0.09111474396195263,True,Full dense notebook-style training.
2,150,128,400,52,original_dense,classical,1.322384286862082,67.1875,0.03254303795984015,True,Full dense notebook-style training.
2,150,128,400,53,original_dense,quantum,1.3026574652035707,77.34375,0.09092537395190448,True,Full dense notebook-style training.
2,150,128,400,53,original_dense,classical,1.3221979049065464,67.1875,0.03310633701039478,True,Full dense notebook-style training.
2,150,128,400,54,original_dense,quantum,1.3011026305930073,77.34375,0.0913723359699361,True,Full dense notebook-style training.
2,150,128,400,54,original_dense,classical,1.3220159667072995,67.1875,0.032793360005598515,True,Full dense notebook-style training.
2,150,128,400,55,original_dense,quantum,1.2995864713529945,78.125,0.09619298600591719,True,Full dense notebook-style training.
2,150,128,400,55,original_dense,classical,1.321838362561762,67.1875,0.033974210964515805,True,Full dense notebook-style training.
2,150,128,400,56,original_dense,quantum,1.2981079736650616,78.125,0.09317174600437284,True,Full dense notebook-style training.
2,150,128,400,56,original_dense,classical,1.3216649855761091,67.1875,0.033801106037572026,True,Full dense notebook-style training.
2,150,128,400,57,original_dense,quantum,1.2966661507245762,78.90625,0.09396412200294435,True,Full dense notebook-style training.
2,150,128,400,57,original_dense,classical,1.321495731590921,67.1875,0.033822046010755,True,Full dense notebook-style training.
2,150,128,400,58,original_dense,quantum,1.2952600420736882,79.6875,0.09385846898658201,True,Full dense notebook-style training.
2,150,128,400,58,original_dense,classical,1.3213304991088517,67.1875,0.03385895298561081,True,Full dense notebook-style training.
2,150,128,400,59,original_dense,quantum,1.2938887129449668,80.46875,0.09567444998538122,True,Full dense notebook-style training.
2,150,128,400,59,original_dense,classical,1.321169189224244,67.1875,0.034212407015729696,True,Full dense notebook-style training.
2,150,128,400,60,original_dense,quantum,1.292551253616021,81.25,0.09203287895070389,True,Full dense notebook-style training.
2,150,128,400,60,original_dense,classical,1.3210117055546475,67.1875,0.0325359390117228,True,Full dense notebook-style training.
2,150,128,400,61,original_dense,quantum,1.2912467787754138,82.03125,0.10819423897191882,True,Full dense notebook-style training.
2,150,128,400,61,original_dense,classical,1.3208579541741963,67.1875,0.03401176101760939,True,Full dense notebook-style training.
2,150,128,400,62,original_dense,quantum,1.2899744269000502,81.25,0.09443911304697394,True,Full dense notebook-style training.
2,150,128,400,62,original_dense,classical,1.320707843548781,67.1875,0.03572040802100673,True,Full dense notebook-style training.
2,150,128,400,63,original_dense,quantum,1.2887333596442863,82.03125,0.09468243300216272,True,Full dense notebook-style training.
2,150,128,400,63,original_dense,classical,1.3205612844729786,67.96875,0.034930147987324744,True,Full dense notebook-style training.
2,150,128,400,64,original_dense,quantum,1.287522761240853,82.03125,0.09147924702847376,True,Full dense notebook-style training.
2,150,128,400,64,original_dense,classical,1.3204181900086898,67.96875,0.03321363899158314,True,Full dense notebook-style training.
2,150,128,400,65,original_dense,quantum,1.28634183791371,83.59375,0.09159432398155332,True,Full dense notebook-style training.
2,150,128,400,65,original_dense,classical,1.3202784754254289,67.96875,0.034909627051092684,True,Full dense notebook-style training.
2,150,128,400,66,original_dense,quantum,1.2851898173029392,83.59375,0.09369618695927784,True,Full dense notebook-style training.
2,150,128,400,66,original_dense,classical,1.320142058142241,67.96875,0.03357428399613127,True,Full dense notebook-style training.
2,150,128,400,67,original_dense,quantum,1.2840659479016676,84.375,0.0928673559683375,True,Full dense notebook-style training.
2,150,128,400,67,original_dense,classical,1.3200088576711713,67.96875,0.033727504953276366,True,Full dense notebook-style training.
2,150,128,400,68,original_dense,quantum,1.2829694985050677,84.375,0.09200906497426331,True,Full dense notebook-style training.
2,150,128,400,68,original_dense,classical,1.319878795562289,67.96875,0.03345638298196718,True,Full dense notebook-style training.
2,150,128,400,69,original_dense,quantum,1.2818997576714064,84.375,0.09179248701548204,True,Full dense notebook-style training.
2,150,128,400,69,original_dense,classical,1.3197517953501725,67.96875,0.03313243901357055,True,Full dense notebook-style training.
2,150,128,400,70,original_dense,quantum,1.280856033195118,84.375,0.09165528300218284,True,Full dense notebook-style training.
2,150,128,400,70,original_dense,classical,1.3196277825018556,67.96875,0.0334452610113658,True,Full dense notebook-style training.
2,150,128,400,71,original_dense,quantum,1.2798376515918302,84.375,0.09188100195024163,True,Full dense notebook-style training.
2,150,128,400,71,original_dense,classical,1.3195066843661727,67.96875,0.03365085902623832,True,Full dense notebook-style training.
2,150,128,400,72,original_dense,quantum,1.278843957595262,84.375,0.09271349397022277,True,Full dense notebook-style training.
2,150,128,400,72,original_dense,classical,1.3193884301244838,67.96875,0.03352299699326977,True,Full dense notebook-style training.
2,150,128,400,73,original_dense,quantum,1.2778743136659247,84.375,0.0946233439608477,True,Full dense notebook-style training.
2,150,128,400,73,original_dense,classical,1.3192729507427134,67.96875,0.03490436903666705,True,Full dense notebook-style training.
2,150,128,400,74,original_dense,quantum,1.2769280995114818,84.375,0.09440167498541996,True,Full dense notebook-style training.
2,150,128,400,74,original_dense,classical,1.3191601789246987,67.96875,0.03364260098896921,True,Full dense notebook-style training.
2,150,128,400,75,original_dense,quantum,1.2760047116186586,84.375,0.09141876897774637,True,Full dense notebook-style training.
2,150,128,400,75,original_dense,classical,1.3190500490667896,67.96875,0.03305774205364287,True,Full dense notebook-style training.
2,150,128,400,76,original_dense,quantum,1.275103562796573,84.375,0.09169469500193372,True,Full dense notebook-style training.
2,150,128,400,76,original_dense,classical,1.3189424972136714,67.96875,0.03331633604830131,True,Full dense notebook-style training.
2,150,128,400,77,original_dense,quantum,1.2742240817313113,85.15625,0.09109202597755939,True,Full dense notebook-style training.
2,150,128,400,77,original_dense,classical,1.3188374610153877,67.96875,0.033131424977909774,True,Full dense notebook-style training.
2,150,128,400,78,original_dense,quantum,1.2733657125516256,85.9375,0.09149266500025988,True,Full dense notebook-style training.
2,150,128,400,78,original_dense,classical,1.3187348796855107,67.96875,0.03334411600371823,True,Full dense notebook-style training.
2,150,128,400,79,original_dense,quantum,1.2725279144055566,85.9375,0.0913528329692781,True,Full dense notebook-style training.
2,150,128,400,79,original_dense,classical,1.31863469396044,67.96875,0.032855073048267514,True,Full dense notebook-style training.
2,150,128,400,80,original_dense,quantum,1.271710161047819,85.9375,0.0914186870213598,True,Full dense notebook-style training.
2,150,128,400,80,original_dense,classical,1.3185368460598084,67.96875,0.03355278103845194,True,Full dense notebook-style training.
2,150,128,400,81,original_dense,quantum,1.2709119404377804,85.15625,0.09202384995296597,True,Full dense notebook-style training.
2,150,128,400,81,original_dense,classical,1.3184412796479352,68.75,0.03407108900137246,True,Full dense notebook-style training.
2,150,128,400,82,original_dense,quantum,1.2701327543478251,84.375,0.09758083603810519,True,Full dense notebook-style training.
2,150,128,400,82,original_dense,classical,1.3183479397963271,68.75,0.03443520498694852,True,Full dense notebook-style training.
2,150,128,400,83,original_dense,quantum,1.269372117981927,84.375,0.09452437300933525,True,Full dense notebook-style training.
2,150,128,400,83,original_dense,classical,1.318256772947187,68.75,0.03501458000391722,True,Full dense notebook-style training.
2,150,128,400,84,original_dense,quantum,1.268629559604244,84.375,0.09520903299562633,True,Full dense notebook-style training.
2,150,128,400,84,original_dense,classical,1.3181677268778933,68.75,0.033000355993863195,True,Full dense notebook-style training.
2,150,128,400,85,original_dense,quantum,1.2679046201775241,84.375,0.09185446298215538,True,Full dense notebook-style training.
2,150,128,400,85,original_dense,classical,1.3180807506664465,68.75,0.03340149304131046,True,Full dense notebook-style training.
2,150,128,400,86,original_dense,quantum,1.2671968530111273,84.375,0.10922797000966966,True,Full dense notebook-style training.
2,150,128,400,86,original_dense,classical,1.3179957946578291,68.75,0.033463283034507185,True,Full dense notebook-style training.
2,150,128,400,87,original_dense,quantum,1.2665058234184698,84.375,0.09202214196557179,True,Full dense notebook-style training.
2,150,128,400,87,original_dense,classical,1.3179128104312734,68.75,0.033418019011151046,True,Full dense notebook-style training.
2,150,128,400,88,original_dense,quantum,1.2658311083836968,84.375,0.0947242000256665,True,Full dense notebook-style training.
2,150,128,400,88,original_dense,classical,1.3178317507684043,69.53125,0.03327733604237437,True,Full dense notebook-style training.
2,150,128,400,89,original_dense,quantum,1.2651722962373488,84.375,0.09591177495894954,True,Full dense notebook-style training.
2,150,128,400,89,original_dense,classical,1.3177525696222347,69.53125,0.033850266016088426,True,Full dense notebook-style training.
2,150,128,400,90,original_dense,quantum,1.264528986340866,84.375,0.09734907001256943,True,Full dense notebook-style training.
2,150,128,400,90,original_dense,classical,1.3176752220869958,69.53125,0.0336792659945786,True,Full dense notebook-style training.
2,150,128,400,91,original_dense,quantum,1.263900788779711,84.375,0.09258945001056418,True,Full dense notebook-style training.
2,150,128,400,91,original_dense,classical,1.3175996643687562,69.53125,0.03432936704484746,True,Full dense notebook-style training.
2,150,128,400,92,original_dense,quantum,1.2632873240648805,84.375,0.09382404299685732,True,Full dense notebook-style training.
2,150,128,400,92,original_dense,classical,1.3175258537568466,69.53125,0.03404802398290485,True,Full dense notebook-style training.
2,150,128,400,93,original_dense,quantum,1.2626882228426661,85.15625,0.09257621900178492,True,Full dense notebook-style training.
2,150,128,400,93,original_dense,classical,1.3174537485960314,69.53125,0.03373117500450462,True,Full dense notebook-style training.
2,150,128,400,94,original_dense,quantum,1.2621031256124244,86.71875,0.09297550201881677,True,Full dense notebook-style training.
2,150,128,400,94,original_dense,classical,1.3173833082594297,69.53125,0.03353162802523002,True,Full dense notebook-style training.
2,150,128,400,95,original_dense,quantum,1.261531682452172,86.71875,0.09074645699001849,True,Full dense notebook-style training.
2,150,128,400,95,original_dense,classical,1.3173144931221556,69.53125,0.033290408027824014,True,Full dense notebook-style training.
2,150,128,400,96,original_dense,quantum,1.2609735527518213,86.71875,0.09286585805239156,True,Full dense notebook-style training.
2,150,128,400,96,original_dense,classical,1.3172472645356577,69.53125,0.03444891102844849,True,Full dense notebook-style training.
2,150,128,400,97,original_dense,quantum,1.260428404953853,86.71875,0.09711555700050667,True,Full dense notebook-style training.
2,150,128,400,97,original_dense,classical,1.3171815848027382,69.53125,0.034760417009238154,True,Full dense notebook-style training.
2,150,128,400,98,original_dense,quantum,1.2598959163012542,86.71875,0.09560004400555044,True,Full dense notebook-style training.
2,150,128,400,98,original_dense,classical,1.3171174171532511,69.53125,0.033329899015370756,True,Full dense notebook-style training.
2,150,128,400,99,original_dense,quantum,1.2593757725925299,86.71875,0.09263322601327673,True,Full dense notebook-style training.
2,150,128,400,99,original_dense,classical,1.3170547257204215,69.53125,0.033613094012252986,True,Full dense notebook-style training.
2,150,128,400,100,original_dense,quantum,1.2588676679435804,86.71875,0.09167996299220249,True,Full dense notebook-style training.
2,150,128,400,100,original_dense,classical,1.3169934755178105,69.53125,0.03323835204355419,True,Full dense notebook-style training.
2,150,128,400,101,original_dense,quantum,1.2583713045563285,86.71875,0.09101948898751289,True,Full dense notebook-style training.
2,150,128,400,101,original_dense,classical,1.3169336324168868,69.53125,0.03403562103630975,True,Full dense notebook-style training.
2,150,128,400,102,original_dense,quantum,1.25788639249385,86.71875,0.09408491995418444,True,Full dense notebook-style training.
2,150,128,400,102,original_dense,classical,1.3168751631251847,69.53125,0.034485511016100645,True,Full dense notebook-style training.
2,150,128,400,103,original_dense,quantum,1.257412649461873,86.71875,0.10093938198406249,True,Full dense notebook-style training.
2,150,128,400,103,original_dense,classical,1.3168180351650498,69.53125,0.033837815979495645,True,Full dense notebook-style training.
2,150,128,400,104,original_dense,quantum,1.256949800596479,86.71875,0.0967873340123333,True,Full dense notebook-style training.
2,150,128,400,104,original_dense,classical,1.3167622168529358,69.53125,0.036550602002535015,True,Full dense notebook-style training.
2,150,128,400,105,original_dense,quantum,1.2564975782578138,86.71875,0.10511102096643299,True,Full dense notebook-style training.
2,150,128,400,105,original_dense,classical,1.3167076772792574,69.53125,0.035330819024238735,True,Full dense notebook-style training.
2,150,128,400,106,original_dense,quantum,1.2560557218296802,86.71875,0.09927040699403733,True,Full dense notebook-style training.
2,150,128,400,106,original_dense,classical,1.316654386288768,69.53125,0.03689720801776275,True,Full dense notebook-style training.
2,150,128,400,107,original_dense,quantum,1.2556239775248106,86.71875,0.10067844501463696,True,Full dense notebook-style training.
2,150,128,400,107,original_dense,classical,1.3166023144614565,69.53125,0.03549342299811542,True,Full dense notebook-style training.
2,150,128,400,108,original_dense,quantum,1.2552020981957084,87.5,0.10006812395295128,True,Full dense notebook-style training.
2,150,128,400,108,original_dense,classical,1.3165514330939454,69.53125,0.04392697400180623,True,Full dense notebook-style training.
2,150,128,400,109,original_dense,quantum,1.254789843150867,87.5,0.09297283599153161,True,Full dense notebook-style training.
2,150,128,400,109,original_dense,classical,1.3165017141813804,69.53125,0.03424616897245869,True,Full dense notebook-style training.
2,150,128,400,110,original_dense,quantum,1.254386977976237,87.5,0.09150596801191568,True,Full dense notebook-style training.
2,150,128,400,110,original_dense,classical,1.316453130399796,69.53125,0.03343094204319641,True,Full dense notebook-style training.
2,150,128,400,111,original_dense,quantum,1.2539932743618023,87.5,0.0914083729730919,True,Full dense notebook-style training.
2,150,128,400,111,original_dense,classical,1.3164056550889347,69.53125,0.03392175800399855,True,Full dense notebook-style training.
2,150,128,400,112,original_dense,quantum,1.2536085099330985,87.5,0.09307736100163311,True,Full dense notebook-style training.
2,150,128,400,112,original_dense,classical,1.3163592622355338,69.53125,0.03449947800254449,True,Full dense notebook-style training.
2,150,128,400,113,original_dense,quantum,1.2532324680875482,87.5,0.1049246049951762,True,Full dense notebook-style training.
2,150,128,400,113,original_dense,classical,1.3163139264570325,69.53125,0.034513638995122164,True,Full dense notebook-style training.
2,150,128,400,114,original_dense,quantum,1.2528649378354944,87.5,0.09439750300953165,True,Full dense notebook-style training.
2,150,128,400,114,original_dense,classical,1.316269622985717,69.53125,0.034311265975702554,True,Full dense notebook-style training.
2,150,128,400,115,original_dense,quantum,1.252505713645759,87.5,0.09071390196913853,True,Full dense notebook-style training.
2,150,128,400,115,original_dense,classical,1.3162263276532695,69.53125,0.032772969047073275,True,Full dense notebook-style training.
2,150,128,400,116,original_dense,quantum,1.2521545952956392,87.5,0.09031958098057657,True,Full dense notebook-style training.
2,150,128,400,116,original_dense,classical,1.3161840168757355,69.53125,0.03309190599247813,True,Full dense notebook-style training.
2,150,128,400,117,original_dense,quantum,1.2518113877251777,87.5,0.10193964495556429,True,Full dense notebook-style training.
2,150,128,400,117,original_dense,classical,1.3161426676388668,69.53125,0.03355139505583793,True,Full dense notebook-style training.
2,150,128,400,118,original_dense,quantum,1.2514759008956342,87.5,0.09207554301247001,True,Full dense notebook-style training.
2,150,128,400,118,original_dense,classical,1.3161022574838557,69.53125,0.034185734984930605,True,Full dense notebook-style training.
2,150,128,400,119,original_dense,quantum,1.2511479496519677,88.28125,0.09351983398664743,True,Full dense notebook-style training.
2,150,128,400,119,original_dense,classical,1.3160627644934428,69.53125,0.03317855502245948,True,Full dense notebook-style training.
2,150,128,400,120,original_dense,quantum,1.250827353589294,89.84375,0.09412579896161333,True,Full dense notebook-style training.
2,150,128,400,120,original_dense,classical,1.3160241672783746,69.53125,0.0364937559934333,True,Full dense notebook-style training.
2,150,128,400,121,original_dense,quantum,1.2505139369231293,89.84375,0.09332257200730965,True,Full dense notebook-style training.
2,150,128,400,121,original_dense,classical,1.3159864449642258,69.53125,0.03370448702480644,True,Full dense notebook-style training.
2,150,128,400,122,original_dense,quantum,1.250207528363369,89.84375,0.09326329303439707,True,Full dense notebook-style training.
2,150,128,400,122,original_dense,classical,1.3159495771785539,69.53125,0.03408138401573524,True,Full dense notebook-style training.
2,150,128,400,123,original_dense,quantum,1.2499079609918633,89.84375,0.0923952970188111,True,Full dense notebook-style training.
2,150,128,400,123,original_dense,classical,1.3159135440383936,69.53125,0.03329562599537894,True,Full dense notebook-style training.
2,150,128,400,124,original_dense,quantum,1.24961507214348,90.625,0.09187124000163749,True,Full dense notebook-style training.
2,150,128,400,124,original_dense,classical,1.3158783261380727,69.53125,0.034596486017107964,True,Full dense notebook-style training.
2,150,128,400,125,original_dense,quantum,1.249328703290584,90.625,0.09260288398945704,True,Full dense notebook-style training.
2,150,128,400,125,original_dense,classical,1.3158439045373365,69.53125,0.03332271100953221,True,Full dense notebook-style training.
2,150,128,400,126,original_dense,quantum,1.2490486999308061,89.84375,0.09363346302416176,True,Full dense notebook-style training.
2,150,128,400,126,original_dense,classical,1.315810260749791,69.53125,0.0355060919537209,True,Full dense notebook-style training.
2,150,128,400,127,original_dense,quantum,1.2487749114780098,89.84375,0.09454322303645313,True,Full dense notebook-style training.
2,150,128,400,127,original_dense,classical,1.3157773767316374,69.53125,0.03634183999383822,True,Full dense notebook-style training.
2,150,128,400,128,original_dense,quantum,1.2485071911563739,89.84375,0.0945759559981525,True,Full dense notebook-style training.
2,150,128,400,128,original_dense,classical,1.3157452348706955,69.53125,0.03340978204505518,True,Full dense notebook-style training.
2,150,128,400,129,original_dense,quantum,1.2482453958974942,89.84375,0.09277501195902005,True,Full dense notebook-style training.
2,150,128,400,129,original_dense,classical,1.3157138179757153,69.53125,0.03381628997158259,True,Full dense notebook-style training.
2,150,128,400,130,original_dense,quantum,1.2479893862404108,89.84375,0.09198749996721745,True,Full dense notebook-style training.
2,150,128,400,130,original_dense,classical,1.315683109265959,69.53125,0.033324062009342015,True,Full dense notebook-style training.
2,150,128,400,131,original_dense,quantum,1.2477390262344847,90.625,0.09330224903533235,True,Full dense notebook-style training.
2,150,128,400,131,original_dense,classical,1.3156530923610528,69.53125,0.03388012299546972,True,Full dense notebook-style training.
2,150,128,400,132,original_dense,quantum,1.247494183345031,90.625,0.0973458830267191,True,Full dense notebook-style training.
2,150,128,400,132,original_dense,classical,1.315623751271099,69.53125,0.03485044901026413,True,Full dense notebook-style training.
2,150,128,400,133,original_dense,quantum,1.2472547283616342,90.625,0.09297538496321067,True,Full dense notebook-style training.
2,150,128,400,133,original_dense,classical,1.315595070387044,69.53125,0.034047147957608104,True,Full dense notebook-style training.
2,150,128,400,134,original_dense,quantum,1.2470205353090698,90.625,0.09888829803094268,True,Full dense notebook-style training.
2,150,128,400,134,original_dense,classical,1.3155670344712866,69.53125,0.03638742002658546,True,Full dense notebook-style training.
2,150,128,400,135,original_dense,quantum,1.246791481360743,90.625,0.09821068297605962,True,Full dense notebook-style training.
2,150,128,400,135,original_dense,classical,1.3155396286485344,69.53125,0.037141592998523265,True,Full dense notebook-style training.
2,150,128,400,136,original_dense,quantum,1.246567446754583,90.625,0.10857672803103924,True,Full dense notebook-style training.
2,150,128,400,136,original_dense,classical,1.3155128383968884,69.53125,0.04212045599706471,True,Full dense notebook-style training.
2,150,128,400,137,original_dense,quantum,1.2463483147113255,90.625,0.09317323798313737,True,Full dense notebook-style training.
2,150,128,400,137,original_dense,classical,1.3154866495391604,69.53125,0.03402247600024566,True,Full dense notebook-style training.
2,150,128,400,138,original_dense,quantum,1.2461339713550843,90.625,0.09267986204940826,True,Full dense notebook-style training.
2,150,128,400,138,original_dense,classical,1.315461048234406,69.53125,0.033683715970255435,True,Full dense notebook-style training.
2,150,128,400,139,original_dense,quantum,1.2459243056361844,90.625,0.09287386102369055,True,Full dense notebook-style training.
2,150,128,400,139,original_dense,classical,1.3154360209696772,69.53125,0.03379212599247694,True,Full dense notebook-style training.
2,150,128,400,140,original_dense,quantum,1.2457192092561629,90.625,0.09317649999866262,True,Full dense notebook-style training.
2,150,128,400,140,original_dense,classical,1.3154115545519858,69.53125,0.03355523303616792,True,Full dense notebook-style training.
2,150,128,400,141,original_dense,quantum,1.245518576594882,90.625,0.09261056204559281,True,Full dense notebook-style training.
2,150,128,400,141,original_dense,classical,1.3153876361004673,69.53125,0.034072290000040084,True,Full dense notebook-style training.
2,150,128,400,142,original_dense,quantum,1.2453223046396913,90.625,0.09325341001385823,True,Full dense notebook-style training.
2,150,128,400,142,original_dense,classical,1.315364253038751,69.53125,0.03364315099315718,True,Full dense notebook-style training.
2,150,128,400,143,original_dense,quantum,1.2451302929165822,90.625,0.09257266303757206,True,Full dense notebook-style training.
2,150,128,400,143,original_dense,classical,1.3153413930875133,69.53125,0.03371853497810662,True,Full dense notebook-style training.
2,150,128,400,144,original_dense,quantum,1.2449424434232794,90.625,0.09302859503077343,True,Full dense notebook-style training.
2,150,128,400,144,original_dense,classical,1.3153190442572256,69.53125,0.0338921649963595,True,Full dense notebook-style training.
2,150,128,400,145,original_dense,quantum,1.2447586605641896,90.625,0.09209041798021644,True,Full dense notebook-style training.
2,150,128,400,145,original_dense,classical,1.3152971948410956,69.53125,0.033225979015696794,True,Full dense notebook-style training.
2,150,128,400,146,original_dense,quantum,1.2445788510871956,90.625,0.09315942198736593,True,Full dense notebook-style training.
2,150,128,400,146,original_dense,classical,1.315275833408162,69.53125,0.03351282299263403,True,Full dense notebook-style training.
2,150,128,400,147,original_dense,quantum,1.2444029240221919,90.625,0.0926427899976261,True,Full dense notebook-style training.
2,150,128,400,147,original_dense,classical,1.3152549487965952,69.53125,0.033857298956718296,True,Full dense notebook-style training.
2,150,128,400,148,original_dense,quantum,1.244230790621355,90.625,0.09289361903211102,True,Full dense notebook-style training.
2,150,128,400,148,original_dense,classical,1.3152345301071378,69.53125,0.03397850401233882,True,Full dense notebook-style training.
2,150,128,400,149,original_dense,quantum,1.2440623643010653,90.625,0.09185327898012474,True,Full dense notebook-style training.
2,150,128,400,149,original_dense,classical,1.315214566696734,69.53125,0.033440187049563974,True,Full dense notebook-style training.
2,150,128,400,150,original_dense,quantum,1.2438975605854534,90.625,0.09500254498561844,True,Full dense notebook-style training.
2,150,128,400,150,original_dense,classical,1.315195048172307,69.53125,0.03388909896602854,True,Full dense notebook-style training.
2,150,128,400,151,original_dense,quantum,1.2437362970515082,91.40625,0.09423508995678276,True,Full dense notebook-style training.
2,150,128,400,151,original_dense,classical,1.3151759643846885,69.53125,0.03345804999116808,True,Full dense notebook-style training.
2,150,128,400,152,original_dense,quantum,1.2435784932757195,91.40625,0.09232463699299842,True,Full dense notebook-style training.
2,150,128,400,152,original_dense,classical,1.3151573054227192,69.53125,0.03350066801067442,True,Full dense notebook-style training.
2,150,128,400,153,original_dense,quantum,1.2434240707821733,91.40625,0.09215231699636206,True,Full dense notebook-style training.
2,150,128,400,153,original_dense,classical,1.3151390616074814,69.53125,0.03321972000412643,True,Full dense notebook-style training.
2,150,128,400,154,original_dense,quantum,1.2432729529921256,91.40625,0.09273665602086112,True,Full dense notebook-style training.
2,150,128,400,154,original_dense,classical,1.3151212234866747,69.53125,0.03368788200896233,True,Full dense notebook-style training.
2,150,128,400,155,original_dense,quantum,1.243125065174922,91.40625,0.09322045196313411,True,Full dense notebook-style training.
2,150,128,400,155,original_dense,classical,1.3151037818291542,69.53125,0.034983246005140245,True,Full dense notebook-style training.
2,150,128,400,156,original_dense,quantum,1.2429803344003076,91.40625,0.09398708597291261,True,Full dense notebook-style training.
2,150,128,400,156,original_dense,classical,1.3150867276195741,69.53125,0.034043780993670225,True,Full dense notebook-style training.
2,150,128,400,157,original_dense,quantum,1.2428386894920265,91.40625,0.09240169601980597,True,Full dense notebook-style training.
2,150,128,400,157,original_dense,classical,1.3150700520531957,69.53125,0.03322925802785903,True,Full dense notebook-style training.
2,150,128,400,158,original_dense,quantum,1.2427000609827088,91.40625,0.09361484996043146,True,Full dense notebook-style training.
2,150,128,400,158,original_dense,classical,1.3150537465308032,69.53125,0.034372797003015876,True,Full dense notebook-style training.
2,150,128,400,159,original_dense,quantum,1.242564381069995,91.40625,0.09248022100655362,True,Full dense notebook-style training.
2,150,128,400,159,original_dense,classical,1.3150378026537533,69.53125,0.03391776798525825,True,Full dense notebook-style training.
2,150,128,400,160,original_dense,quantum,1.2424315835738593,91.40625,0.09265854995464906,True,Full dense notebook-style training.
2,150,128,400,160,original_dense,classical,1.3150222122191586,69.53125,0.03354065801249817,True,Full dense notebook-style training.
2,150,128,400,161,original_dense,quantum,1.2423016038951011,91.40625,0.09174558002268896,True,Full dense notebook-style training.
2,150,128,400,161,original_dense,classical,1.3150069672151723,69.53125,0.033108044997788966,True,Full dense notebook-style training.
2,150,128,400,162,original_dense,quantum,1.242174378974974,91.40625,0.09223114099586383,True,Full dense notebook-style training.
2,150,128,400,162,original_dense,classical,1.3149920598164064,69.53125,0.03388586698565632,True,Full dense notebook-style training.
2,150,128,400,163,original_dense,quantum,1.2420498472559087,91.40625,0.09226766903884709,True,Full dense notebook-style training.
2,150,128,400,163,original_dense,classical,1.3149774823794522,69.53125,0.035718182974960655,True,Full dense notebook-style training.
2,150,128,400,164,original_dense,quantum,1.241927948643316,91.40625,0.09457191301044077,True,Full dense notebook-style training.
2,150,128,400,164,original_dense,classical,1.3149632274385226,69.53125,0.03447034995770082,True,Full dense notebook-style training.
2,150,128,400,165,original_dense,quantum,1.2418086244684141,91.40625,0.09533938596723601,True,Full dense notebook-style training.
2,150,128,400,165,original_dense,classical,1.3149492877011932,69.53125,0.03510789800202474,True,Full dense notebook-style training.
2,150,128,400,166,original_dense,quantum,1.2416918174520823,91.40625,0.09682364499894902,True,Full dense notebook-style training.
2,150,128,400,166,original_dense,classical,1.3149356560442549,69.53125,0.03512331598903984,True,Full dense notebook-style training.
2,150,128,400,167,original_dense,quantum,1.241577471669674,91.40625,0.09410470200236887,True,Full dense notebook-style training.
2,150,128,400,167,original_dense,classical,1.314922325509669,69.53125,0.034005347988568246,True,Full dense notebook-style training.
2,150,128,400,168,original_dense,quantum,1.2414655325167994,91.40625,0.09456871199654415,True,Full dense notebook-style training.
2,150,128,400,168,original_dense,classical,1.3149092893006142,69.53125,0.033989047980867326,True,Full dense notebook-style training.
2,150,128,400,169,original_dense,quantum,1.241355946676016,91.40625,0.09439078596187755,True,Full dense notebook-style training.
2,150,128,400,169,original_dense,classical,1.314896540777649,69.53125,0.0340311509789899,True,Full dense notebook-style training.
2,150,128,400,170,original_dense,quantum,1.2412486620844339,91.40625,0.09191616700263694,True,Full dense notebook-style training.
2,150,128,400,170,original_dense,classical,1.3148840734549474,69.53125,0.03370174998417497,True,Full dense notebook-style training.
2,150,128,400,171,original_dense,quantum,1.2411436279021775,91.40625,0.09771013201680034,True,Full dense notebook-style training.
2,150,128,400,171,original_dense,classical,1.3148718809966444,69.53125,0.033514259965159,True,Full dense notebook-style training.
2,150,128,400,172,original_dense,quantum,1.2410407944817043,91.40625,0.09177337196888402,True,Full dense notebook-style training.
2,150,128,400,172,original_dense,classical,1.3148599572132584,69.53125,0.033145196037366986,True,Full dense notebook-style training.
2,150,128,400,173,original_dense,quantum,1.2409401133379383,91.40625,0.09492047200910747,True,Full dense notebook-style training.
2,150,128,400,173,original_dense,classical,1.3148482960582186,69.53125,0.03411828103708103,True,Full dense notebook-style training.
2,150,128,400,174,original_dense,quantum,1.2408415371192143,91.40625,0.09428673901129514,True,Full dense notebook-style training.
2,150,128,400,174,original_dense,classical,1.3148368916244593,69.53125,0.03444319101981819,True,Full dense notebook-style training.
2,150,128,400,175,original_dense,quantum,1.2407450195789833,91.40625,0.09390596701996401,True,Full dense notebook-style training.
2,150,128,400,175,original_dense,classical,1.3148257381411093,69.53125,0.033033855026587844,True,Full dense notebook-style training.
2,150,128,400,176,original_dense,quantum,1.2406505155482894,91.40625,0.09126156900310889,True,Full dense notebook-style training.
2,150,128,400,176,original_dense,classical,1.314814829970256,69.53125,0.03305157698923722,True,Full dense notebook-style training.
2,150,128,400,177,original_dense,quantum,1.2405579809089657,91.40625,0.09157415601657704,True,Full dense notebook-style training.
2,150,128,400,177,original_dense,classical,1.3148041616038029,69.53125,0.033211766043677926,True,Full dense notebook-style training.
2,150,128,400,178,original_dense,quantum,1.2404673725675524,91.40625,0.09816060098819435,True,Full dense notebook-style training.
2,150,128,400,178,original_dense,classical,1.31479372766038,69.53125,0.03367306903237477,True,Full dense notebook-style training.
2,150,128,400,179,original_dense,quantum,1.2403786484299015,91.40625,0.09456983796553686,True,Full dense notebook-style training.
2,150,128,400,179,original_dense,classical,1.3147835228823548,69.53125,0.03322967898566276,True,Full dense notebook-style training.
2,150,128,400,180,original_dense,quantum,1.2402917673764529,91.40625,0.09229307196801528,True,Full dense notebook-style training.
2,150,128,400,180,original_dense,classical,1.3147735421328928,69.53125,0.03314279799815267,True,Full dense notebook-style training.
2,150,128,400,181,original_dense,quantum,1.2402066892381687,91.40625,0.09144561202265322,True,Full dense notebook-style training.
2,150,128,400,181,original_dense,classical,1.3147637803931216,69.53125,0.03353602602146566,True,Full dense notebook-style training.
2,150,128,400,182,original_dense,quantum,1.2401233747731086,91.40625,0.09406182501697913,True,Full dense notebook-style training.
2,150,128,400,182,original_dense,classical,1.3147542327593216,69.53125,0.033137447957415134,True,Full dense notebook-style training.
2,150,128,400,183,original_dense,quantum,1.2400417856436012,91.40625,0.09217249602079391,True,Full dense notebook-style training.
2,150,128,400,183,original_dense,classical,1.3147448944402276,69.53125,0.03353039704961702,True,Full dense notebook-style training.
2,150,128,400,184,original_dense,quantum,1.2399618843940454,91.40625,0.0922677670023404,True,Full dense notebook-style training.
2,150,128,400,184,original_dense,classical,1.3147357607543682,69.53125,0.033664358023088425,True,Full dense notebook-style training.
2,150,128,400,185,original_dense,quantum,1.2398836344292647,91.40625,0.09462250501383096,True,Full dense notebook-style training.
2,150,128,400,185,original_dense,classical,1.314726827127476,69.53125,0.0336284670047462,True,Full dense notebook-style training.
2,150,128,400,186,original_dense,quantum,1.2398069999934511,91.40625,0.09271299000829458,True,Full dense notebook-style training.
2,150,128,400,186,original_dense,classical,1.314718089089974,69.53125,0.03317923500435427,True,Full dense notebook-style training.
2,150,128,400,187,original_dense,quantum,1.2397319461496539,91.40625,0.09183559200027958,True,Full dense notebook-style training.
2,150,128,400,187,original_dense,classical,1.3147095422745014,69.53125,0.03275588998803869,True,Full dense notebook-style training.
2,150,128,400,188,original_dense,quantum,1.2396584387597949,91.40625,0.09170504799112678,True,Full dense notebook-style training.
2,150,128,400,188,original_dense,classical,1.3147011824135213,69.53125,0.035072663973551244,True,Full dense notebook-style training.
2,150,128,400,189,original_dense,quantum,1.2395864444652165,91.40625,0.09427825501188636,True,Full dense notebook-style training.
2,150,128,400,189,original_dense,classical,1.3146930053369659,69.53125,0.033511665009427816,True,Full dense notebook-style training.
2,150,128,400,190,original_dense,quantum,1.2395159306677348,91.40625,0.09356084500905126,True,Full dense notebook-style training.
2,150,128,400,190,original_dense,classical,1.3146850069699565,69.53125,0.033647364005446434,True,Full dense notebook-style training.
2,150,128,400,191,original_dense,quantum,1.2394468655111748,91.40625,0.09243917698040605,True,Full dense notebook-style training.
2,150,128,400,191,original_dense,classical,1.3146771833305682,69.53125,0.03333124704658985,True,Full dense notebook-style training.
2,150,128,400,192,original_dense,quantum,1.2393792178633949,91.40625,0.09102420997805893,True,Full dense notebook-style training.
2,150,128,400,192,original_dense,classical,1.3146695305276517,69.53125,0.033104512956924736,True,Full dense notebook-style training.
2,150,128,400,193,original_dense,quantum,1.2393129572987764,91.40625,0.09111745696282014,True,Full dense notebook-style training.
2,150,128,400,193,original_dense,classical,1.3146620447587083,69.53125,0.03305088804336265,True,Full dense notebook-style training.
2,150,128,400,194,original_dense,quantum,1.2392480540811546,91.40625,0.09138161601731554,True,Full dense notebook-style training.
2,150,128,400,194,original_dense,classical,1.3146547223078138,69.53125,0.03300493297865614,True,Full dense notebook-style training.
2,150,128,400,195,original_dense,quantum,1.239184479147204,91.40625,0.09279990004142746,True,Full dense notebook-style training.
2,150,128,400,195,original_dense,classical,1.3146475595435958,69.53125,0.033317071036435664,True,Full dense notebook-style training.
2,150,128,400,196,original_dense,quantum,1.239122204090246,91.40625,0.09206573001574725,True,Full dense notebook-style training.
2,150,128,400,196,original_dense,classical,1.3146405529172582,69.53125,0.033497543015982956,True,Full dense notebook-style training.
2,150,128,400,197,original_dense,quantum,1.2390612011444628,91.40625,0.09192720602732152,True,Full dense notebook-style training.
2,150,128,400,197,original_dense,classical,1.3146336989606557,69.53125,0.033245763974264264,True,Full dense notebook-style training.
2,150,128,400,198,original_dense,quantum,1.2390014431695393,91.40625,0.09399706299882382,True,Full dense notebook-style training.
2,150,128,400,198,original_dense,classical,1.314626994284406,69.53125,0.03403912001522258,True,Full dense notebook-style training.
2,150,128,400,199,original_dense,quantum,1.2389429036356778,91.40625,0.09175522497389466,True,Full dense notebook-style training.
2,150,128,400,199,original_dense,classical,1.314620435576056,69.53125,0.03322186798322946,True,Full dense notebook-style training.
2,150,128,400,200,original_dense,quantum,1.2388855566089951,91.40625,0.09159689396619797,True,Full dense notebook-style training.
2,150,128,400,200,original_dense,classical,1.3146140195982998,69.53125,0.03344019199721515,True,Full dense notebook-style training.
2,150,128,400,201,original_dense,quantum,1.2388293767373129,91.40625,0.09234516700962558,True,Full dense notebook-style training.
2,150,128,400,201,original_dense,classical,1.314607743187211,69.53125,0.03345957299461588,True,Full dense notebook-style training.
2,150,128,400,202,original_dense,quantum,1.2387743392362913,92.1875,0.09578096598852426,True,Full dense notebook-style training.
2,150,128,400,202,original_dense,classical,1.3146016032505508,69.53125,0.03653871198184788,True,Full dense notebook-style training.
2,150,128,400,203,original_dense,quantum,1.238720419875921,92.1875,0.09275091503513977,True,Full dense notebook-style training.
2,150,128,400,203,original_dense,classical,1.3145955967660938,69.53125,0.03381421003723517,True,Full dense notebook-style training.
2,150,128,400,204,original_dense,quantum,1.2386675949673576,92.1875,0.09115016600117087,True,Full dense notebook-style training.
2,150,128,400,204,original_dense,classical,1.3145897207800081,69.53125,0.03328933997545391,True,Full dense notebook-style training.
2,150,128,400,205,original_dense,quantum,1.2386158413500898,92.1875,0.09641656500753015,True,Full dense notebook-style training.
2,150,128,400,205,original_dense,classical,1.3145839724052597,69.53125,0.04157885001040995,True,Full dense notebook-style training.
2,150,128,400,206,original_dense,quantum,1.2385651363794368,92.1875,0.09116774302674457,True,Full dense notebook-style training.
2,150,128,400,206,original_dense,classical,1.314578348820071,69.53125,0.033386680006515235,True,Full dense notebook-style training.
2,150,128,400,207,original_dense,quantum,1.2385154579143527,92.1875,0.09189057699404657,True,Full dense notebook-style training.
2,150,128,400,207,original_dense,classical,1.314572847266405,69.53125,0.03333443298470229,True,Full dense notebook-style training.
2,150,128,400,208,original_dense,quantum,1.2384667843055432,92.1875,0.09661344299092889,True,Full dense notebook-style training.
2,150,128,400,208,original_dense,classical,1.3145674650484855,69.53125,0.03302257496397942,True,Full dense notebook-style training.
2,150,128,400,209,original_dense,quantum,1.238419094383887,92.1875,0.09322509297635406,True,Full dense notebook-style training.
2,150,128,400,209,original_dense,classical,1.3145621995313639,69.53125,0.03353611700003967,True,Full dense notebook-style training.
2,150,128,400,210,original_dense,quantum,1.238372367449134,92.1875,0.09355649701319635,True,Full dense notebook-style training.
2,150,128,400,210,original_dense,classical,1.3145570481395024,69.53125,0.033400898973923177,True,Full dense notebook-style training.
2,150,128,400,211,original_dense,quantum,1.2383265832589005,92.1875,0.09431991301244125,True,Full dense notebook-style training.
2,150,128,400,211,original_dense,classical,1.3145520083554132,69.53125,0.03396544500719756,True,Full dense notebook-style training.
2,150,128,400,212,original_dense,quantum,1.2382817220179343,92.1875,0.09220517304493114,True,Full dense notebook-style training.
2,150,128,400,212,original_dense,classical,1.3145470777183026,69.53125,0.0327537750126794,True,Full dense notebook-style training.
2,150,128,400,213,original_dense,quantum,1.238237764367645,92.1875,0.0912197629804723,True,Full dense notebook-style training.
2,150,128,400,213,original_dense,classical,1.314542253822779,69.53125,0.03328967798734084,True,Full dense notebook-style training.
2,150,128,400,214,original_dense,quantum,1.2381946913758999,92.1875,0.09191983804339543,True,Full dense notebook-style training.
2,150,128,400,214,original_dense,classical,1.3145375343175605,69.53125,0.03435749496566132,True,Full dense notebook-style training.
2,150,128,400,215,original_dense,quantum,1.2381524845270782,92.1875,0.09373700298601761,True,Full dense notebook-style training.
2,150,128,400,215,original_dense,classical,1.3145329169042352,69.53125,0.03317723498912528,True,Full dense notebook-style training.
2,150,128,400,216,original_dense,quantum,1.238111125712355,92.1875,0.09127081296173856,True,Full dense notebook-style training.
2,150,128,400,216,original_dense,classical,1.3145283993360437,69.53125,0.03345170198008418,True,Full dense notebook-style training.
2,150,128,400,217,original_dense,quantum,1.2380705972202561,92.1875,0.09079177799867466,True,Full dense notebook-style training.
2,150,128,400,217,original_dense,classical,1.3145239794166859,69.53125,0.03593843197450042,True,Full dense notebook-style training.
2,150,128,400,218,original_dense,quantum,1.238030881727414,92.1875,0.09306162199936807,True,Full dense notebook-style training.
2,150,128,400,218,original_dense,classical,1.3145196549991633,69.53125,0.033560331037733704,True,Full dense notebook-style training.
2,150,128,400,219,original_dense,quantum,1.2379919622895754,92.1875,0.09179359796689823,True,Full dense notebook-style training.
2,150,128,400,219,original_dense,classical,1.3145154239846455,69.53125,0.033663570997305214,True,Full dense notebook-style training.
2,150,128,400,220,original_dense,quantum,1.2379538223328217,92.1875,0.09335413196822628,True,Full dense notebook-style training.
2,150,128,400,220,original_dense,classical,1.3145112843213642,69.53125,0.03332398395286873,True,Full dense notebook-style training.
2,150,128,400,221,original_dense,quantum,1.237916445645005,92.1875,0.09578473604051396,True,Full dense notebook-style training.
2,150,128,400,221,original_dense,classical,1.3145072340035298,69.53125,0.0337380810524337,True,Full dense notebook-style training.
2,150,128,400,222,original_dense,quantum,1.2378798163674034,92.1875,0.09158743498846889,True,Full dense notebook-style training.
2,150,128,400,222,original_dense,classical,1.3145032710702773,69.53125,0.033316657005343586,True,Full dense notebook-style training.
2,150,128,400,223,original_dense,quantum,1.237843918986567,92.1875,0.09178134496323764,True,Full dense notebook-style training.
2,150,128,400,223,original_dense,classical,1.3144993936046405,69.53125,0.032997002999763936,True,Full dense notebook-style training.
2,150,128,400,224,original_dense,quantum,1.2378087383263858,92.1875,0.09183608100283891,True,Full dense notebook-style training.
2,150,128,400,224,original_dense,classical,1.3144955997325407,69.53125,0.03335632896050811,True,Full dense notebook-style training.
2,150,128,400,225,original_dense,quantum,1.2377742595403156,92.1875,0.09132729901466519,True,Full dense notebook-style training.
2,150,128,400,225,original_dense,classical,1.3144918876218084,69.53125,0.03347105998545885,True,Full dense notebook-style training.
2,150,128,400,226,original_dense,quantum,1.2377404681038398,92.1875,0.09252902696607634,True,Full dense notebook-style training.
2,150,128,400,226,original_dense,classical,1.3144882554812216,69.53125,0.033345467993058264,True,Full dense notebook-style training.
2,150,128,400,227,original_dense,quantum,1.2377073498070779,92.1875,0.09229953598696738,True,Full dense notebook-style training.
2,150,128,400,227,original_dense,classical,1.3144847015595693,69.53125,0.033494969946332276,True,Full dense notebook-style training.
2,150,128,400,228,original_dense,quantum,1.237674890747594,92.1875,0.09206934098619968,True,Full dense notebook-style training.
2,150,128,400,228,original_dense,classical,1.3144812241447423,69.53125,0.033037360990419984,True,Full dense notebook-style training.
2,150,128,400,229,original_dense,quantum,1.2376430773233678,92.1875,0.0938846810022369,True,Full dense notebook-style training.
2,150,128,400,229,original_dense,classical,1.3144778215628328,69.53125,0.03856549400370568,True,Full dense notebook-style training.
2,150,128,400,230,original_dense,quantum,1.2376118962259488,92.1875,0.10259534296346828,True,Full dense notebook-style training.
2,150,128,400,230,original_dense,classical,1.314474492177266,69.53125,0.034212610975373536,True,Full dense notebook-style training.
2,150,128,400,231,original_dense,quantum,1.2375813344337745,92.1875,0.12466878403211012,True,Full dense notebook-style training.
2,150,128,400,231,original_dense,classical,1.3144712343879486,69.53125,0.05522525997366756,True,Full dense notebook-style training.
2,150,128,400,232,original_dense,quantum,1.237551379205626,92.1875,0.13493162899976596,True,Full dense notebook-style training.
2,150,128,400,232,original_dense,classical,1.3144680466304386,69.53125,0.0464028799906373,True,Full dense notebook-style training.
2,150,128,400,233,original_dense,quantum,1.2375220180742865,92.1875,0.1227822260116227,True,Full dense notebook-style training.
2,150,128,400,233,original_dense,classical,1.3144649273751292,69.53125,0.042981133970897645,True,Full dense notebook-style training.
2,150,128,400,234,original_dense,quantum,1.2374932388403108,92.1875,0.1485230450052768,True,Full dense notebook-style training.
2,150,128,400,234,original_dense,classical,1.3144618751264565,69.53125,0.05401519901352003,True,Full dense notebook-style training.
2,150,128,400,235,original_dense,quantum,1.2374650295659768,92.1875,0.22086193598806858,True,Full dense notebook-style training.
2,150,128,400,235,original_dense,classical,1.3144588884221287,69.53125,0.07893931301077828,True,Full dense notebook-style training.
2,150,128,400,236,original_dense,quantum,1.2374373785693467,92.1875,0.17373116000089794,True,Full dense notebook-style training.
2,150,128,400,236,original_dense,classical,1.3144559658323651,69.53125,0.048293832980562,True,Full dense notebook-style training.
2,150,128,400,237,original_dense,quantum,1.2374102744185116,92.1875,0.11164940195158124,True,Full dense notebook-style training.
2,150,128,400,237,original_dense,classical,1.314453105959159,69.53125,0.034837374987546355,True,Full dense notebook-style training.
2,150,128,400,238,original_dense,quantum,1.237383705925946,92.1875,0.10592282196739689,True,Full dense notebook-style training.
2,150,128,400,238,original_dense,classical,1.3144503074355565,69.53125,0.03799205698305741,True,Full dense notebook-style training.
2,150,128,400,239,original_dense,quantum,1.2373576621430022,92.1875,0.10566806700080633,True,Full dense notebook-style training.
2,150,128,400,239,original_dense,classical,1.31444756892495,69.53125,0.03807953203795478,True,Full dense notebook-style training.
2,150,128,400,240,original_dense,quantum,1.2373321323545499,92.1875,0.11167285201372579,True,Full dense notebook-style training.
2,150,128,400,240,original_dense,classical,1.3144448891203915,69.53125,0.034569184004794806,True,Full dense notebook-style training.
2,150,128,400,241,original_dense,quantum,1.237307106073719,92.1875,0.0964731759740971,True,Full dense notebook-style training.
2,150,128,400,241,original_dense,classical,1.314442266743918,69.53125,0.035792428010609,True,Full dense notebook-style training.
2,150,128,400,242,original_dense,quantum,1.2372825730367953,92.1875,0.09500717901391909,True,Full dense notebook-style training.
2,150,128,400,242,original_dense,classical,1.314439700545899,69.53125,0.03628279594704509,True,Full dense notebook-style training.
2,150,128,400,243,original_dense,quantum,1.237258523198212,92.1875,0.09209017298417166,True,Full dense notebook-style training.
2,150,128,400,243,original_dense,classical,1.3144371893043876,69.53125,0.03390515799401328,True,Full dense notebook-style training.
2,150,128,400,244,original_dense,quantum,1.237234946725685,92.1875,0.09361246199114248,True,Full dense notebook-style training.
2,150,128,400,244,original_dense,classical,1.3144347318245007,69.53125,0.035192053008358926,True,Full dense notebook-style training.
2,150,128,400,245,original_dense,quantum,1.2372118339954414,92.1875,0.09774707199539989,True,Full dense notebook-style training.
2,150,128,400,245,original_dense,classical,1.3144323269378029,69.53125,0.03478220402030274,True,Full dense notebook-style training.
2,150,128,400,246,original_dense,quantum,1.2371891755875692,92.1875,0.0957022299990058,True,Full dense notebook-style training.
2,150,128,400,246,original_dense,classical,1.3144299735017146,69.53125,0.03455103898886591,True,Full dense notebook-style training.
2,150,128,400,247,original_dense,quantum,1.2371669622814845,92.1875,0.10207896603969857,True,Full dense notebook-style training.
2,150,128,400,247,original_dense,classical,1.3144276703989164,69.53125,0.03679311496671289,True,Full dense notebook-style training.
2,150,128,400,248,original_dense,quantum,1.237145185051496,92.1875,0.10322853998513892,True,Full dense notebook-style training.
2,150,128,400,248,original_dense,classical,1.3144254165367906,69.53125,0.036518219974823296,True,Full dense notebook-style training.
2,150,128,400,249,original_dense,quantum,1.2371238350624751,92.1875,0.10671941097825766,True,Full dense notebook-style training.
2,150,128,400,249,original_dense,classical,1.314423210846856,69.53125,0.03441942803328857,True,Full dense notebook-style training.
2,150,128,400,250,original_dense,quantum,1.2371029036656283,92.1875,0.09868199599441141,True,Full dense notebook-style training.
2,150,128,400,250,original_dense,classical,1.314421052284227,69.53125,0.03523684700485319,True,Full dense notebook-style training.
2,150,128,400,251,original_dense,quantum,1.237082382394376,92.1875,0.0970795419998467,True,Full dense notebook-style training.
2,150,128,400,251,original_dense,classical,1.314418939827083,69.53125,0.03520997101441026,True,Full dense notebook-style training.
2,150,128,400,252,original_dense,quantum,1.2370622629603185,92.1875,0.11108271998818964,True,Full dense notebook-style training.
2,150,128,400,252,original_dense,classical,1.3144168724761411,69.53125,0.035445569024886936,True,Full dense notebook-style training.
2,150,128,400,253,original_dense,quantum,1.237042537249299,92.1875,0.09456701396265998,True,Full dense notebook-style training.
2,150,128,400,253,original_dense,classical,1.3144148492541616,69.53125,0.033553663990460336,True,Full dense notebook-style training.
2,150,128,400,254,original_dense,quantum,1.237023197317555,92.1875,0.09457301901420578,True,Full dense notebook-style training.
2,150,128,400,254,original_dense,classical,1.3144128692054378,69.53125,0.03496191598242149,True,Full dense notebook-style training.
2,150,128,400,255,original_dense,quantum,1.2370042353879813,92.1875,0.10395303001860157,True,Full dense notebook-style training.
2,150,128,400,255,original_dense,classical,1.3144109313953234,69.53125,0.03747051698155701,True,Full dense notebook-style training.
2,150,128,400,256,original_dense,quantum,1.2369856438464384,92.1875,0.10282258002553135,True,Full dense notebook-style training.
2,150,128,400,256,original_dense,classical,1.3144090349097497,69.53125,0.037801989004947245,True,Full dense notebook-style training.
2,150,128,400,257,original_dense,quantum,1.2369674152381918,92.1875,0.10061137197772041,True,Full dense notebook-style training.
2,150,128,400,257,original_dense,classical,1.3144071788547713,69.53125,0.03667839500121772,True,Full dense notebook-style training.
2,150,128,400,258,original_dense,quantum,1.236949542264398,92.1875,0.1016093380167149,True,Full dense notebook-style training.
2,150,128,400,258,original_dense,classical,1.3144053623561083,69.53125,0.03614033298799768,True,Full dense notebook-style training.
2,150,128,400,259,original_dense,quantum,1.2369320177787044,92.1875,0.09434590599266812,True,Full dense notebook-style training.
2,150,128,400,259,original_dense,classical,1.3144035845587076,69.53125,0.040569327014964074,True,Full dense notebook-style training.
2,150,128,400,260,original_dense,quantum,1.236914834783892,92.1875,0.10458161297719926,True,Full dense notebook-style training.
2,150,128,400,260,original_dense,classical,1.3144018446263122,69.53125,0.03431477799313143,True,Full dense notebook-style training.
2,150,128,400,261,original_dense,quantum,1.2368979864286247,92.1875,0.09496010898146778,True,Full dense notebook-style training.
2,150,128,400,261,original_dense,classical,1.3144001417410385,69.53125,0.03536268003517762,True,Full dense notebook-style training.
2,150,128,400,262,original_dense,quantum,1.2368814660042693,92.1875,0.10486253298586234,True,Full dense notebook-style training.
2,150,128,400,262,original_dense,classical,1.3143984751029625,69.53125,0.03831087797880173,True,Full dense notebook-style training.
2,150,128,400,263,original_dense,quantum,1.2368652669417672,92.1875,0.10618524200981483,True,Full dense notebook-style training.
2,150,128,400,263,original_dense,classical,1.3143968439297236,69.53125,0.03598839999176562,True,Full dense notebook-style training.
2,150,128,400,264,original_dense,quantum,1.2368493828086096,92.1875,0.10410227399552241,True,Full dense notebook-style training.
2,150,128,400,264,original_dense,classical,1.3143952474561253,69.53125,0.03894724202109501,True,Full dense notebook-style training.
2,150,128,400,265,original_dense,quantum,1.2368338073058587,92.1875,0.10421648400370032,True,Full dense notebook-style training.
2,150,128,400,265,original_dense,classical,1.3143936849337576,69.53125,0.03813415201148018,True,Full dense notebook-style training.
2,150,128,400,266,original_dense,quantum,1.236818534265243,92.1875,0.10433995904168114,True,Full dense notebook-style training.
2,150,128,400,266,original_dense,classical,1.3143921556306128,69.53125,0.04768585099373013,True,Full dense notebook-style training.
2,150,128,400,267,original_dense,quantum,1.2368035576463294,92.1875,0.10593466303544119,True,Full dense notebook-style training.
2,150,128,400,267,original_dense,classical,1.3143906588307266,69.53125,0.03712229401571676,True,Full dense notebook-style training.
2,150,128,400,268,original_dense,quantum,1.2367888715337472,92.1875,0.09988687897566706,True,Full dense notebook-style training.
2,150,128,400,268,original_dense,classical,1.314389193833818,69.53125,0.033765127998776734,True,Full dense notebook-style training.
2,150,128,400,269,original_dense,quantum,1.2367744701344796,92.1875,0.09458641498349607,True,Full dense notebook-style training.
2,150,128,400,269,original_dense,classical,1.3143877599549374,69.53125,0.034953149035573006,True,Full dense notebook-style training.
2,150,128,400,270,original_dense,quantum,1.2367603477752207,92.1875,0.09641284204553813,True,Full dense notebook-style training.
2,150,128,400,270,original_dense,classical,1.3143863565241254,69.53125,0.0342264260398224,True,Full dense notebook-style training.
2,150,128,400,271,original_dense,quantum,1.2367464988997865,92.1875,0.0970200410229154,True,Full dense notebook-style training.
2,150,128,400,271,original_dense,classical,1.3143849828860774,69.53125,0.03565379697829485,True,Full dense notebook-style training.
2,150,128,400,272,original_dense,quantum,1.2367329180665918,92.1875,0.09652018902124837,True,Full dense notebook-style training.
2,150,128,400,272,original_dense,classical,1.3143836383998222,69.53125,0.034564277972094715,True,Full dense notebook-style training.
2,150,128,400,273,original_dense,quantum,1.23671959994618,92.1875,0.09456313599366695,True,Full dense notebook-style training.
2,150,128,400,273,original_dense,classical,1.3143823224383924,69.53125,0.03453552501741797,True,Full dense notebook-style training.
2,150,128,400,274,original_dense,quantum,1.2367065393188066,92.1875,0.09562069299863651,True,Full dense notebook-style training.
2,150,128,400,274,original_dense,classical,1.314381034388525,69.53125,0.03398469102103263,True,Full dense notebook-style training.
2,150,128,400,275,original_dense,quantum,1.2366937310720842,92.1875,0.0933705170173198,True,Full dense notebook-style training.
2,150,128,400,275,original_dense,classical,1.3143797736503453,69.53125,0.03520941501483321,True,Full dense notebook-style training.
2,150,128,400,276,original_dense,quantum,1.2366811701986757,92.1875,0.09514185698935762,True,Full dense notebook-style training.
2,150,128,400,276,original_dense,classical,1.314378539637078,69.53125,0.034802419948391616,True,Full dense notebook-style training.
2,150,128,400,277,original_dense,quantum,1.2366688517940443,92.1875,0.09420120599679649,True,Full dense notebook-style training.
2,150,128,400,277,original_dense,classical,1.3143773317747474,69.53125,0.03416926000500098,True,Full dense notebook-style training.
2,150,128,400,278,original_dense,quantum,1.236656771054245,92.1875,0.0964211379759945,True,Full dense notebook-style training.
2,150,128,400,278,original_dense,classical,1.3143761495019022,69.53125,0.03393123100977391,True,Full dense notebook-style training.
2,150,128,400,279,original_dense,quantum,1.2366449232737775,92.1875,0.09509229497052729,True,Full dense notebook-style training.
2,150,128,400,279,original_dense,classical,1.314374992269327,69.53125,0.033767941989935935,True,Full dense notebook-style training.
2,150,128,400,280,original_dense,quantum,1.236633303843478,92.1875,0.09393646597163752,True,Full dense notebook-style training.
2,150,128,400,280,original_dense,classical,1.31437385953978,69.53125,0.03357424697605893,True,Full dense notebook-style training.
2,150,128,400,281,original_dense,quantum,1.2366219082484686,92.1875,0.09262325300369412,True,Full dense notebook-style training.
2,150,128,400,281,original_dense,classical,1.3143727507877228,69.53125,0.03364828700432554,True,Full dense notebook-style training.
2,150,128,400,282,original_dense,quantum,1.2366107320661397,92.1875,0.09570358600467443,True,Full dense notebook-style training.
2,150,128,400,282,original_dense,classical,1.3143716654990631,69.53125,0.03378374205203727,True,Full dense notebook-style training.
2,150,128,400,283,original_dense,quantum,1.2365997709641867,92.1875,0.09282765595708042,True,Full dense notebook-style training.
2,150,128,400,283,original_dense,classical,1.3143706031708937,69.53125,0.0336769440327771,True,Full dense notebook-style training.
2,150,128,400,284,original_dense,quantum,1.236589020698692,92.1875,0.09307418804382905,True,Full dense notebook-style training.
2,150,128,400,284,original_dense,classical,1.3143695633112564,69.53125,0.035432001983281225,True,Full dense notebook-style training.
2,150,128,400,285,original_dense,quantum,1.2365784771122403,92.1875,0.09524346300167963,True,Full dense notebook-style training.
2,150,128,400,285,original_dense,classical,1.314368545438889,69.53125,0.03475251200143248,True,Full dense notebook-style training.
2,150,128,400,286,original_dense,quantum,1.2365681361320826,92.1875,0.09694903600029647,True,Full dense notebook-style training.
2,150,128,400,286,original_dense,classical,1.3143675490829962,69.53125,0.03383520100032911,True,Full dense notebook-style training.
2,150,128,400,287,original_dense,quantum,1.2365579937683497,92.1875,0.0981035369914025,True,Full dense notebook-style training.
2,150,128,400,287,original_dense,classical,1.3143665737830097,69.53125,0.0355235289898701,True,Full dense notebook-style training.
2,150,128,400,288,original_dense,quantum,1.2365480461122855,92.1875,0.09287256101379171,True,Full dense notebook-style training.
2,150,128,400,288,original_dense,classical,1.314365619088374,69.53125,0.03380568802822381,True,Full dense notebook-style training.
2,150,128,400,289,original_dense,quantum,1.2365382893345331,92.1875,0.10066303797066212,True,Full dense notebook-style training.
2,150,128,400,289,original_dense,classical,1.3143646845583115,69.53125,0.034628606983460486,True,Full dense notebook-style training.
2,150,128,400,290,original_dense,quantum,1.2365287196834618,92.1875,0.09410907502751797,True,Full dense notebook-style training.
2,150,128,400,290,original_dense,classical,1.3143637697616173,69.53125,0.03372535697417334,True,Full dense notebook-style training.
2,150,128,400,291,original_dense,quantum,1.2365193334835138,92.1875,0.09236718900501728,True,Full dense notebook-style training.
2,150,128,400,291,original_dense,classical,1.3143628742764417,69.53125,0.03347993001807481,True,Full dense notebook-style training.
2,150,128,400,292,original_dense,quantum,1.2365101271336163,92.1875,0.0928216659813188,True,Full dense notebook-style training.
2,150,128,400,292,original_dense,classical,1.3143619976900818,69.53125,0.03459874598775059,True,Full dense notebook-style training.
2,150,128,400,293,original_dense,quantum,1.2365010971055952,92.1875,0.09678366599837318,True,Full dense notebook-style training.
2,150,128,400,293,original_dense,classical,1.3143611395987895,69.53125,0.034664928971324116,True,Full dense notebook-style training.
2,150,128,400,294,original_dense,quantum,1.2364922399426514,92.1875,0.09532774204853922,True,Full dense notebook-style training.
2,150,128,400,294,original_dense,classical,1.3143602996075663,69.53125,0.034176033979747444,True,Full dense notebook-style training.
2,150,128,400,295,original_dense,quantum,1.236483552257855,92.1875,0.09459381201304495,True,Full dense notebook-style training.
2,150,128,400,295,original_dense,classical,1.314359477329969,69.53125,0.03542466601356864,True,Full dense notebook-style training.
2,150,128,400,296,original_dense,quantum,1.2364750307326804,92.1875,0.09319721400970593,True,Full dense notebook-style training.
2,150,128,400,296,original_dense,classical,1.3143586723879246,69.53125,0.03402642405126244,True,Full dense notebook-style training.
2,150,128,400,297,original_dense,quantum,1.2364666721155664,92.1875,0.09135680901817977,True,Full dense notebook-style training.
2,150,128,400,297,original_dense,classical,1.314357884411547,69.53125,0.033295052009634674,True,Full dense notebook-style training.
2,150,128,400,298,original_dense,quantum,1.2364584732205146,92.1875,0.09179476898862049,True,Full dense notebook-style training.
2,150,128,400,298,original_dense,classical,1.3143571130389555,69.53125,0.03367255500052124,True,Full dense notebook-style training.
2,150,128,400,299,original_dense,quantum,1.236450430925722,92.1875,0.09183386096265167,True,Full dense notebook-style training.
2,150,128,400,299,original_dense,classical,1.3143563579160962,69.53125,0.03336400800617412,True,Full dense notebook-style training.
2,150,128,400,300,original_dense,quantum,1.2364425421722278,92.1875,0.09952613402856514,True,Full dense notebook-style training.
2,150,128,400,300,original_dense,classical,1.3143556186965728,69.53125,0.03606817498803139,True,Full dense notebook-style training.
2,150,128,400,301,original_dense,quantum,1.2364348039626067,92.1875,0.10012463800376281,True,Full dense notebook-style training.
2,150,128,400,301,original_dense,classical,1.314354895041477,69.53125,0.03624407097231597,True,Full dense notebook-style training.
2,150,128,400,302,original_dense,quantum,1.2364272133596788,92.1875,0.10025239700917155,True,Full dense notebook-style training.
2,150,128,400,302,original_dense,classical,1.3143541866192248,69.53125,0.038086505024693906,True,Full dense notebook-style training.
2,150,128,400,303,original_dense,quantum,1.2364197674852624,92.1875,0.10098210000433028,True,Full dense notebook-style training.
2,150,128,400,303,original_dense,classical,1.314353493105396,69.53125,0.036601011001039296,True,Full dense notebook-style training.
2,150,128,400,304,original_dense,quantum,1.236412463518931,92.1875,0.10082776000490412,True,Full dense notebook-style training.
2,150,128,400,304,original_dense,classical,1.3143528141825722,69.53125,0.03637606999836862,True,Full dense notebook-style training.
2,150,128,400,305,original_dense,quantum,1.2364052986968261,92.1875,0.09701932303141803,True,Full dense notebook-style training.
2,150,128,400,305,original_dense,classical,1.3143521495401933,69.53125,0.03407853998942301,True,Full dense notebook-style training.
2,150,128,400,306,original_dense,quantum,1.2363982703104641,92.1875,0.09466757695190609,True,Full dense notebook-style training.
2,150,128,400,306,original_dense,classical,1.3143514988743932,69.53125,0.03469000098994002,True,Full dense notebook-style training.
2,150,128,400,307,original_dense,quantum,1.2363913757056035,92.1875,0.0966461690259166,True,Full dense notebook-style training.
2,150,128,400,307,original_dense,classical,1.3143508618878672,69.53125,0.043905811035074294,True,Full dense notebook-style training.
2,150,128,400,308,original_dense,quantum,1.2363846122811,92.1875,0.09449251100886613,True,Full dense notebook-style training.
2,150,128,400,308,original_dense,classical,1.314350238289716,69.53125,0.035758903017267585,True,Full dense notebook-style training.
2,150,128,400,309,original_dense,quantum,1.2363779774878245,92.1875,0.0957539199735038,True,Full dense notebook-style training.
2,150,128,400,309,original_dense,classical,1.3143496277953133,69.53125,0.03461797902127728,True,Full dense notebook-style training.
2,150,128,400,310,original_dense,quantum,1.23637146882757,92.1875,0.09725952299777418,True,Full dense notebook-style training.
2,150,128,400,310,original_dense,classical,1.314349030126167,69.53125,0.03459640097571537,True,Full dense notebook-style training.
2,150,128,400,311,original_dense,quantum,1.2363650838520077,92.1875,0.0956570869893767,True,Full dense notebook-style training.
2,150,128,400,311,original_dense,classical,1.3143484450097804,69.53125,0.03496230498421937,True,Full dense notebook-style training.
2,150,128,400,312,original_dense,quantum,1.2363588201616484,92.1875,0.10305635299300775,True,Full dense notebook-style training.
2,150,128,400,312,original_dense,classical,1.314347872179527,69.53125,0.03424538002582267,True,Full dense notebook-style training.
2,150,128,400,313,original_dense,quantum,1.236352675404838,92.1875,0.09538858599262312,True,Full dense notebook-style training.
2,150,128,400,313,original_dense,classical,1.31434731137452,69.53125,0.034581037994939834,True,Full dense notebook-style training.
2,150,128,400,314,original_dense,quantum,1.2363466472767688,92.1875,0.09686452097957954,True,Full dense notebook-style training.
2,150,128,400,314,original_dense,classical,1.3143467623394836,69.53125,0.036714877001941204,True,Full dense notebook-style training.
2,150,128,400,315,original_dense,quantum,1.236340733518514,92.1875,0.09843954595271498,True,Full dense notebook-style training.
2,150,128,400,315,original_dense,classical,1.3143462248246347,69.53125,0.03338530502514914,True,Full dense notebook-style training.
2,150,128,400,316,original_dense,quantum,1.2363349319160806,92.1875,0.09128398197935894,True,Full dense notebook-style training.
2,150,128,400,316,original_dense,classical,1.3143456985855617,69.53125,0.03311838902300224,True,Full dense notebook-style training.
2,150,128,400,317,original_dense,quantum,1.2363292402994865,92.1875,0.09161989897256717,True,Full dense notebook-style training.
2,150,128,400,317,original_dense,classical,1.3143451833831048,69.53125,0.03493301896378398,True,Full dense notebook-style training.
2,150,128,400,318,original_dense,quantum,1.2363236565418532,92.1875,0.09132107300683856,True,Full dense notebook-style training.
2,150,128,400,318,original_dense,classical,1.3143446789832465,69.53125,0.03336342901457101,True,Full dense notebook-style training.
2,150,128,400,319,original_dense,quantum,1.236318178558524,92.1875,0.09108008799375966,True,Full dense notebook-style training.
2,150,128,400,319,original_dense,classical,1.3143441851569926,69.53125,0.03309022501343861,True,Full dense notebook-style training.
2,150,128,400,320,original_dense,quantum,1.2363128043061937,92.96875,0.09167253196937963,True,Full dense notebook-style training.
2,150,128,400,320,original_dense,classical,1.314343701680268,69.53125,0.0329627679893747,True,Full dense notebook-style training.
2,150,128,400,321,original_dense,quantum,1.2363075317820607,92.96875,0.09190031100297347,True,Full dense notebook-style training.
2,150,128,400,321,original_dense,classical,1.3143432283338083,69.53125,0.03328917099861428,True,Full dense notebook-style training.
2,150,128,400,322,original_dense,quantum,1.2363023590229971,92.96875,0.10143910901388153,True,Full dense notebook-style training.
2,150,128,400,322,original_dense,classical,1.3143427649030524,69.53125,0.03779241000302136,True,Full dense notebook-style training.
2,150,128,400,323,original_dense,quantum,1.2362972841047437,92.96875,0.10671489400556311,True,Full dense notebook-style training.
2,150,128,400,323,original_dense,classical,1.3143423111780441,69.53125,0.03654968197224662,True,Full dense notebook-style training.
2,150,128,400,324,original_dense,quantum,1.2362923051410983,92.96875,0.10207107302267104,True,Full dense notebook-style training.
2,150,128,400,324,original_dense,classical,1.3143418669533287,69.53125,0.038142639969009906,True,Full dense notebook-style training.
2,150,128,400,325,original_dense,quantum,1.236287420283155,92.96875,0.10126629000296816,True,Full dense notebook-style training.
2,150,128,400,325,original_dense,classical,1.3143414320278561,69.53125,0.03665173298213631,True,Full dense notebook-style training.
2,150,128,400,326,original_dense,quantum,1.236282627718535,92.96875,0.1013957789982669,True,Full dense notebook-style training.
2,150,128,400,326,original_dense,classical,1.3143410062048853,69.53125,0.03667856100946665,True,Full dense notebook-style training.
2,150,128,400,327,original_dense,quantum,1.2362779256706402,92.96875,0.10513864300446585,True,Full dense notebook-style training.
2,150,128,400,327,original_dense,classical,1.314340589291888,69.53125,0.03668934101006016,True,Full dense notebook-style training.
2,150,128,400,328,original_dense,quantum,1.2362733123979222,92.96875,0.10164544102735817,True,Full dense notebook-style training.
2,150,128,400,328,original_dense,classical,1.3143401811004627,69.53125,0.03657544997986406,True,Full dense notebook-style training.
2,150,128,400,329,original_dense,quantum,1.2362687861931783,92.96875,0.10199972800910473,True,Full dense notebook-style training.
2,150,128,400,329,original_dense,classical,1.3143397814462372,69.53125,0.03868826798861846,True,Full dense notebook-style training.
2,150,128,400,330,original_dense,quantum,1.2362643453828421,92.96875,0.10300936101702973,True,Full dense notebook-style training.
2,150,128,400,330,original_dense,classical,1.314339390148792,69.53125,0.03522579401032999,True,Full dense notebook-style training.
2,150,128,400,331,original_dense,quantum,1.236259988326304,92.96875,0.09224319003988057,True,Full dense notebook-style training.
2,150,128,400,331,original_dense,classical,1.314339007031562,69.53125,0.034165357996243984,True,Full dense notebook-style training.
2,150,128,400,332,original_dense,quantum,1.236255713415241,92.96875,0.09384667401900515,True,Full dense notebook-style training.
2,150,128,400,332,original_dense,classical,1.3143386319217594,69.53125,0.03271538799162954,True,Full dense notebook-style training.
2,150,128,400,333,original_dense,quantum,1.2362515190729588,92.96875,0.09112243796698749,True,Full dense notebook-style training.
2,150,128,400,333,original_dense,classical,1.3143382646502932,69.53125,0.033690936979837716,True,Full dense notebook-style training.
2,150,128,400,334,original_dense,quantum,1.236247403753758,92.96875,0.08983911998802796,True,Full dense notebook-style training.
2,150,128,400,334,original_dense,classical,1.3143379050516864,69.53125,0.03277407499263063,True,Full dense notebook-style training.
2,150,128,400,335,original_dense,quantum,1.2362433659422947,92.96875,0.08934413798851892,True,Full dense notebook-style training.
2,150,128,400,335,original_dense,classical,1.3143375529639962,69.53125,0.03270933299791068,True,Full dense notebook-style training.
2,150,128,400,336,original_dense,quantum,1.236239404152974,92.96875,0.08949497196590528,True,Full dense notebook-style training.
2,150,128,400,336,original_dense,classical,1.3143372082287428,69.53125,0.03250540600856766,True,Full dense notebook-style training.
2,150,128,400,337,original_dense,quantum,1.2362355169293466,92.96875,0.0898752529756166,True,Full dense notebook-style training.
2,150,128,400,337,original_dense,classical,1.3143368706908267,69.53125,0.03245690802577883,True,Full dense notebook-style training.
2,150,128,400,338,original_dense,quantum,1.236231702843517,92.96875,0.08943493204424158,True,Full dense notebook-style training.
2,150,128,400,338,original_dense,classical,1.314336540198462,69.53125,0.032555403013248,True,Full dense notebook-style training.
2,150,128,400,339,original_dense,quantum,1.2362279604955682,92.96875,0.09085415996378288,True,Full dense notebook-style training.
2,150,128,400,339,original_dense,classical,1.3143362166031018,69.53125,0.032561976986471564,True,Full dense notebook-style training.
2,150,128,400,340,original_dense,quantum,1.2362242885129964,92.96875,0.09018547699088231,True,Full dense notebook-style training.
2,150,128,400,340,original_dense,classical,1.3143358997593682,69.53125,0.033549089974258095,True,Full dense notebook-style training.
2,150,128,400,341,original_dense,quantum,1.2362206855501598,92.96875,0.0909336640033871,True,Full dense notebook-style training.
2,150,128,400,341,original_dense,classical,1.3143355895249853,69.53125,0.032812956953421235,True,Full dense notebook-style training.
2,150,128,400,342,original_dense,quantum,1.236217150287738,92.96875,0.08983350201742724,True,Full dense notebook-style training.
2,150,128,400,342,original_dense,classical,1.3143352857607078,69.53125,0.0326960880192928,True,Full dense notebook-style training.
2,150,128,400,343,original_dense,quantum,1.2362136814321918,92.96875,0.09224036004161462,True,Full dense notebook-style training.
2,150,128,400,343,original_dense,classical,1.314334988330264,69.53125,0.033698940998874605,True,Full dense notebook-style training.
2,150,128,400,344,original_dense,quantum,1.236210277715262,92.96875,0.09157245099777356,True,Full dense notebook-style training.
2,150,128,400,344,original_dense,classical,1.3143346971002816,69.53125,0.032806355971843004,True,Full dense notebook-style training.
2,150,128,400,345,original_dense,quantum,1.2362069378934462,92.96875,0.09083407995058224,True,Full dense notebook-style training.
2,150,128,400,345,original_dense,classical,1.3143344119402283,69.53125,0.03290326299611479,True,Full dense notebook-style training.
2,150,128,400,346,original_dense,quantum,1.2362036607475064,92.96875,0.09285037202062085,True,Full dense notebook-style training.
2,150,128,400,346,original_dense,classical,1.314334132722357,69.53125,0.03326062101405114,True,Full dense notebook-style training.
2,150,128,400,347,original_dense,quantum,1.2362004450819846,92.96875,0.09159135399386287,True,Full dense notebook-style training.
2,150,128,400,347,original_dense,classical,1.3143338593216376,69.53125,0.032942584017291665,True,Full dense notebook-style training.
2,150,128,400,348,original_dense,quantum,1.236197289724722,92.96875,0.09077151597011834,True,Full dense notebook-style training.
2,150,128,400,348,original_dense,classical,1.3143335916157008,69.53125,0.033589478000067174,True,Full dense notebook-style training.
2,150,128,400,349,original_dense,quantum,1.2361941935263905,92.96875,0.09080814605113119,True,Full dense notebook-style training.
2,150,128,400,349,original_dense,classical,1.31433332948478,69.53125,0.03327691799495369,True,Full dense notebook-style training.
2,150,128,400,350,original_dense,quantum,1.2361911553600409,92.96875,0.09149577701464295,True,Full dense notebook-style training.
2,150,128,400,350,original_dense,classical,1.3143330728116605,69.53125,0.03273729799548164,True,Full dense notebook-style training.
2,150,128,400,351,original_dense,quantum,1.2361881741206528,92.96875,0.1076916039455682,True,Full dense notebook-style training.
2,150,128,400,351,original_dense,classical,1.3143328214816155,69.53125,0.033244393998757005,True,Full dense notebook-style training.
2,150,128,400,352,original_dense,quantum,1.2361852487246912,92.96875,0.08997173298848793,True,Full dense notebook-style training.
2,150,128,400,352,original_dense,classical,1.3143325753823583,69.53125,0.03281643701484427,True,Full dense notebook-style training.
2,150,128,400,353,original_dense,quantum,1.2361823781096855,92.96875,0.09108794602798298,True,Full dense notebook-style training.
2,150,128,400,353,original_dense,classical,1.3143323344039914,69.53125,0.03291526698740199,True,Full dense notebook-style training.
2,150,128,400,354,original_dense,quantum,1.2361795612337987,92.96875,0.09138621896272525,True,Full dense notebook-style training.
2,150,128,400,354,original_dense,classical,1.3143320984389502,69.53125,0.03318053303519264,True,Full dense notebook-style training.
2,150,128,400,355,original_dense,quantum,1.2361767970754265,92.96875,0.09125756804132834,True,Full dense notebook-style training.
2,150,128,400,355,original_dense,classical,1.3143318673819533,69.53125,0.03253335598856211,True,Full dense notebook-style training.
2,150,128,400,356,original_dense,quantum,1.236174084632783,92.96875,0.0912452909979038,True,Full dense notebook-style training.
2,150,128,400,356,original_dense,classical,1.314331641129957,69.53125,0.03347526001743972,True,Full dense notebook-style training.
2,150,128,400,357,original_dense,quantum,1.2361714229235146,92.96875,0.09154304501134902,True,Full dense notebook-style training.
2,150,128,400,357,original_dense,classical,1.3143314195821059,69.53125,0.03268093598308042,True,Full dense notebook-style training.
2,150,128,400,358,original_dense,quantum,1.2361688109843092,92.96875,0.09186698700068519,True,Full dense notebook-style training.
2,150,128,400,358,original_dense,classical,1.314331202639682,69.53125,0.033371058001648635,True,Full dense notebook-style training.
2,150,128,400,359,original_dense,quantum,1.2361662478705135,92.96875,0.09402465302264318,True,Full dense notebook-style training.
2,150,128,400,359,original_dense,classical,1.3143309902060651,69.53125,0.03377033199649304,True,Full dense notebook-style training.
2,150,128,400,360,original_dense,quantum,1.2361637326557715,92.96875,0.09164831700036302,True,Full dense notebook-style training.
2,150,128,400,360,original_dense,classical,1.3143307821866812,69.53125,0.03436301799956709,True,Full dense notebook-style training.
2,150,128,400,361,original_dense,quantum,1.2361612644316469,92.96875,0.09776982897892594,True,Full dense notebook-style training.
2,150,128,400,361,original_dense,classical,1.3143305784889645,69.53125,0.03371319698635489,True,Full dense notebook-style training.
2,150,128,400,362,original_dense,quantum,1.2361588423072865,92.96875,0.09237993299029768,True,Full dense notebook-style training.
2,150,128,400,362,original_dense,classical,1.314330379022309,69.53125,0.03248906199587509,True,Full dense notebook-style training.
2,150,128,400,363,original_dense,quantum,1.2361564654090484,92.96875,0.09135093801887706,True,Full dense notebook-style training.
2,150,128,400,363,original_dense,classical,1.3143301836980315,69.53125,0.03295076597714797,True,Full dense notebook-style training.
2,150,128,400,364,original_dense,quantum,1.236154132880178,92.96875,0.09249733301112428,True,Full dense notebook-style training.
2,150,128,400,364,original_dense,classical,1.314329992429324,69.53125,0.033378235006239265,True,Full dense notebook-style training.
2,150,128,400,365,original_dense,quantum,1.2361518438804662,92.96875,0.08958950499072671,True,Full dense notebook-style training.
2,150,128,400,365,original_dense,classical,1.3143298051312213,69.53125,0.03297335596289486,True,Full dense notebook-style training.
2,150,128,400,366,original_dense,quantum,1.2361495975859258,92.96875,0.0912220900063403,True,Full dense notebook-style training.
2,150,128,400,366,original_dense,classical,1.3143296217205558,69.53125,0.03347672603558749,True,Full dense notebook-style training.
2,150,128,400,367,original_dense,quantum,1.2361473931884621,92.96875,0.10224342497531325,True,Full dense notebook-style training.
2,150,128,400,367,original_dense,classical,1.3143294421159188,69.53125,0.037239087047055364,True,Full dense notebook-style training.
2,150,128,400,368,original_dense,quantum,1.2361452298955642,92.96875,0.10149299399927258,True,Full dense notebook-style training.
2,150,128,400,368,original_dense,classical,1.314329266237626,69.53125,0.036460381001234055,True,Full dense notebook-style training.
2,150,128,400,369,original_dense,quantum,1.2361431069300044,92.96875,0.10380882397294044,True,Full dense notebook-style training.
2,150,128,400,369,original_dense,classical,1.3143290940076793,69.53125,0.037044962984509766,True,Full dense notebook-style training.
2,150,128,400,370,original_dense,quantum,1.2361410235295183,92.96875,0.1017654940369539,True,Full dense notebook-style training.
2,150,128,400,370,original_dense,classical,1.3143289253497308,69.53125,0.038511816994287074,True,Full dense notebook-style training.
2,150,128,400,371,original_dense,quantum,1.2361389789465251,92.96875,0.10530166700482368,True,Full dense notebook-style training.
2,150,128,400,371,original_dense,classical,1.3143287601890443,69.53125,0.039364807948004454,True,Full dense notebook-style training.
2,150,128,400,372,original_dense,quantum,1.236136972447829,92.96875,0.10652705997927114,True,Full dense notebook-style training.
2,150,128,400,372,original_dense,classical,1.314328598452469,69.53125,0.032600837002974004,True,Full dense notebook-style training.
2,150,128,400,373,original_dense,quantum,1.2361350033143446,92.96875,0.08997797599295154,True,Full dense notebook-style training.
2,150,128,400,373,original_dense,classical,1.3143284400683932,69.53125,0.0323866349644959,True,Full dense notebook-style training.
2,150,128,400,374,original_dense,quantum,1.2361330708408067,92.96875,0.09050900605507195,True,Full dense notebook-style training.
2,150,128,400,374,original_dense,classical,1.314328284966724,69.53125,0.0326054259785451,True,Full dense notebook-style training.
2,150,128,400,375,original_dense,quantum,1.2361311743355052,92.96875,0.08992767898598686,True,Full dense notebook-style training.
2,150,128,400,375,original_dense,classical,1.3143281330788468,69.53125,0.03291833901312202,True,Full dense notebook-style training.
2,150,128,400,376,original_dense,quantum,1.2361293131200208,92.96875,0.08941644598962739,True,Full dense notebook-style training.
2,150,128,400,376,original_dense,classical,1.3143279843375957,69.53125,0.03319071704754606,True,Full dense notebook-style training.
2,150,128,400,377,original_dense,quantum,1.2361274865289593,92.96875,0.08935157797532156,True,Full dense notebook-style training.
2,150,128,400,377,original_dense,classical,1.3143278386772241,69.53125,0.03549767500953749,True,Full dense notebook-style training.
2,150,128,400,378,original_dense,quantum,1.236125693909694,92.96875,0.09139204199891537,True,Full dense notebook-style training.
2,150,128,400,378,original_dense,classical,1.3143276960333727,69.53125,0.033332012011669576,True,Full dense notebook-style training.
2,150,128,400,379,original_dense,quantum,1.2361239346221211,92.96875,0.09197832498466596,True,Full dense notebook-style training.
2,150,128,400,379,original_dense,classical,1.3143275563430379,69.53125,0.03344752499833703,True,Full dense notebook-style training.
2,150,128,400,380,original_dense,quantum,1.2361222080384058,92.96875,0.0929783740430139,True,Full dense notebook-style training.
2,150,128,400,380,original_dense,classical,1.3143274195445511,69.53125,0.03339352400507778,True,Full dense notebook-style training.
2,150,128,400,381,original_dense,quantum,1.2361205135427524,92.96875,0.09217833500588313,True,Full dense notebook-style training.
2,150,128,400,381,original_dense,classical,1.3143272855775379,69.53125,0.03360117500415072,True,Full dense notebook-style training.
2,150,128,400,382,original_dense,quantum,1.2361188505311556,92.96875,0.09255525597836822,True,Full dense notebook-style training.
2,150,128,400,382,original_dense,classical,1.3143271543829012,69.53125,0.033815096016041934,True,Full dense notebook-style training.
2,150,128,400,383,original_dense,quantum,1.2361172184111784,92.96875,0.0893984489957802,True,Full dense notebook-style training.
2,150,128,400,383,original_dense,classical,1.3143270259027866,69.53125,0.03268664103234187,True,Full dense notebook-style training.
2,150,128,400,384,original_dense,quantum,1.2361156166017222,92.96875,0.08994758798507974,True,Full dense notebook-style training.
2,150,128,400,384,original_dense,classical,1.3143269000805624,69.53125,0.03285363398026675,True,Full dense notebook-style training.
2,150,128,400,385,original_dense,quantum,1.2361140445328067,92.96875,0.09141875797649845,True,Full dense notebook-style training.
2,150,128,400,385,original_dense,classical,1.3143267768607876,69.53125,0.034360591031145304,True,Full dense notebook-style training.
2,150,128,400,386,original_dense,quantum,1.2361125016453507,92.96875,0.0906959809944965,True,Full dense notebook-style training.
2,150,128,400,386,original_dense,classical,1.3143266561891904,69.53125,0.03341355500742793,True,Full dense notebook-style training.
2,150,128,400,387,original_dense,quantum,1.2361109873909566,92.96875,0.09504393697716296,True,Full dense notebook-style training.
2,150,128,400,387,original_dense,classical,1.314326538012639,69.53125,0.033793515991419554,True,Full dense notebook-style training.
2,150,128,400,388,original_dense,quantum,1.2361095012317072,92.96875,0.0919471780071035,True,Full dense notebook-style training.
2,150,128,400,388,original_dense,classical,1.3143264222791253,69.53125,0.03329718502936885,True,Full dense notebook-style training.
2,150,128,400,389,original_dense,quantum,1.2361080426399587,92.96875,0.09230643097544089,True,Full dense notebook-style training.
2,150,128,400,389,original_dense,classical,1.314326308937732,69.53125,0.033486739033833146,True,Full dense notebook-style training.
2,150,128,400,390,original_dense,quantum,1.2361066110981405,92.96875,0.09246524900663644,True,Full dense notebook-style training.
2,150,128,400,390,original_dense,classical,1.3143261979386132,69.53125,0.033428346971049905,True,Full dense notebook-style training.
2,150,128,400,391,original_dense,quantum,1.2361052060985536,92.96875,0.09183801198378205,True,Full dense notebook-style training.
2,150,128,400,391,original_dense,classical,1.3143260892329758,69.53125,0.03326119901612401,True,Full dense notebook-style training.
2,150,128,400,392,original_dense,quantum,1.236103827143189,92.96875,0.09242647996870801,True,Full dense notebook-style training.
2,150,128,400,392,original_dense,classical,1.3143259827730458,69.53125,0.033291627012658864,True,Full dense notebook-style training.
2,150,128,400,393,original_dense,quantum,1.2361024737435242,92.96875,0.09016557899303734,True,Full dense notebook-style training.
2,150,128,400,393,original_dense,classical,1.314325878512062,69.53125,0.032846884976606816,True,Full dense notebook-style training.
2,150,128,400,394,original_dense,quantum,1.236101145420356,92.96875,0.08972213201923296,True,Full dense notebook-style training.
2,150,128,400,394,original_dense,classical,1.3143257764042402,69.53125,0.032668497995473444,True,Full dense notebook-style training.
2,150,128,400,395,original_dense,quantum,1.2360998417036018,92.96875,0.09061871602898464,True,Full dense notebook-style training.
2,150,128,400,395,original_dense,classical,1.3143256764047604,69.53125,0.03280686103971675,True,Full dense notebook-style training.
2,150,128,400,396,original_dense,quantum,1.2360985621321372,92.96875,0.09134077600901946,True,Full dense notebook-style training.
2,150,128,400,396,original_dense,classical,1.314325578469745,69.53125,0.03263654303736985,True,Full dense notebook-style training.
2,150,128,400,397,original_dense,quantum,1.2360973062536085,92.96875,0.09048526600236073,True,Full dense notebook-style training.
2,150,128,400,397,original_dense,classical,1.3143254825562383,69.53125,0.03326020104577765,True,Full dense notebook-style training.
2,150,128,400,398,original_dense,quantum,1.2360960736242725,92.96875,0.09292088798247278,True,Full dense notebook-style training.
2,150,128,400,398,original_dense,classical,1.3143253886221837,69.53125,0.03289382898947224,True,Full dense notebook-style training.
2,150,128,400,399,original_dense,quantum,1.2360948638088245,92.96875,0.09038809599587694,True,Full dense notebook-style training.
2,150,128,400,399,original_dense,classical,1.3143252966264132,69.53125,0.03323024697601795,True,Full dense notebook-style training.
2,150,128,400,0,penny_exact_aggregate,quantum,1.4798234258000844,42.96875,0.0026492589968256652,True,Exact PennyLane symbolic/CSR path with label aggregation.
2,150,128,400,0,penny_diagonal_fcim,classical,1.342254838393221,64.84375,6.950495298951864e-05,True,Exact diagonal FCIM path; no dense eigendecomposition.
2,150,128,400,1,penny_exact_aggregate,quantum,1.4738132162773183,42.96875,0.0025263390270993114,True,Exact PennyLane symbolic/CSR path with label aggregation.
2,150,128,400,1,penny_diagonal_fcim,classical,1.3415811371874369,64.84375,6.509001832455397e-05,True,Exact diagonal FCIM path; no dense eigendecomposition.
2,150,128,400,2,penny_exact_aggregate,quantum,1.4679503213354412,44.53125,0.002599850995466113,True,Exact PennyLane symbolic/CSR path with label aggregation.
2,150,128,400,2,penny_diagonal_fcim,classical,1.3409242403550392,64.84375,7.283705053851008e-05,True,Exact diagonal FCIM path; no dense eigendecomposition.
2,150,128,400,3,penny_exact_aggregate,quantum,1.4622316000780693,44.53125,0.0025950679555535316,True,Exact PennyLane symbolic/CSR path with label aggregation.
2,150,128,400,3,penny_diagonal_fcim,classical,1.3402837162104944,64.84375,6.69750152155757e-05,True,Exact diagonal FCIM path; no dense eigendecomposition.
2,150,128,400,4,penny_exact_aggregate,quantum,1.4566539411256976,45.3125,0.0024617110029794276,True,Exact PennyLane symbolic/CSR path with label aggregation.
2,150,128,400,4,penny_diagonal_fcim,classical,1.3396591443070245,65.625,6.734597263857722e-05,True,Exact diagonal FCIM path; no dense eigendecomposition.
2,150,128,400,5,penny_exact_aggregate,quantum,1.4512142648859425,46.09375,0.0024707739939913154,True,Exact PennyLane symbolic/CSR path with label aggregation.
2,150,128,400,5,penny_diagonal_fcim,classical,1.3390501151523488,65.625,9.183294605463743e-05,True,Exact diagonal FCIM path; no dense eigendecomposition.
2,150,128,400,6,penny_exact_aggregate,quantum,1.445909525649237,46.875,0.002441778953652829,True,Exact PennyLane symbolic/CSR path with label aggregation.
2,150,128,400,6,penny_diagonal_fcim,classical,1.3384562299306157,65.625,6.824498996138573e-05,True,Exact diagonal FCIM path; no dense eigendecomposition.
2,150,128,400,7,penny_exact_aggregate,quantum,1.4407367135138995,46.875,0.0025923760258592665,True,Exact PennyLane symbolic/CSR path with label aggregation.
2,150,128,400,7,penny_diagonal_fcim,classical,1.337877100230465,65.625,7.278402335941792e-05,True,Exact diagonal FCIM path; no dense eigendecomposition.
2,150,128,400,8,penny_exact_aggregate,quantum,1.435692856144981,48.4375,0.002529046032577753,True,Exact PennyLane symbolic/CSR path with label aggregation.
2,150,128,400,8,penny_diagonal_fcim,classical,1.3373123477791624,65.625,6.367202149704099e-05,True,Exact diagonal FCIM path; no dense eigendecomposition.
2,150,128,400,9,penny_exact_aggregate,quantum,1.4307750203716918,48.4375,0.0024325999547727406,True,Exact PennyLane symbolic/CSR path with label aggregation.
2,150,128,400,9,penny_diagonal_fcim,classical,1.3367616041827328,64.84375,6.0975959058851004e-05,True,Exact diagonal FCIM path; no dense eigendecomposition.
2,150,128,400,10,penny_exact_aggregate,quantum,1.4259803136285676,48.4375,0.002504225994925946,True,Exact PennyLane symbolic/CSR path with label aggregation.
2,150,128,400,10,penny_diagonal_fcim,classical,1.336224510672027,66.40625,6.143399514257908e-05,True,Exact diagonal FCIM path; no dense eigendecomposition.
2,150,128,400,11,penny_exact_aggregate,quantum,1.421305885245801,48.4375,0.00248730304883793,True,Exact PennyLane symbolic/CSR path with label aggregation.
2,150,128,400,11,penny_diagonal_fcim,classical,1.3357007178546374,67.1875,7.42150004953146e-05,True,Exact diagonal FCIM path; no dense eigendecomposition.
2,150,128,400,12,penny_exact_aggregate,quantum,1.4167489275944398,49.21875,0.0026265389751642942,True,Exact PennyLane symbolic/CSR path with label aggregation.
2,150,128,400,12,penny_diagonal_fcim,classical,1.3351898854725912,67.1875,6.918603321537375e-05,True,Exact diagonal FCIM path; no dense eigendecomposition.
2,150,128,400,13,penny_exact_aggregate,quantum,1.4123066770923012,49.21875,0.0025789570063352585,True,Exact PennyLane symbolic/CSR path with label aggregation.
2,150,128,400,13,penny_diagonal_fcim,classical,1.3346916821657282,67.1875,6.444897735491395e-05,True,Exact diagonal FCIM path; no dense eigendecomposition.
2,150,128,400,14,penny_exact_aggregate,quantum,1.4079764150766136,49.21875,0.0024398379609920084,True,Exact PennyLane symbolic/CSR path with label aggregation.
2,150,128,400,14,penny_diagonal_fcim,classical,1.3342057852406874,67.1875,6.073201075196266e-05,True,Exact diagonal FCIM path; no dense eigendecomposition.
2,150,128,400,15,penny_exact_aggregate,quantum,1.4037554685494507,50.0,0.002482594980392605,True,Exact PennyLane symbolic/CSR path with label aggregation.
2,150,128,400,15,penny_diagonal_fcim,classical,1.3337318804454044,67.1875,6.191100692376494e-05,True,Exact diagonal FCIM path; no dense eigendecomposition.
2,150,128,400,16,penny_exact_aggregate,quantum,1.3996412108021326,52.34375,0.002553398022428155,True,Exact PennyLane symbolic/CSR path with label aggregation.
2,150,128,400,16,penny_diagonal_fcim,classical,1.333269661749037,67.1875,7.477804319933057e-05,True,Exact diagonal FCIM path; no dense eigendecomposition.
2,150,128,400,17,penny_exact_aggregate,quantum,1.3956310619247336,53.90625,0.002631284005474299,True,Exact PennyLane symbolic/CSR path with label aggregation.
2,150,128,400,17,penny_diagonal_fcim,classical,1.33281883112722,67.1875,6.520701572299004e-05,True,Exact diagonal FCIM path; no dense eigendecomposition.
2,150,128,400,18,penny_exact_aggregate,quantum,1.3917224892068178,54.6875,0.0024683899828232825,True,Exact PennyLane symbolic/CSR path with label aggregation.
2,150,128,400,18,penny_diagonal_fcim,classical,1.3323790983525623,67.1875,6.185803795233369e-05,True,Exact diagonal FCIM path; no dense eigendecomposition.
2,150,128,400,19,penny_exact_aggregate,quantum,1.387913007435515,55.46875,0.002451324020512402,True,Exact PennyLane symbolic/CSR path with label aggregation.
2,150,128,400,19,penny_diagonal_fcim,classical,1.3319501807902865,67.1875,6.26110122539103e-05,True,Exact diagonal FCIM path; no dense eigendecomposition.
2,150,128,400,20,penny_exact_aggregate,quantum,1.3842001790969238,55.46875,0.002521588990930468,True,Exact PennyLane symbolic/CSR path with label aggregation.
2,150,128,400,20,penny_diagonal_fcim,classical,1.3315318031989165,67.1875,7.433304563164711e-05,True,Exact diagonal FCIM path; no dense eigendecomposition.
2,150,128,400,21,penny_exact_aggregate,quantum,1.3805816144867575,57.03125,0.002625629014801234,True,Exact PennyLane symbolic/CSR path with label aggregation.
2,150,128,400,21,penny_diagonal_fcim,classical,1.3311236975359202,67.1875,7.216102676466107e-05,True,Exact diagonal FCIM path; no dense eigendecomposition.
2,150,128,400,22,penny_exact_aggregate,quantum,1.3770549717360072,58.59375,0.002548091986682266,True,Exact PennyLane symbolic/CSR path with label aggregation.
2,150,128,400,22,penny_diagonal_fcim,classical,1.3307256027682064,67.1875,6.217497866600752e-05,True,Exact diagonal FCIM path; no dense eigendecomposition.
2,150,128,400,23,penny_exact_aggregate,quantum,1.3736179567572828,58.59375,0.0024943750468082726,True,Exact PennyLane symbolic/CSR path with label aggregation.
2,150,128,400,23,penny_diagonal_fcim,classical,1.3303372646873823,67.1875,7.149297744035721e-05,True,Exact diagonal FCIM path; no dense eigendecomposition.
2,150,128,400,24,penny_exact_aggregate,quantum,1.370268323117295,58.59375,0.002478150010574609,True,Exact PennyLane symbolic/CSR path with label aggregation.
2,150,128,400,24,penny_diagonal_fcim,classical,1.3299584357296728,67.1875,6.116594886407256e-05,True,Exact diagonal FCIM path; no dense eigendecomposition.
2,150,128,400,25,penny_exact_aggregate,quantum,1.3670038718408208,59.375,0.002494584012310952,True,Exact PennyLane symbolic/CSR path with label aggregation.
2,150,128,400,25,penny_diagonal_fcim,classical,1.3295888748004079,67.96875,7.251399802044034e-05,True,Exact diagonal FCIM path; no dense eigendecomposition.
2,150,128,400,26,penny_exact_aggregate,quantum,1.3638224511512917,60.15625,0.0026527359732426703,True,Exact PennyLane symbolic/CSR path with label aggregation.
2,150,128,400,26,penny_diagonal_fcim,classical,1.3292283471029793,67.1875,7.064000237733126e-05,True,Exact diagonal FCIM path; no dense eigendecomposition.
2,150,128,400,27,penny_exact_aggregate,quantum,1.360721956152943,61.71875,0.0025271130143664777,True,Exact PennyLane symbolic/CSR path with label aggregation.
2,150,128,400,27,penny_diagonal_fcim,classical,1.3288766239721712,67.1875,6.285804556682706e-05,True,Exact diagonal FCIM path; no dense eigendecomposition.
2,150,128,400,28,penny_exact_aggregate,quantum,1.3577003284593006,64.0625,0.002478102978784591,True,Exact PennyLane symbolic/CSR path with label aggregation.
2,150,128,400,28,penny_diagonal_fcim,classical,1.3285334827117727,67.1875,6.281601963564754e-05,True,Exact diagonal FCIM path; no dense eigendecomposition.
2,150,128,400,29,penny_exact_aggregate,quantum,1.35475555577258,65.625,0.002475550980307162,True,Exact PennyLane symbolic/CSR path with label aggregation.
2,150,128,400,29,penny_diagonal_fcim,classical,1.3281987064363725,67.1875,6.182101787999272e-05,True,Exact diagonal FCIM path; no dense eigendecomposition.
2,150,128,400,30,penny_exact_aggregate,quantum,1.351885671418323,66.40625,0.002530020021367818,True,Exact PennyLane symbolic/CSR path with label aggregation.
2,150,128,400,30,penny_diagonal_fcim,classical,1.3278720839172493,67.1875,9.017100092023611e-05,True,Exact diagonal FCIM path; no dense eigendecomposition.
2,150,128,400,31,penny_exact_aggregate,quantum,1.3490887538394873,67.1875,0.00256364798406139,True,Exact PennyLane symbolic/CSR path with label aggregation.
2,150,128,400,31,penny_diagonal_fcim,classical,1.3275534094322579,67.1875,6.356602534651756e-05,True,Exact diagonal FCIM path; no dense eigendecomposition.
2,150,128,400,32,penny_exact_aggregate,quantum,1.3463629260539063,67.96875,0.002500863978639245,True,Exact PennyLane symbolic/CSR path with label aggregation.
2,150,128,400,32,penny_diagonal_fcim,classical,1.3272424826196252,67.1875,6.227899575605989e-05,True,Exact diagonal FCIM path; no dense eigendecomposition.
2,150,128,400,33,penny_exact_aggregate,quantum,1.3437063550789003,68.75,0.0026036500348709524,True,Exact PennyLane symbolic/CSR path with label aggregation.
2,150,128,400,33,penny_diagonal_fcim,classical,1.3269391083355644,67.1875,6.217800546437502e-05,True,Exact diagonal FCIM path; no dense eigendecomposition.
2,150,128,400,34,penny_exact_aggregate,quantum,1.3411172513265954,70.3125,0.0024817559751681983,True,Exact PennyLane symbolic/CSR path with label aggregation.
2,150,128,400,34,penny_diagonal_fcim,classical,1.326643096515616,67.1875,7.149099837988615e-05,True,Exact diagonal FCIM path; no dense eigendecomposition.
2,150,128,400,35,penny_exact_aggregate,quantum,1.3385938679733176,71.09375,0.002665495965629816,True,Exact PennyLane symbolic/CSR path with label aggregation.
2,150,128,400,35,penny_diagonal_fcim,classical,1.3263542620396294,67.1875,7.156096398830414e-05,True,Exact diagonal FCIM path; no dense eigendecomposition.
2,150,128,400,36,penny_exact_aggregate,quantum,1.3361345003062386,71.875,0.002507937024347484,True,Exact PennyLane symbolic/CSR path with label aggregation.
2,150,128,400,36,penny_diagonal_fcim,classical,1.3260724246002977,67.1875,6.316503277048469e-05,True,Exact diagonal FCIM path; no dense eigendecomposition.
2,150,128,400,37,penny_exact_aggregate,quantum,1.3337374850502526,71.875,0.0024903270532377064,True,Exact PennyLane symbolic/CSR path with label aggregation.
2,150,128,400,37,penny_diagonal_fcim,classical,1.3257974085751623,67.1875,6.051204400137067e-05,True,Exact diagonal FCIM path; no dense eigendecomposition.
2,150,128,400,38,penny_exact_aggregate,quantum,1.3314011996778938,72.65625,0.0024715549661777914,True,Exact PennyLane symbolic/CSR path with label aggregation.
2,150,128,400,38,penny_diagonal_fcim,classical,1.325529042901999,67.1875,6.066198693588376e-05,True,Exact diagonal FCIM path; no dense eigendecomposition.
2,150,128,400,39,penny_exact_aggregate,quantum,1.3291240617049245,72.65625,0.002507360011804849,True,Exact PennyLane symbolic/CSR path with label aggregation.
2,150,128,400,39,penny_diagonal_fcim,classical,1.3252671609575093,67.1875,7.391301915049553e-05,True,Exact diagonal FCIM path; no dense eigendecomposition.
2,150,128,400,40,penny_exact_aggregate,quantum,1.3269045279740495,72.65625,0.0027055880054831505,True,Exact PennyLane symbolic/CSR path with label aggregation.
2,150,128,400,40,penny_diagonal_fcim,classical,1.3250116004392263,67.1875,7.224897854030132e-05,True,Exact diagonal FCIM path; no dense eigendecomposition.
2,150,128,400,41,penny_exact_aggregate,quantum,1.3247410939290414,72.65625,0.002517326967790723,True,Exact PennyLane symbolic/CSR path with label aggregation.
2,150,128,400,41,penny_diagonal_fcim,classical,1.324762203250567,67.1875,6.493600085377693e-05,True,Exact diagonal FCIM path; no dense eigendecomposition.
2,150,128,400,42,penny_exact_aggregate,quantum,1.3226322928814231,72.65625,0.0025007890071719885,True,Exact PennyLane symbolic/CSR path with label aggregation.
2,150,128,400,42,penny_diagonal_fcim,classical,1.3245188153889436,67.1875,7.030199049040675e-05,True,Exact diagonal FCIM path; no dense eigendecomposition.
2,150,128,400,43,penny_exact_aggregate,quantum,1.3205766952716713,73.4375,0.002577901992481202,True,Exact PennyLane symbolic/CSR path with label aggregation.
2,150,128,400,43,penny_diagonal_fcim,classical,1.3242812868368588,67.1875,6.978499004617333e-05,True,Exact diagonal FCIM path; no dense eigendecomposition.
2,150,128,400,44,penny_exact_aggregate,quantum,1.3185729079267934,73.4375,0.002579334017354995,True,Exact PennyLane symbolic/CSR path with label aggregation.
2,150,128,400,44,penny_diagonal_fcim,classical,1.3240494714559152,67.1875,7.38929957151413e-05,True,Exact diagonal FCIM path; no dense eigendecomposition.
2,150,128,400,45,penny_exact_aggregate,quantum,1.3166195733159594,73.4375,0.002529076999053359,True,Exact PennyLane symbolic/CSR path with label aggregation.
2,150,128,400,45,penny_diagonal_fcim,classical,1.3238232268836563,67.1875,6.234599277377129e-05,True,Exact diagonal FCIM path; no dense eigendecomposition.
2,150,128,400,46,penny_exact_aggregate,quantum,1.3147153688057642,73.4375,0.002480117022059858,True,Exact PennyLane symbolic/CSR path with label aggregation.
2,150,128,400,46,penny_diagonal_fcim,classical,1.3236024144331737,67.1875,6.098399171605706e-05,True,Exact diagonal FCIM path; no dense eigendecomposition.
2,150,128,400,47,penny_exact_aggregate,quantum,1.3128590059165428,74.21875,0.00265145197045058,True,Exact PennyLane symbolic/CSR path with label aggregation.
2,150,128,400,47,penny_diagonal_fcim,classical,1.323386898995407,67.1875,6.154796574264765e-05,True,Exact diagonal FCIM path; no dense eigendecomposition.
2,150,128,400,48,penny_exact_aggregate,quantum,1.311049229581073,74.21875,0.002509318001102656,True,Exact PennyLane symbolic/CSR path with label aggregation.
2,150,128,400,48,penny_diagonal_fcim,classical,1.3231765489440657,67.1875,8.585897739976645e-05,True,Exact diagonal FCIM path; no dense eigendecomposition.
2,150,128,400,49,penny_exact_aggregate,quantum,1.309284817406851,74.21875,0.0025905599468387663,True,Exact PennyLane symbolic/CSR path with label aggregation.
2,150,128,400,49,penny_diagonal_fcim,classical,1.322971236043109,67.1875,6.861402653157711e-05,True,Exact diagonal FCIM path; no dense eigendecomposition.
2,150,128,400,50,penny_exact_aggregate,quantum,1.3075645789430586,75.0,0.002911232993938029,True,Exact PennyLane symbolic/CSR path with label aggregation.
2,150,128,400,50,penny_diagonal_fcim,classical,1.3227708353567111,67.1875,6.558600580319762e-05,True,Exact diagonal FCIM path; no dense eigendecomposition.
2,150,128,400,51,penny_exact_aggregate,quantum,1.305887354953199,75.78125,0.002495441003702581,True,Exact PennyLane symbolic/CSR path with label aggregation.
2,150,128,400,51,penny_diagonal_fcim,classical,1.3225752251616547,67.1875,6.141496123746037e-05,True,Exact diagonal FCIM path; no dense eigendecomposition.
2,150,128,400,52,penny_exact_aggregate,quantum,1.3042520166943115,76.5625,0.0025144870160147548,True,Exact PennyLane symbolic/CSR path with label aggregation.
2,150,128,400,52,penny_diagonal_fcim,classical,1.322384286862082,67.1875,6.154295988380909e-05,True,Exact diagonal FCIM path; no dense eigendecomposition.
2,150,128,400,53,penny_exact_aggregate,quantum,1.3026574652035703,77.34375,0.002625714987516403,True,Exact PennyLane symbolic/CSR path with label aggregation.
2,150,128,400,53,penny_diagonal_fcim,classical,1.3221979049065467,67.1875,7.134402403607965e-05,True,Exact diagonal FCIM path; no dense eigendecomposition.
2,150,128,400,54,penny_exact_aggregate,quantum,1.3011026305930078,77.34375,0.0026660439907573164,True,Exact PennyLane symbolic/CSR path with label aggregation.
2,150,128,400,54,penny_diagonal_fcim,classical,1.3220159667073006,67.1875,6.327801384031773e-05,True,Exact diagonal FCIM path; no dense eigendecomposition.
2,150,128,400,55,penny_exact_aggregate,quantum,1.2995864713529934,78.125,0.0025019259774126112,True,Exact PennyLane symbolic/CSR path with label aggregation.
2,150,128,400,55,penny_diagonal_fcim,classical,1.321838362561763,67.1875,6.201094947755337e-05,True,Exact diagonal FCIM path; no dense eigendecomposition.
2,150,128,400,56,penny_exact_aggregate,quantum,1.2981079736650618,78.125,0.002501946990378201,True,Exact PennyLane symbolic/CSR path with label aggregation.
2,150,128,400,56,penny_diagonal_fcim,classical,1.321664985576109,67.1875,6.203498924151063e-05,True,Exact diagonal FCIM path; no dense eigendecomposition.
2,150,128,400,57,penny_exact_aggregate,quantum,1.2966661507245762,78.90625,0.0024928839993663132,True,Exact PennyLane symbolic/CSR path with label aggregation.
2,150,128,400,57,penny_diagonal_fcim,classical,1.321495731590921,67.1875,7.241999264806509e-05,True,Exact diagonal FCIM path; no dense eigendecomposition.
2,150,128,400,58,penny_exact_aggregate,quantum,1.2952600420736882,79.6875,0.002583377994596958,True,Exact PennyLane symbolic/CSR path with label aggregation.
2,150,128,400,58,penny_diagonal_fcim,classical,1.3213304991088521,67.1875,6.938702426850796e-05,True,Exact diagonal FCIM path; no dense eigendecomposition.
2,150,128,400,59,penny_exact_aggregate,quantum,1.2938887129449665,80.46875,0.0025514180306345224,True,Exact PennyLane symbolic/CSR path with label aggregation.
2,150,128,400,59,penny_diagonal_fcim,classical,1.3211691892242443,67.1875,6.414600647985935e-05,True,Exact diagonal FCIM path; no dense eigendecomposition.
2,150,128,400,60,penny_exact_aggregate,quantum,1.2925512536160215,81.25,0.002808857010677457,True,Exact PennyLane symbolic/CSR path with label aggregation.
2,150,128,400,60,penny_diagonal_fcim,classical,1.321011705554648,67.1875,6.458297139033675e-05,True,Exact diagonal FCIM path; no dense eigendecomposition.
2,150,128,400,61,penny_exact_aggregate,quantum,1.2912467787754134,82.03125,0.003947008983232081,True,Exact PennyLane symbolic/CSR path with label aggregation.
2,150,128,400,61,penny_diagonal_fcim,classical,1.3208579541741963,67.1875,7.330300286412239e-05,True,Exact diagonal FCIM path; no dense eigendecomposition.
2,150,128,400,62,penny_exact_aggregate,quantum,1.2899744269000506,81.25,0.002640224003698677,True,Exact PennyLane symbolic/CSR path with label aggregation.
2,150,128,400,62,penny_diagonal_fcim,classical,1.3207078435487807,67.1875,6.867398042231798e-05,True,Exact diagonal FCIM path; no dense eigendecomposition.
2,150,128,400,63,penny_exact_aggregate,quantum,1.2887333596442883,82.03125,0.002518083027098328,True,Exact PennyLane symbolic/CSR path with label aggregation.
2,150,128,400,63,penny_diagonal_fcim,classical,1.3205612844729786,67.96875,6.242701783776283e-05,True,Exact diagonal FCIM path; no dense eigendecomposition.
2,150,128,400,64,penny_exact_aggregate,quantum,1.287522761240853,82.03125,0.002502844959963113,True,Exact PennyLane symbolic/CSR path with label aggregation.
2,150,128,400,64,penny_diagonal_fcim,classical,1.3204181900086895,67.96875,6.261002272367477e-05,True,Exact diagonal FCIM path; no dense eigendecomposition.
2,150,128,400,65,penny_exact_aggregate,quantum,1.2863418379137102,83.59375,0.002546532021369785,True,Exact PennyLane symbolic/CSR path with label aggregation.
2,150,128,400,65,penny_diagonal_fcim,classical,1.3202784754254293,67.96875,6.10299757681787e-05,True,Exact diagonal FCIM path; no dense eigendecomposition.
2,150,128,400,66,penny_exact_aggregate,quantum,1.28518981730294,83.59375,0.002556797000579536,True,Exact PennyLane symbolic/CSR path with label aggregation.
2,150,128,400,66,penny_diagonal_fcim,classical,1.32014205814224,67.96875,6.922701140865684e-05,True,Exact diagonal FCIM path; no dense eigendecomposition.
2,150,128,400,67,penny_exact_aggregate,quantum,1.2840659479016683,84.375,0.003169311035890132,True,Exact PennyLane symbolic/CSR path with label aggregation.
2,150,128,400,67,penny_diagonal_fcim,classical,1.3200088576711713,67.96875,6.43740058876574e-05,True,Exact diagonal FCIM path; no dense eigendecomposition.
2,150,128,400,68,penny_exact_aggregate,quantum,1.2829694985050675,84.375,0.002503925992641598,True,Exact PennyLane symbolic/CSR path with label aggregation.
2,150,128,400,68,penny_diagonal_fcim,classical,1.3198787955622895,67.96875,6.206100806593895e-05,True,Exact diagonal FCIM path; no dense eigendecomposition.
2,150,128,400,69,penny_exact_aggregate,quantum,1.2818997576714062,84.375,0.0024659709888510406,True,Exact PennyLane symbolic/CSR path with label aggregation.
2,150,128,400,69,penny_diagonal_fcim,classical,1.3197517953501732,67.96875,6.110902177169919e-05,True,Exact diagonal FCIM path; no dense eigendecomposition.
2,150,128,400,70,penny_exact_aggregate,quantum,1.2808560331951182,84.375,0.0025011160178110003,True,Exact PennyLane symbolic/CSR path with label aggregation.
2,150,128,400,70,penny_diagonal_fcim,classical,1.3196277825018554,67.96875,7.103703683242202e-05,True,Exact diagonal FCIM path; no dense eigendecomposition.
2,150,128,400,71,penny_exact_aggregate,quantum,1.2798376515918293,84.375,0.002630439994391054,True,Exact PennyLane symbolic/CSR path with label aggregation.
2,150,128,400,71,penny_diagonal_fcim,classical,1.3195066843661731,67.96875,7.025001104921103e-05,True,Exact diagonal FCIM path; no dense eigendecomposition.
2,150,128,400,72,penny_exact_aggregate,quantum,1.2788439575952621,84.375,0.0025120569625869393,True,Exact PennyLane symbolic/CSR path with label aggregation.
2,150,128,400,72,penny_diagonal_fcim,classical,1.319388430124484,67.96875,6.112596020102501e-05,True,Exact diagonal FCIM path; no dense eigendecomposition.
2,150,128,400,73,penny_exact_aggregate,quantum,1.2778743136659254,84.375,0.002664175000973046,True,Exact PennyLane symbolic/CSR path with label aggregation.
2,150,128,400,73,penny_diagonal_fcim,classical,1.3192729507427137,67.96875,6.339099491015077e-05,True,Exact diagonal FCIM path; no dense eigendecomposition.
2,150,128,400,74,penny_exact_aggregate,quantum,1.2769280995114813,84.375,0.0025229640305042267,True,Exact PennyLane symbolic/CSR path with label aggregation.
2,150,128,400,74,penny_diagonal_fcim,classical,1.3191601789246992,67.96875,6.144901271909475e-05,True,Exact diagonal FCIM path; no dense eigendecomposition.
2,150,128,400,75,penny_exact_aggregate,quantum,1.2760047116186595,84.375,0.0025124410167336464,True,Exact PennyLane symbolic/CSR path with label aggregation.
2,150,128,400,75,penny_diagonal_fcim,classical,1.3190500490667896,67.96875,6.816600216552615e-05,True,Exact diagonal FCIM path; no dense eigendecomposition.
2,150,128,400,76,penny_exact_aggregate,quantum,1.275103562796573,84.375,0.002594578021671623,True,Exact PennyLane symbolic/CSR path with label aggregation.
2,150,128,400,76,penny_diagonal_fcim,classical,1.3189424972136718,67.96875,6.737402873113751e-05,True,Exact diagonal FCIM path; no dense eigendecomposition.
2,150,128,400,77,penny_exact_aggregate,quantum,1.274224081731311,85.15625,0.002570327022112906,True,Exact PennyLane symbolic/CSR path with label aggregation.
2,150,128,400,77,penny_diagonal_fcim,classical,1.3188374610153883,67.96875,6.450299406424165e-05,True,Exact diagonal FCIM path; no dense eigendecomposition.
2,150,128,400,78,penny_exact_aggregate,quantum,1.2733657125516262,85.9375,0.0024908860214054585,True,Exact PennyLane symbolic/CSR path with label aggregation.
2,150,128,400,78,penny_diagonal_fcim,classical,1.3187348796855103,67.96875,6.0259015299379826e-05,True,Exact diagonal FCIM path; no dense eigendecomposition.
2,150,128,400,79,penny_exact_aggregate,quantum,1.2725279144055568,85.9375,0.002489933045580983,True,Exact PennyLane symbolic/CSR path with label aggregation.
2,150,128,400,79,penny_diagonal_fcim,classical,1.3186346939604405,67.96875,6.337004015222192e-05,True,Exact diagonal FCIM path; no dense eigendecomposition.
2,150,128,400,80,penny_exact_aggregate,quantum,1.27171016104782,85.9375,0.0027172130066901445,True,Exact PennyLane symbolic/CSR path with label aggregation.
2,150,128,400,80,penny_diagonal_fcim,classical,1.318536846059809,67.96875,7.987901335582137e-05,True,Exact diagonal FCIM path; no dense eigendecomposition.
2,150,128,400,81,penny_exact_aggregate,quantum,1.2709119404377813,85.15625,0.002788365993183106,True,Exact PennyLane symbolic/CSR path with label aggregation.
2,150,128,400,81,penny_diagonal_fcim,classical,1.3184412796479354,68.75,6.745400605723262e-05,True,Exact diagonal FCIM path; no dense eigendecomposition.
2,150,128,400,82,penny_exact_aggregate,quantum,1.2701327543478258,84.375,0.0024942049640230834,True,Exact PennyLane symbolic/CSR path with label aggregation.
2,150,128,400,82,penny_diagonal_fcim,classical,1.3183479397963271,68.75,6.128899985924363e-05,True,Exact diagonal FCIM path; no dense eigendecomposition.
2,150,128,400,83,penny_exact_aggregate,quantum,1.269372117981928,84.375,0.00249065097887069,True,Exact PennyLane symbolic/CSR path with label aggregation.
2,150,128,400,83,penny_diagonal_fcim,classical,1.3182567729471864,68.75,6.165902595967054e-05,True,Exact diagonal FCIM path; no dense eigendecomposition.
2,150,128,400,84,penny_exact_aggregate,quantum,1.2686295596042445,84.375,0.002601485000923276,True,Exact PennyLane symbolic/CSR path with label aggregation.
2,150,128,400,84,penny_diagonal_fcim,classical,1.3181677268778933,68.75,7.084303069859743e-05,True,Exact diagonal FCIM path; no dense eigendecomposition.
2,150,128,400,85,penny_exact_aggregate,quantum,1.267904620177525,84.375,0.0026188920019194484,True,Exact PennyLane symbolic/CSR path with label aggregation.
2,150,128,400,85,penny_diagonal_fcim,classical,1.318080750666447,68.75,6.90630404278636e-05,True,Exact diagonal FCIM path; no dense eigendecomposition.
2,150,128,400,86,penny_exact_aggregate,quantum,1.2671968530111268,84.375,0.0025346140027977526,True,Exact PennyLane symbolic/CSR path with label aggregation.
2,150,128,400,86,penny_diagonal_fcim,classical,1.3179957946578296,68.75,6.190699059516191e-05,True,Exact diagonal FCIM path; no dense eigendecomposition.
2,150,128,400,87,penny_exact_aggregate,quantum,1.266505823418471,84.375,0.0026630040374584496,True,Exact PennyLane symbolic/CSR path with label aggregation.
2,150,128,400,87,penny_diagonal_fcim,classical,1.3179128104312734,68.75,6.125704385340214e-05,True,Exact diagonal FCIM path; no dense eigendecomposition.
2,150,128,400,88,penny_exact_aggregate,quantum,1.2658311083836975,84.375,0.002488628961145878,True,Exact PennyLane symbolic/CSR path with label aggregation.
2,150,128,400,88,penny_diagonal_fcim,classical,1.317831750768404,69.53125,7.316900882869959e-05,True,Exact diagonal FCIM path; no dense eigendecomposition.
2,150,128,400,89,penny_exact_aggregate,quantum,1.2651722962373477,84.375,0.002584344008937478,True,Exact PennyLane symbolic/CSR path with label aggregation.
2,150,128,400,89,penny_diagonal_fcim,classical,1.3177525696222359,69.53125,7.046898826956749e-05,True,Exact diagonal FCIM path; no dense eigendecomposition.
2,150,128,400,90,penny_exact_aggregate,quantum,1.2645289863408684,84.375,0.002588863018900156,True,Exact PennyLane symbolic/CSR path with label aggregation.
2,150,128,400,90,penny_diagonal_fcim,classical,1.3176752220869963,69.53125,6.47979904897511e-05,True,Exact diagonal FCIM path; no dense eigendecomposition.
2,150,128,400,91,penny_exact_aggregate,quantum,1.263900788779712,84.375,0.0025161170051433146,True,Exact PennyLane symbolic/CSR path with label aggregation.
2,150,128,400,91,penny_diagonal_fcim,classical,1.3175996643687564,69.53125,6.237695924937725e-05,True,Exact diagonal FCIM path; no dense eigendecomposition.
2,150,128,400,92,penny_exact_aggregate,quantum,1.263287324064881,84.375,0.002492836967576295,True,Exact PennyLane symbolic/CSR path with label aggregation.
2,150,128,400,92,penny_diagonal_fcim,classical,1.3175258537568464,69.53125,6.0886028222739697e-05,True,Exact diagonal FCIM path; no dense eigendecomposition.
2,150,128,400,93,penny_exact_aggregate,quantum,1.2626882228426672,85.15625,0.002475351036991924,True,Exact PennyLane symbolic/CSR path with label aggregation.
2,150,128,400,93,penny_diagonal_fcim,classical,1.3174537485960311,69.53125,7.984600961208344e-05,True,Exact diagonal FCIM path; no dense eigendecomposition.
2,150,128,400,94,penny_exact_aggregate,quantum,1.262103125612425,86.71875,0.002571767952758819,True,Exact PennyLane symbolic/CSR path with label aggregation.
2,150,128,400,94,penny_diagonal_fcim,classical,1.31738330825943,69.53125,0.00011534197255969048,True,Exact diagonal FCIM path; no dense eigendecomposition.
2,150,128,400,95,penny_exact_aggregate,quantum,1.2615316824521732,86.71875,0.0026112119667232037,True,Exact PennyLane symbolic/CSR path with label aggregation.
2,150,128,400,95,penny_diagonal_fcim,classical,1.3173144931221559,69.53125,6.246002158150077e-05,True,Exact diagonal FCIM path; no dense eigendecomposition.
2,150,128,400,96,penny_exact_aggregate,quantum,1.2609735527518224,86.71875,0.0024770789896138012,True,Exact PennyLane symbolic/CSR path with label aggregation.
2,150,128,400,96,penny_diagonal_fcim,classical,1.317247264535657,69.53125,6.0933991335332394e-05,True,Exact diagonal FCIM path; no dense eigendecomposition.
2,150,128,400,97,penny_exact_aggregate,quantum,1.260428404953853,86.71875,0.002522333001252264,True,Exact PennyLane symbolic/CSR path with label aggregation.
2,150,128,400,97,penny_diagonal_fcim,classical,1.3171815848027382,69.53125,6.168300751596689e-05,True,Exact diagonal FCIM path; no dense eigendecomposition.
2,150,128,400,98,penny_exact_aggregate,quantum,1.2598959163012557,86.71875,0.002562136040069163,True,Exact PennyLane symbolic/CSR path with label aggregation.
2,150,128,400,98,penny_diagonal_fcim,classical,1.3171174171532507,69.53125,6.60410150885582e-05,True,Exact diagonal FCIM path; no dense eigendecomposition.
2,150,128,400,99,penny_exact_aggregate,quantum,1.2593757725925294,86.71875,0.002610641997307539,True,Exact PennyLane symbolic/CSR path with label aggregation.
2,150,128,400,99,penny_diagonal_fcim,classical,1.3170547257204208,69.53125,6.936799036338925e-05,True,Exact diagonal FCIM path; no dense eigendecomposition.
2,150,128,400,100,penny_exact_aggregate,quantum,1.2588676679435804,86.71875,0.002532094018533826,True,Exact PennyLane symbolic/CSR path with label aggregation.
2,150,128,400,100,penny_diagonal_fcim,classical,1.3169934755178105,69.53125,6.402499275282025e-05,True,Exact diagonal FCIM path; no dense eigendecomposition.
2,150,128,400,101,penny_exact_aggregate,quantum,1.2583713045563287,86.71875,0.0025116579490713775,True,Exact PennyLane symbolic/CSR path with label aggregation.
2,150,128,400,101,penny_diagonal_fcim,classical,1.316933632416887,69.53125,7.232598727568984e-05,True,Exact diagonal FCIM path; no dense eigendecomposition.
2,150,128,400,102,penny_exact_aggregate,quantum,1.2578863924938497,86.71875,0.002457057998981327,True,Exact PennyLane symbolic/CSR path with label aggregation.
2,150,128,400,102,penny_diagonal_fcim,classical,1.3168751631251854,69.53125,6.222299998626113e-05,True,Exact diagonal FCIM path; no dense eigendecomposition.
2,150,128,400,103,penny_exact_aggregate,quantum,1.2574126494618734,86.71875,0.0025613080360926688,True,Exact PennyLane symbolic/CSR path with label aggregation.
2,150,128,400,103,penny_diagonal_fcim,classical,1.31681803516505,69.53125,7.114000618457794e-05,True,Exact diagonal FCIM path; no dense eigendecomposition.
2,150,128,400,104,penny_exact_aggregate,quantum,1.2569498005964783,86.71875,0.002587718016002327,True,Exact PennyLane symbolic/CSR path with label aggregation.
2,150,128,400,104,penny_diagonal_fcim,classical,1.3167622168529358,69.53125,6.492697866633534e-05,True,Exact diagonal FCIM path; no dense eigendecomposition.
2,150,128,400,105,penny_exact_aggregate,quantum,1.256497578257814,86.71875,0.0025072699645534158,True,Exact PennyLane symbolic/CSR path with label aggregation.
2,150,128,400,105,penny_diagonal_fcim,classical,1.3167076772792576,69.53125,6.098597077652812e-05,True,Exact diagonal FCIM path; no dense eigendecomposition.
2,150,128,400,106,penny_exact_aggregate,quantum,1.25605572182968,86.71875,0.0024791249888949096,True,Exact PennyLane symbolic/CSR path with label aggregation.
2,150,128,400,106,penny_diagonal_fcim,classical,1.3166543862887683,69.53125,6.076000863686204e-05,True,Exact diagonal FCIM path; no dense eigendecomposition.
2,150,128,400,107,penny_exact_aggregate,quantum,1.2556239775248115,86.71875,0.0025142839876934886,True,Exact PennyLane symbolic/CSR path with label aggregation.
2,150,128,400,107,penny_diagonal_fcim,classical,1.3166023144614565,69.53125,6.826198659837246e-05,True,Exact diagonal FCIM path; no dense eigendecomposition.
2,150,128,400,108,penny_exact_aggregate,quantum,1.2552020981957095,87.5,0.002622361993417144,True,Exact PennyLane symbolic/CSR path with label aggregation.
2,150,128,400,108,penny_diagonal_fcim,classical,1.3165514330939454,69.53125,7.405196083709598e-05,True,Exact diagonal FCIM path; no dense eigendecomposition.
2,150,128,400,109,penny_exact_aggregate,quantum,1.2547898431508666,87.5,0.0025818159920163453,True,Exact PennyLane symbolic/CSR path with label aggregation.
2,150,128,400,109,penny_diagonal_fcim,classical,1.3165017141813808,69.53125,7.503695087507367e-05,True,Exact diagonal FCIM path; no dense eigendecomposition.
2,150,128,400,110,penny_exact_aggregate,quantum,1.2543869779762375,87.5,0.0024884839658625424,True,Exact PennyLane symbolic/CSR path with label aggregation.
2,150,128,400,110,penny_diagonal_fcim,classical,1.3164531303997955,69.53125,6.134004797786474e-05,True,Exact diagonal FCIM path; no dense eigendecomposition.
2,150,128,400,111,penny_exact_aggregate,quantum,1.2539932743618027,87.5,0.0025462149642407894,True,Exact PennyLane symbolic/CSR path with label aggregation.
2,150,128,400,111,penny_diagonal_fcim,classical,1.3164056550889347,69.53125,6.0779042541980743e-05,True,Exact diagonal FCIM path; no dense eigendecomposition.
2,150,128,400,112,penny_exact_aggregate,quantum,1.2536085099330976,87.5,0.0027336659841239452,True,Exact PennyLane symbolic/CSR path with label aggregation.
2,150,128,400,112,penny_diagonal_fcim,classical,1.316359262235534,69.53125,8.313899161294103e-05,True,Exact diagonal FCIM path; no dense eigendecomposition.
2,150,128,400,113,penny_exact_aggregate,quantum,1.2532324680875484,87.5,0.0028770090430043638,True,Exact PennyLane symbolic/CSR path with label aggregation.
2,150,128,400,113,penny_diagonal_fcim,classical,1.316313926457033,69.53125,6.392603972926736e-05,True,Exact diagonal FCIM path; no dense eigendecomposition.
2,150,128,400,114,penny_exact_aggregate,quantum,1.2528649378354946,87.5,0.002643749990966171,True,Exact PennyLane symbolic/CSR path with label aggregation.
2,150,128,400,114,penny_diagonal_fcim,classical,1.3162696229857165,69.53125,6.182899232953787e-05,True,Exact diagonal FCIM path; no dense eigendecomposition.
2,150,128,400,115,penny_exact_aggregate,quantum,1.2525057136457605,87.5,0.002489389036782086,True,Exact PennyLane symbolic/CSR path with label aggregation.
2,150,128,400,115,penny_diagonal_fcim,classical,1.3162263276532697,69.53125,6.0730031691491604e-05,True,Exact diagonal FCIM path; no dense eigendecomposition.
2,150,128,400,116,penny_exact_aggregate,quantum,1.2521545952956386,87.5,0.0026593109942041337,True,Exact PennyLane symbolic/CSR path with label aggregation.
2,150,128,400,116,penny_diagonal_fcim,classical,1.3161840168757357,69.53125,6.86009880155325e-05,True,Exact diagonal FCIM path; no dense eigendecomposition.
2,150,128,400,117,penny_exact_aggregate,quantum,1.2518113877251782,87.5,0.002688170992769301,True,Exact PennyLane symbolic/CSR path with label aggregation.
2,150,128,400,117,penny_diagonal_fcim,classical,1.3161426676388668,69.53125,7.012201240286231e-05,True,Exact diagonal FCIM path; no dense eigendecomposition.
2,150,128,400,118,penny_exact_aggregate,quantum,1.2514759008956333,87.5,0.0030837100348435342,True,Exact PennyLane symbolic/CSR path with label aggregation.
2,150,128,400,118,penny_diagonal_fcim,classical,1.3161022574838563,69.53125,6.438896525651217e-05,True,Exact diagonal FCIM path; no dense eigendecomposition.
2,150,128,400,119,penny_exact_aggregate,quantum,1.2511479496519677,88.28125,0.0025062020285986364,True,Exact PennyLane symbolic/CSR path with label aggregation.
2,150,128,400,119,penny_diagonal_fcim,classical,1.3160627644934433,69.53125,6.185297388583422e-05,True,Exact diagonal FCIM path; no dense eigendecomposition.
2,150,128,400,120,penny_exact_aggregate,quantum,1.2508273535892942,89.84375,0.0024868890177458525,True,Exact PennyLane symbolic/CSR path with label aggregation.
2,150,128,400,120,penny_diagonal_fcim,classical,1.3160241672783748,69.53125,7.395900320261717e-05,True,Exact diagonal FCIM path; no dense eigendecomposition.
2,150,128,400,121,penny_exact_aggregate,quantum,1.2505139369231295,89.84375,0.0027735960320569575,True,Exact PennyLane symbolic/CSR path with label aggregation.
2,150,128,400,121,penny_diagonal_fcim,classical,1.3159864449642256,69.53125,7.300800643861294e-05,True,Exact diagonal FCIM path; no dense eigendecomposition.
2,150,128,400,122,penny_exact_aggregate,quantum,1.2502075283633698,89.84375,0.002932391013018787,True,Exact PennyLane symbolic/CSR path with label aggregation.
2,150,128,400,122,penny_diagonal_fcim,classical,1.3159495771785534,69.53125,6.409600609913468e-05,True,Exact diagonal FCIM path; no dense eigendecomposition.
2,150,128,400,123,penny_exact_aggregate,quantum,1.249907960991863,89.84375,0.0025025829672813416,True,Exact PennyLane symbolic/CSR path with label aggregation.
2,150,128,400,123,penny_diagonal_fcim,classical,1.3159135440383938,69.53125,6.158603355288506e-05,True,Exact diagonal FCIM path; no dense eigendecomposition.
2,150,128,400,124,penny_exact_aggregate,quantum,1.24961507214348,90.625,0.00249038398033008,True,Exact PennyLane symbolic/CSR path with label aggregation.
2,150,128,400,124,penny_diagonal_fcim,classical,1.3158783261380722,69.53125,7.860001642256975e-05,True,Exact diagonal FCIM path; no dense eigendecomposition.
2,150,128,400,125,penny_exact_aggregate,quantum,1.2493287032905838,90.625,0.0027214199653826654,True,Exact PennyLane symbolic/CSR path with label aggregation.
2,150,128,400,125,penny_diagonal_fcim,classical,1.3158439045373358,69.53125,7.81429698690772e-05,True,Exact diagonal FCIM path; no dense eigendecomposition.
2,150,128,400,126,penny_exact_aggregate,quantum,1.2490486999308068,89.84375,0.0029007940320298076,True,Exact PennyLane symbolic/CSR path with label aggregation.
2,150,128,400,126,penny_diagonal_fcim,classical,1.3158102607497906,69.53125,6.887398194521666e-05,True,Exact diagonal FCIM path; no dense eigendecomposition.
2,150,128,400,127,penny_exact_aggregate,quantum,1.24877491147801,89.84375,0.0026591250207275152,True,Exact PennyLane symbolic/CSR path with label aggregation.
2,150,128,400,127,penny_diagonal_fcim,classical,1.3157773767316372,69.53125,6.210803985595703e-05,True,Exact diagonal FCIM path; no dense eigendecomposition.
2,150,128,400,128,penny_exact_aggregate,quantum,1.2485071911563734,89.84375,0.002504753996618092,True,Exact PennyLane symbolic/CSR path with label aggregation.
2,150,128,400,128,penny_diagonal_fcim,classical,1.3157452348706957,69.53125,6.118603050708771e-05,True,Exact diagonal FCIM path; no dense eigendecomposition.
2,150,128,400,129,penny_exact_aggregate,quantum,1.2482453958974937,89.84375,0.002508834993932396,True,Exact PennyLane symbolic/CSR path with label aggregation.
2,150,128,400,129,penny_diagonal_fcim,classical,1.3157138179757157,69.53125,7.158395601436496e-05,True,Exact diagonal FCIM path; no dense eigendecomposition.
2,150,128,400,130,penny_exact_aggregate,quantum,1.2479893862404114,89.84375,0.002889760013204068,True,Exact PennyLane symbolic/CSR path with label aggregation.
2,150,128,400,130,penny_diagonal_fcim,classical,1.3156831092659593,69.53125,7.182103581726551e-05,True,Exact diagonal FCIM path; no dense eigendecomposition.
2,150,128,400,131,penny_exact_aggregate,quantum,1.2477390262344852,90.625,0.002588406961876899,True,Exact PennyLane symbolic/CSR path with label aggregation.
2,150,128,400,131,penny_diagonal_fcim,classical,1.3156530923610532,69.53125,6.160000339150429e-05,True,Exact diagonal FCIM path; no dense eigendecomposition.
2,150,128,400,132,penny_exact_aggregate,quantum,1.2474941833450313,90.625,0.0025378040154464543,True,Exact PennyLane symbolic/CSR path with label aggregation.
2,150,128,400,132,penny_diagonal_fcim,classical,1.3156237512711,69.53125,6.201094947755337e-05,True,Exact diagonal FCIM path; no dense eigendecomposition.
2,150,128,400,133,penny_exact_aggregate,quantum,1.2472547283616344,90.625,0.0025068659451790154,True,Exact PennyLane symbolic/CSR path with label aggregation.
2,150,128,400,133,penny_diagonal_fcim,classical,1.3155950703870447,69.53125,6.183399818837643e-05,True,Exact diagonal FCIM path; no dense eigendecomposition.
2,150,128,400,134,penny_exact_aggregate,quantum,1.24702053530907,90.625,0.002695260976906866,True,Exact PennyLane symbolic/CSR path with label aggregation.
2,150,128,400,134,penny_diagonal_fcim,classical,1.3155670344712873,69.53125,6.780202966183424e-05,True,Exact diagonal FCIM path; no dense eigendecomposition.
2,150,128,400,135,penny_exact_aggregate,quantum,1.2467914813607421,90.625,0.0029811389977112412,True,Exact PennyLane symbolic/CSR path with label aggregation.
2,150,128,400,135,penny_diagonal_fcim,classical,1.3155396286485344,69.53125,6.77720527164638e-05,True,Exact diagonal FCIM path; no dense eigendecomposition.
2,150,128,400,136,penny_exact_aggregate,quantum,1.2465674467545838,90.625,0.002516116015613079,True,Exact PennyLane symbolic/CSR path with label aggregation.
2,150,128,400,136,penny_diagonal_fcim,classical,1.3155128383968884,69.53125,7.319997530430555e-05,True,Exact diagonal FCIM path; no dense eigendecomposition.
2,150,128,400,137,penny_exact_aggregate,quantum,1.2463483147113255,90.625,0.002487724006641656,True,Exact PennyLane symbolic/CSR path with label aggregation.
2,150,128,400,137,penny_diagonal_fcim,classical,1.3154866495391604,69.53125,6.125401705503464e-05,True,Exact diagonal FCIM path; no dense eigendecomposition.
2,150,128,400,138,penny_exact_aggregate,quantum,1.246133971355084,90.625,0.0025186900165863335,True,Exact PennyLane symbolic/CSR path with label aggregation.
2,150,128,400,138,penny_diagonal_fcim,classical,1.3154610482344054,69.53125,6.955902790650725e-05,True,Exact diagonal FCIM path; no dense eigendecomposition.
2,150,128,400,139,penny_exact_aggregate,quantum,1.2459243056361848,90.625,0.002591706987004727,True,Exact PennyLane symbolic/CSR path with label aggregation.
2,150,128,400,139,penny_diagonal_fcim,classical,1.3154360209696767,69.53125,0.00010706001194193959,True,Exact diagonal FCIM path; no dense eigendecomposition.
2,150,128,400,140,penny_exact_aggregate,quantum,1.2457192092561633,90.625,0.002793886000290513,True,Exact PennyLane symbolic/CSR path with label aggregation.
2,150,128,400,140,penny_diagonal_fcim,classical,1.3154115545519853,69.53125,6.450095679610968e-05,True,Exact diagonal FCIM path; no dense eigendecomposition.
2,150,128,400,141,penny_exact_aggregate,quantum,1.2455185765948822,90.625,0.0025285359588451684,True,Exact PennyLane symbolic/CSR path with label aggregation.
2,150,128,400,141,penny_diagonal_fcim,classical,1.3153876361004682,69.53125,6.245099939405918e-05,True,Exact diagonal FCIM path; no dense eigendecomposition.
2,150,128,400,142,penny_exact_aggregate,quantum,1.2453223046396904,90.625,0.002492060011718422,True,Exact PennyLane symbolic/CSR path with label aggregation.
2,150,128,400,142,penny_diagonal_fcim,classical,1.315364253038752,69.53125,6.148999091237783e-05,True,Exact diagonal FCIM path; no dense eigendecomposition.
2,150,128,400,143,penny_exact_aggregate,quantum,1.2451302929165824,90.625,0.00273111998103559,True,Exact PennyLane symbolic/CSR path with label aggregation.
2,150,128,400,143,penny_diagonal_fcim,classical,1.3153413930875133,69.53125,6.921601016074419e-05,True,Exact diagonal FCIM path; no dense eigendecomposition.
2,150,128,400,144,penny_exact_aggregate,quantum,1.2449424434232783,90.625,0.002804791962262243,True,Exact PennyLane symbolic/CSR path with label aggregation.
2,150,128,400,144,penny_diagonal_fcim,classical,1.315319044257227,69.53125,0.00012020597932860255,True,Exact diagonal FCIM path; no dense eigendecomposition.
2,150,128,400,145,penny_exact_aggregate,quantum,1.2447586605641894,90.625,0.004502392024733126,True,Exact PennyLane symbolic/CSR path with label aggregation.
2,150,128,400,145,penny_diagonal_fcim,classical,1.3152971948410954,69.53125,0.00010614399798214436,True,Exact diagonal FCIM path; no dense eigendecomposition.
2,150,128,400,146,penny_exact_aggregate,quantum,1.2445788510871958,90.625,0.004545116040389985,True,Exact PennyLane symbolic/CSR path with label aggregation.
2,150,128,400,146,penny_diagonal_fcim,classical,1.3152758334081622,69.53125,0.0001202969579026103,True,Exact diagonal FCIM path; no dense eigendecomposition.
2,150,128,400,147,penny_exact_aggregate,quantum,1.2444029240221912,90.625,0.004214368003886193,True,Exact PennyLane symbolic/CSR path with label aggregation.
2,150,128,400,147,penny_diagonal_fcim,classical,1.315254948796595,69.53125,6.791501073166728e-05,True,Exact diagonal FCIM path; no dense eigendecomposition.
2,150,128,400,148,penny_exact_aggregate,quantum,1.2442307906213552,90.625,0.002525974006857723,True,Exact PennyLane symbolic/CSR path with label aggregation.
2,150,128,400,148,penny_diagonal_fcim,classical,1.315234530107138,69.53125,6.128102540969849e-05,True,Exact diagonal FCIM path; no dense eigendecomposition.
2,150,128,400,149,penny_exact_aggregate,quantum,1.2440623643010653,90.625,0.0025460239849053323,True,Exact PennyLane symbolic/CSR path with label aggregation.
2,150,128,400,149,penny_diagonal_fcim,classical,1.315214566696735,69.53125,6.116001168265939e-05,True,Exact diagonal FCIM path; no dense eigendecomposition.
2,150,128,400,150,penny_exact_aggregate,quantum,1.243897560585454,90.625,0.002524729003198445,True,Exact PennyLane symbolic/CSR path with label aggregation.
2,150,128,400,150,penny_diagonal_fcim,classical,1.3151950481723067,69.53125,6.612198194488883e-05,True,Exact diagonal FCIM path; no dense eigendecomposition.
2,150,128,400,151,penny_exact_aggregate,quantum,1.243736297051509,91.40625,0.002646858978550881,True,Exact PennyLane symbolic/CSR path with label aggregation.
2,150,128,400,151,penny_diagonal_fcim,classical,1.3151759643846885,69.53125,0.00010053598089143634,True,Exact diagonal FCIM path; no dense eigendecomposition.
2,150,128,400,152,penny_exact_aggregate,quantum,1.2435784932757186,91.40625,0.0025334199890494347,True,Exact PennyLane symbolic/CSR path with label aggregation.
2,150,128,400,152,penny_diagonal_fcim,classical,1.3151573054227197,69.53125,6.161804776638746e-05,True,Exact diagonal FCIM path; no dense eigendecomposition.
2,150,128,400,153,penny_exact_aggregate,quantum,1.2434240707821742,91.40625,0.0024881649878807366,True,Exact PennyLane symbolic/CSR path with label aggregation.
2,150,128,400,153,penny_diagonal_fcim,classical,1.3151390616074807,69.53125,7.027998799458146e-05,True,Exact diagonal FCIM path; no dense eigendecomposition.
2,150,128,400,154,penny_exact_aggregate,quantum,1.2432729529921251,91.40625,0.0024730999721214175,True,Exact PennyLane symbolic/CSR path with label aggregation.
2,150,128,400,154,penny_diagonal_fcim,classical,1.315121223486675,69.53125,6.934796692803502e-05,True,Exact diagonal FCIM path; no dense eigendecomposition.
2,150,128,400,155,penny_exact_aggregate,quantum,1.2431250651749224,91.40625,0.002581691020168364,True,Exact PennyLane symbolic/CSR path with label aggregation.
2,150,128,400,155,penny_diagonal_fcim,classical,1.3151037818291536,69.53125,7.015099981799722e-05,True,Exact diagonal FCIM path; no dense eigendecomposition.
2,150,128,400,156,penny_exact_aggregate,quantum,1.2429803344003083,91.40625,0.002544015005696565,True,Exact PennyLane symbolic/CSR path with label aggregation.
2,150,128,400,156,penny_diagonal_fcim,classical,1.3150867276195743,69.53125,6.352399941533804e-05,True,Exact diagonal FCIM path; no dense eigendecomposition.
2,150,128,400,157,penny_exact_aggregate,quantum,1.2428386894920265,91.40625,0.002508113975636661,True,Exact PennyLane symbolic/CSR path with label aggregation.
2,150,128,400,157,penny_diagonal_fcim,classical,1.315070052053196,69.53125,6.0260004829615355e-05,True,Exact diagonal FCIM path; no dense eigendecomposition.
2,150,128,400,158,penny_exact_aggregate,quantum,1.2427000609827088,91.40625,0.002496953005902469,True,Exact PennyLane symbolic/CSR path with label aggregation.
2,150,128,400,158,penny_diagonal_fcim,classical,1.3150537465308025,69.53125,7.026904495432973e-05,True,Exact diagonal FCIM path; no dense eigendecomposition.
2,150,128,400,159,penny_exact_aggregate,quantum,1.2425643810699958,91.40625,0.0024918889976106584,True,Exact PennyLane symbolic/CSR path with label aggregation.
2,150,128,400,159,penny_diagonal_fcim,classical,1.3150378026537533,69.53125,6.855197716504335e-05,True,Exact diagonal FCIM path; no dense eigendecomposition.
2,150,128,400,160,penny_exact_aggregate,quantum,1.2424315835738602,91.40625,0.0026110069593414664,True,Exact PennyLane symbolic/CSR path with label aggregation.
2,150,128,400,160,penny_diagonal_fcim,classical,1.3150222122191584,69.53125,7.0807000156492e-05,True,Exact diagonal FCIM path; no dense eigendecomposition.
2,150,128,400,161,penny_exact_aggregate,quantum,1.2423016038951022,91.40625,0.0025578400236554444,True,Exact PennyLane symbolic/CSR path with label aggregation.
2,150,128,400,161,penny_diagonal_fcim,classical,1.3150069672151727,69.53125,6.31240545772016e-05,True,Exact diagonal FCIM path; no dense eigendecomposition.
2,150,128,400,162,penny_exact_aggregate,quantum,1.242174378974974,91.40625,0.0024869900080375373,True,Exact PennyLane symbolic/CSR path with label aggregation.
2,150,128,400,162,penny_diagonal_fcim,classical,1.3149920598164062,69.53125,6.144295912235975e-05,True,Exact diagonal FCIM path; no dense eigendecomposition.
2,150,128,400,163,penny_exact_aggregate,quantum,1.2420498472559094,91.40625,0.002477375033777207,True,Exact PennyLane symbolic/CSR path with label aggregation.
2,150,128,400,163,penny_diagonal_fcim,classical,1.3149774823794522,69.53125,7.413700222969055e-05,True,Exact diagonal FCIM path; no dense eigendecomposition.
2,150,128,400,164,penny_exact_aggregate,quantum,1.2419279486433157,91.40625,0.0025933209690265357,True,Exact PennyLane symbolic/CSR path with label aggregation.
2,150,128,400,164,penny_diagonal_fcim,classical,1.3149632274385223,69.53125,6.873096572235227e-05,True,Exact diagonal FCIM path; no dense eigendecomposition.
2,150,128,400,165,penny_exact_aggregate,quantum,1.241808624468415,91.40625,0.0027287289849482477,True,Exact PennyLane symbolic/CSR path with label aggregation.
2,150,128,400,165,penny_diagonal_fcim,classical,1.314949287701193,69.53125,6.589997792616487e-05,True,Exact diagonal FCIM path; no dense eigendecomposition.
2,150,128,400,166,penny_exact_aggregate,quantum,1.2416918174520835,91.40625,0.0025026549701578915,True,Exact PennyLane symbolic/CSR path with label aggregation.
2,150,128,400,166,penny_diagonal_fcim,classical,1.3149356560442553,69.53125,6.133696297183633e-05,True,Exact diagonal FCIM path; no dense eigendecomposition.
2,150,128,400,167,penny_exact_aggregate,quantum,1.2415774716696748,91.40625,0.002486774988938123,True,Exact PennyLane symbolic/CSR path with label aggregation.
2,150,128,400,167,penny_diagonal_fcim,classical,1.3149223255096687,69.53125,6.089400267228484e-05,True,Exact diagonal FCIM path; no dense eigendecomposition.
2,150,128,400,168,penny_exact_aggregate,quantum,1.241465532516799,91.40625,0.0024865639861673117,True,Exact PennyLane symbolic/CSR path with label aggregation.
2,150,128,400,168,penny_diagonal_fcim,classical,1.3149092893006151,69.53125,6.944203050807118e-05,True,Exact diagonal FCIM path; no dense eigendecomposition.
2,150,128,400,169,penny_exact_aggregate,quantum,1.2413559466760156,91.40625,0.002565779024735093,True,Exact PennyLane symbolic/CSR path with label aggregation.
2,150,128,400,169,penny_diagonal_fcim,classical,1.3148965407776503,69.53125,7.136096246540546e-05,True,Exact diagonal FCIM path; no dense eigendecomposition.
2,150,128,400,170,penny_exact_aggregate,quantum,1.241248662084435,91.40625,0.002580814005341381,True,Exact PennyLane symbolic/CSR path with label aggregation.
2,150,128,400,170,penny_diagonal_fcim,classical,1.3148840734549487,69.53125,6.261200178414583e-05,True,Exact diagonal FCIM path; no dense eigendecomposition.
2,150,128,400,171,penny_exact_aggregate,quantum,1.2411436279021784,91.40625,0.0025342320441268384,True,Exact PennyLane symbolic/CSR path with label aggregation.
2,150,128,400,171,penny_diagonal_fcim,classical,1.3148718809966442,69.53125,6.124802166596055e-05,True,Exact diagonal FCIM path; no dense eigendecomposition.
2,150,128,400,172,penny_exact_aggregate,quantum,1.241040794481704,91.40625,0.002517340995837003,True,Exact PennyLane symbolic/CSR path with label aggregation.
2,150,128,400,172,penny_diagonal_fcim,classical,1.314859957213259,69.53125,6.12179865129292e-05,True,Exact diagonal FCIM path; no dense eigendecomposition.
2,150,128,400,173,penny_exact_aggregate,quantum,1.2409401133379374,91.40625,0.0025416900170966983,True,Exact PennyLane symbolic/CSR path with label aggregation.
2,150,128,400,173,penny_diagonal_fcim,classical,1.3148482960582193,69.53125,6.45809923298657e-05,True,Exact diagonal FCIM path; no dense eigendecomposition.
2,150,128,400,174,penny_exact_aggregate,quantum,1.240841537119214,91.40625,0.0027219109470024705,True,Exact PennyLane symbolic/CSR path with label aggregation.
2,150,128,400,174,penny_diagonal_fcim,classical,1.3148368916244595,69.53125,7.700803689658642e-05,True,Exact diagonal FCIM path; no dense eigendecomposition.
2,150,128,400,175,penny_exact_aggregate,quantum,1.2407450195789822,91.40625,0.0025370389921590686,True,Exact PennyLane symbolic/CSR path with label aggregation.
2,150,128,400,175,penny_diagonal_fcim,classical,1.3148257381411086,69.53125,6.301800021901727e-05,True,Exact diagonal FCIM path; no dense eigendecomposition.
2,150,128,400,176,penny_exact_aggregate,quantum,1.2406505155482894,91.40625,0.00250315701123327,True,Exact PennyLane symbolic/CSR path with label aggregation.
2,150,128,400,176,penny_diagonal_fcim,classical,1.3148148299702567,69.53125,6.154598668217659e-05,True,Exact diagonal FCIM path; no dense eigendecomposition.
2,150,128,400,177,penny_exact_aggregate,quantum,1.240557980908966,91.40625,0.0025113250012509525,True,Exact PennyLane symbolic/CSR path with label aggregation.
2,150,128,400,177,penny_diagonal_fcim,classical,1.3148041616038033,69.53125,6.160401972010732e-05,True,Exact diagonal FCIM path; no dense eigendecomposition.
2,150,128,400,178,penny_exact_aggregate,quantum,1.2404673725675535,91.40625,0.002579733030870557,True,Exact PennyLane symbolic/CSR path with label aggregation.
2,150,128,400,178,penny_diagonal_fcim,classical,1.3147937276603807,69.53125,7.192802149802446e-05,True,Exact diagonal FCIM path; no dense eigendecomposition.
2,150,128,400,179,penny_exact_aggregate,quantum,1.2403786484299018,91.40625,0.002745350997429341,True,Exact PennyLane symbolic/CSR path with label aggregation.
2,150,128,400,179,penny_diagonal_fcim,classical,1.3147835228823537,69.53125,6.455602124333382e-05,True,Exact diagonal FCIM path; no dense eigendecomposition.
2,150,128,400,180,penny_exact_aggregate,quantum,1.2402917673764524,91.40625,0.002493379986844957,True,Exact PennyLane symbolic/CSR path with label aggregation.
2,150,128,400,180,penny_diagonal_fcim,classical,1.3147735421328934,69.53125,6.117898738011718e-05,True,Exact diagonal FCIM path; no dense eigendecomposition.
2,150,128,400,181,penny_exact_aggregate,quantum,1.2402066892381693,91.40625,0.0024941000156104565,True,Exact PennyLane symbolic/CSR path with label aggregation.
2,150,128,400,181,penny_diagonal_fcim,classical,1.314763780393121,69.53125,6.135000148788095e-05,True,Exact diagonal FCIM path; no dense eigendecomposition.
2,150,128,400,182,penny_exact_aggregate,quantum,1.2401233747731086,91.40625,0.0025485799997113645,True,Exact PennyLane symbolic/CSR path with label aggregation.
2,150,128,400,182,penny_diagonal_fcim,classical,1.3147542327593218,69.53125,6.756000220775604e-05,True,Exact diagonal FCIM path; no dense eigendecomposition.
2,150,128,400,183,penny_exact_aggregate,quantum,1.2400417856436021,91.40625,0.0026198739651590586,True,Exact PennyLane symbolic/CSR path with label aggregation.
2,150,128,400,183,penny_diagonal_fcim,classical,1.3147448944402282,69.53125,6.793596548959613e-05,True,Exact diagonal FCIM path; no dense eigendecomposition.
2,150,128,400,184,penny_exact_aggregate,quantum,1.2399618843940456,91.40625,0.0025732089998200536,True,Exact PennyLane symbolic/CSR path with label aggregation.
2,150,128,400,184,penny_diagonal_fcim,classical,1.3147357607543677,69.53125,6.44280225969851e-05,True,Exact diagonal FCIM path; no dense eigendecomposition.
2,150,128,400,185,penny_exact_aggregate,quantum,1.2398836344292647,91.40625,0.0025001399917528033,True,Exact PennyLane symbolic/CSR path with label aggregation.
2,150,128,400,185,penny_diagonal_fcim,classical,1.3147268271274763,69.53125,6.163300713524222e-05,True,Exact diagonal FCIM path; no dense eigendecomposition.
2,150,128,400,186,penny_exact_aggregate,quantum,1.239806999993451,91.40625,0.0025214870111085474,True,Exact PennyLane symbolic/CSR path with label aggregation.
2,150,128,400,186,penny_diagonal_fcim,classical,1.3147180890899737,69.53125,6.035296246409416e-05,True,Exact diagonal FCIM path; no dense eigendecomposition.
2,150,128,400,187,penny_exact_aggregate,quantum,1.2397319461496537,91.40625,0.0025790990330278873,True,Exact PennyLane symbolic/CSR path with label aggregation.
2,150,128,400,187,penny_diagonal_fcim,classical,1.3147095422745019,69.53125,8.692604023963213e-05,True,Exact diagonal FCIM path; no dense eigendecomposition.
2,150,128,400,188,penny_exact_aggregate,quantum,1.2396584387597942,91.40625,0.0026609309716150165,True,Exact PennyLane symbolic/CSR path with label aggregation.
2,150,128,400,188,penny_diagonal_fcim,classical,1.314701182413521,69.53125,6.526400102302432e-05,True,Exact diagonal FCIM path; no dense eigendecomposition.
2,150,128,400,189,penny_exact_aggregate,quantum,1.2395864444652167,91.40625,0.0025449760141782463,True,Exact PennyLane symbolic/CSR path with label aggregation.
2,150,128,400,189,penny_diagonal_fcim,classical,1.3146930053369656,69.53125,6.150500848889351e-05,True,Exact diagonal FCIM path; no dense eigendecomposition.
2,150,128,400,190,penny_exact_aggregate,quantum,1.2395159306677348,91.40625,0.0025004479684866965,True,Exact PennyLane symbolic/CSR path with label aggregation.
2,150,128,400,190,penny_diagonal_fcim,classical,1.3146850069699565,69.53125,6.0300983022898436e-05,True,Exact diagonal FCIM path; no dense eigendecomposition.
2,150,128,400,191,penny_exact_aggregate,quantum,1.2394468655111752,91.40625,0.002518066030461341,True,Exact PennyLane symbolic/CSR path with label aggregation.
2,150,128,400,191,penny_diagonal_fcim,classical,1.3146771833305682,69.53125,7.12150358594954e-05,True,Exact diagonal FCIM path; no dense eigendecomposition.
2,150,128,400,192,penny_exact_aggregate,quantum,1.2393792178633962,91.40625,0.0026271470123901963,True,Exact PennyLane symbolic/CSR path with label aggregation.
2,150,128,400,192,penny_diagonal_fcim,classical,1.314669530527652,69.53125,7.443100912496448e-05,True,Exact diagonal FCIM path; no dense eigendecomposition.
2,150,128,400,193,penny_exact_aggregate,quantum,1.2393129572987769,91.40625,0.0025824459735304117,True,Exact PennyLane symbolic/CSR path with label aggregation.
2,150,128,400,193,penny_diagonal_fcim,classical,1.3146620447587083,69.53125,6.227899575605989e-05,True,Exact diagonal FCIM path; no dense eigendecomposition.
2,150,128,400,194,penny_exact_aggregate,quantum,1.239248054081155,91.40625,0.0024691749713383615,True,Exact PennyLane symbolic/CSR path with label aggregation.
2,150,128,400,194,penny_diagonal_fcim,classical,1.3146547223078133,69.53125,6.0188991483300924e-05,True,Exact diagonal FCIM path; no dense eigendecomposition.
2,150,128,400,195,penny_exact_aggregate,quantum,1.239184479147204,91.40625,0.0024833070347085595,True,Exact PennyLane symbolic/CSR path with label aggregation.
2,150,128,400,195,penny_diagonal_fcim,classical,1.3146475595435956,69.53125,6.102805491536856e-05,True,Exact diagonal FCIM path; no dense eigendecomposition.
2,150,128,400,196,penny_exact_aggregate,quantum,1.2391222040902448,91.40625,0.0025092129944823682,True,Exact PennyLane symbolic/CSR path with label aggregation.
2,150,128,400,196,penny_diagonal_fcim,classical,1.314640552917259,69.53125,7.591303437948227e-05,True,Exact diagonal FCIM path; no dense eigendecomposition.
2,150,128,400,197,penny_exact_aggregate,quantum,1.2390612011444624,91.40625,0.002683139988221228,True,Exact PennyLane symbolic/CSR path with label aggregation.
2,150,128,400,197,penny_diagonal_fcim,classical,1.314633698960656,69.53125,6.593699799850583e-05,True,Exact diagonal FCIM path; no dense eigendecomposition.
2,150,128,400,198,penny_exact_aggregate,quantum,1.2390014431695406,91.40625,0.002507667988538742,True,Exact PennyLane symbolic/CSR path with label aggregation.
2,150,128,400,198,penny_diagonal_fcim,classical,1.3146269942844055,69.53125,6.245099939405918e-05,True,Exact diagonal FCIM path; no dense eigendecomposition.
2,150,128,400,199,penny_exact_aggregate,quantum,1.2389429036356772,91.40625,0.0024814329808577895,True,Exact PennyLane symbolic/CSR path with label aggregation.
2,150,128,400,199,penny_diagonal_fcim,classical,1.3146204355760578,69.53125,6.165599916130304e-05,True,Exact diagonal FCIM path; no dense eigendecomposition.
2,150,128,400,200,penny_exact_aggregate,quantum,1.2388855566089942,91.40625,0.0025207590078935027,True,Exact PennyLane symbolic/CSR path with label aggregation.
2,150,128,400,200,penny_diagonal_fcim,classical,1.3146140195983005,69.53125,6.361701525747776e-05,True,Exact diagonal FCIM path; no dense eigendecomposition.
2,150,128,400,201,penny_exact_aggregate,quantum,1.2388293767373137,91.40625,0.0029302999610081315,True,Exact PennyLane symbolic/CSR path with label aggregation.
2,150,128,400,201,penny_diagonal_fcim,classical,1.3146077431872114,69.53125,7.32429907657206e-05,True,Exact diagonal FCIM path; no dense eigendecomposition.
2,150,128,400,202,penny_exact_aggregate,quantum,1.2387743392362929,92.1875,0.002693552989512682,True,Exact PennyLane symbolic/CSR path with label aggregation.
2,150,128,400,202,penny_diagonal_fcim,classical,1.3146016032505508,69.53125,8.076598169282079e-05,True,Exact diagonal FCIM path; no dense eigendecomposition.
2,150,128,400,203,penny_exact_aggregate,quantum,1.2387204198759223,92.1875,0.0025459349853917956,True,Exact PennyLane symbolic/CSR path with label aggregation.
2,150,128,400,203,penny_diagonal_fcim,classical,1.314595596766094,69.53125,6.1728002037853e-05,True,Exact diagonal FCIM path; no dense eigendecomposition.
2,150,128,400,204,penny_exact_aggregate,quantum,1.238667594967358,92.1875,0.0026004359824582934,True,Exact PennyLane symbolic/CSR path with label aggregation.
2,150,128,400,204,penny_diagonal_fcim,classical,1.314589720780008,69.53125,6.919598672538996e-05,True,Exact diagonal FCIM path; no dense eigendecomposition.
2,150,128,400,205,penny_exact_aggregate,quantum,1.2386158413500903,92.1875,0.0029349169926717877,True,Exact PennyLane symbolic/CSR path with label aggregation.
2,150,128,400,205,penny_diagonal_fcim,classical,1.3145839724052597,69.53125,0.00010664400178939104,True,Exact diagonal FCIM path; no dense eigendecomposition.
2,150,128,400,206,penny_exact_aggregate,quantum,1.238565136379437,92.1875,0.0027848099707625806,True,Exact PennyLane symbolic/CSR path with label aggregation.
2,150,128,400,206,penny_diagonal_fcim,classical,1.3145783488200715,69.53125,6.568798562511802e-05,True,Exact diagonal FCIM path; no dense eigendecomposition.
2,150,128,400,207,penny_exact_aggregate,quantum,1.2385154579143516,92.1875,0.002498057030607015,True,Exact PennyLane symbolic/CSR path with label aggregation.
2,150,128,400,207,penny_diagonal_fcim,classical,1.3145728472664047,69.53125,6.46479893475771e-05,True,Exact diagonal FCIM path; no dense eigendecomposition.
2,150,128,400,208,penny_exact_aggregate,quantum,1.238466784305543,92.1875,0.0024944570031948388,True,Exact PennyLane symbolic/CSR path with label aggregation.
2,150,128,400,208,penny_diagonal_fcim,classical,1.3145674650484853,69.53125,6.065604975447059e-05,True,Exact diagonal FCIM path; no dense eigendecomposition.
2,150,128,400,209,penny_exact_aggregate,quantum,1.2384190943838873,92.1875,0.0025406460044905543,True,Exact PennyLane symbolic/CSR path with label aggregation.
2,150,128,400,209,penny_diagonal_fcim,classical,1.314562199531363,69.53125,0.00010527396807447076,True,Exact diagonal FCIM path; no dense eigendecomposition.
2,150,128,400,210,penny_exact_aggregate,quantum,1.2383723674491338,92.1875,0.0030433479696512222,True,Exact PennyLane symbolic/CSR path with label aggregation.
2,150,128,400,210,penny_diagonal_fcim,classical,1.3145570481395024,69.53125,7.005501538515091e-05,True,Exact diagonal FCIM path; no dense eigendecomposition.
2,150,128,400,211,penny_exact_aggregate,quantum,1.2383265832589019,92.1875,0.002545905008446425,True,Exact PennyLane symbolic/CSR path with label aggregation.
2,150,128,400,211,penny_diagonal_fcim,classical,1.3145520083554123,69.53125,6.362301064655185e-05,True,Exact diagonal FCIM path; no dense eigendecomposition.
2,150,128,400,212,penny_exact_aggregate,quantum,1.2382817220179345,92.1875,0.0024984090123325586,True,Exact PennyLane symbolic/CSR path with label aggregation.
2,150,128,400,212,penny_diagonal_fcim,classical,1.314547077718303,69.53125,6.116100121289492e-05,True,Exact diagonal FCIM path; no dense eigendecomposition.
2,150,128,400,213,penny_exact_aggregate,quantum,1.2382377643676454,92.1875,0.0025189240113832057,True,Exact PennyLane symbolic/CSR path with label aggregation.
2,150,128,400,213,penny_diagonal_fcim,classical,1.3145422538227791,69.53125,6.136402953416109e-05,True,Exact diagonal FCIM path; no dense eigendecomposition.
2,150,128,400,214,penny_exact_aggregate,quantum,1.2381946913759005,92.1875,0.003183116961736232,True,Exact PennyLane symbolic/CSR path with label aggregation.
2,150,128,400,214,penny_diagonal_fcim,classical,1.3145375343175605,69.53125,0.00010248197941109538,True,Exact diagonal FCIM path; no dense eigendecomposition.
2,150,128,400,215,penny_exact_aggregate,quantum,1.2381524845270762,92.1875,0.002872616983950138,True,Exact PennyLane symbolic/CSR path with label aggregation.
2,150,128,400,215,penny_diagonal_fcim,classical,1.3145329169042355,69.53125,6.884202593937516e-05,True,Exact diagonal FCIM path; no dense eigendecomposition.
2,150,128,400,216,penny_exact_aggregate,quantum,1.2381111257123543,92.1875,0.0025480519980192184,True,Exact PennyLane symbolic/CSR path with label aggregation.
2,150,128,400,216,penny_diagonal_fcim,classical,1.3145283993360437,69.53125,6.128899985924363e-05,True,Exact diagonal FCIM path; no dense eigendecomposition.
2,150,128,400,217,penny_exact_aggregate,quantum,1.2380705972202564,92.1875,0.002501727023627609,True,Exact PennyLane symbolic/CSR path with label aggregation.
2,150,128,400,217,penny_diagonal_fcim,classical,1.3145239794166856,69.53125,6.198597839102149e-05,True,Exact diagonal FCIM path; no dense eigendecomposition.
2,150,128,400,218,penny_exact_aggregate,quantum,1.2380308817274144,92.1875,0.0030567669891752303,True,Exact PennyLane symbolic/CSR path with label aggregation.
2,150,128,400,218,penny_diagonal_fcim,classical,1.3145196549991636,69.53125,0.00010932399891316891,True,Exact diagonal FCIM path; no dense eigendecomposition.
2,150,128,400,219,penny_exact_aggregate,quantum,1.237991962289576,92.1875,0.004155838978476822,True,Exact PennyLane symbolic/CSR path with label aggregation.
2,150,128,400,219,penny_diagonal_fcim,classical,1.3145154239846464,69.53125,6.599194603040814e-05,True,Exact diagonal FCIM path; no dense eigendecomposition.
2,150,128,400,220,penny_exact_aggregate,quantum,1.2379538223328217,92.1875,0.0025368970236741006,True,Exact PennyLane symbolic/CSR path with label aggregation.
2,150,128,400,220,penny_diagonal_fcim,classical,1.3145112843213647,69.53125,7.48269958421588e-05,True,Exact diagonal FCIM path; no dense eigendecomposition.
2,150,128,400,221,penny_exact_aggregate,quantum,1.2379164456450042,92.1875,0.0025168730062432587,True,Exact PennyLane symbolic/CSR path with label aggregation.
2,150,128,400,221,penny_diagonal_fcim,classical,1.3145072340035295,69.53125,6.365100853145123e-05,True,Exact diagonal FCIM path; no dense eigendecomposition.
2,150,128,400,222,penny_exact_aggregate,quantum,1.237879816367403,92.1875,0.0030643580248579383,True,Exact PennyLane symbolic/CSR path with label aggregation.
2,150,128,400,222,penny_diagonal_fcim,classical,1.3145032710702775,69.53125,7.435999577865005e-05,True,Exact diagonal FCIM path; no dense eigendecomposition.
2,150,128,400,223,penny_exact_aggregate,quantum,1.2378439189865686,92.1875,0.0027039829874411225,True,Exact PennyLane symbolic/CSR path with label aggregation.
2,150,128,400,223,penny_diagonal_fcim,classical,1.3144993936046405,69.53125,6.655696779489517e-05,True,Exact diagonal FCIM path; no dense eigendecomposition.
2,150,128,400,224,penny_exact_aggregate,quantum,1.2378087383263854,92.1875,0.002551374025642872,True,Exact PennyLane symbolic/CSR path with label aggregation.
2,150,128,400,224,penny_diagonal_fcim,classical,1.3144955997325414,69.53125,6.315897917374969e-05,True,Exact diagonal FCIM path; no dense eigendecomposition.
2,150,128,400,225,penny_exact_aggregate,quantum,1.2377742595403156,92.1875,0.0025120379868894815,True,Exact PennyLane symbolic/CSR path with label aggregation.
2,150,128,400,225,penny_diagonal_fcim,classical,1.3144918876218088,69.53125,6.127601955085993e-05,True,Exact diagonal FCIM path; no dense eigendecomposition.
2,150,128,400,226,penny_exact_aggregate,quantum,1.2377404681038398,92.1875,0.002524835988879204,True,Exact PennyLane symbolic/CSR path with label aggregation.
2,150,128,400,226,penny_diagonal_fcim,classical,1.3144882554812212,69.53125,0.0001020550262182951,True,Exact diagonal FCIM path; no dense eigendecomposition.
2,150,128,400,227,penny_exact_aggregate,quantum,1.2377073498070779,92.1875,0.0027241029893048108,True,Exact PennyLane symbolic/CSR path with label aggregation.
2,150,128,400,227,penny_diagonal_fcim,classical,1.3144847015595698,69.53125,7.329595973715186e-05,True,Exact diagonal FCIM path; no dense eigendecomposition.
2,150,128,400,228,penny_exact_aggregate,quantum,1.2376748907475938,92.1875,0.0026331929839216173,True,Exact PennyLane symbolic/CSR path with label aggregation.
2,150,128,400,228,penny_diagonal_fcim,classical,1.3144812241447423,69.53125,6.308103911578655e-05,True,Exact diagonal FCIM path; no dense eigendecomposition.
2,150,128,400,229,penny_exact_aggregate,quantum,1.2376430773233678,92.1875,0.0025028500240296125,True,Exact PennyLane symbolic/CSR path with label aggregation.
2,150,128,400,229,penny_diagonal_fcim,classical,1.3144778215628325,69.53125,6.213400047272444e-05,True,Exact diagonal FCIM path; no dense eigendecomposition.
2,150,128,400,230,penny_exact_aggregate,quantum,1.2376118962259497,92.1875,0.0024989009834825993,True,Exact PennyLane symbolic/CSR path with label aggregation.
2,150,128,400,230,penny_diagonal_fcim,classical,1.3144744921772658,69.53125,6.146199302747846e-05,True,Exact diagonal FCIM path; no dense eigendecomposition.
2,150,128,400,231,penny_exact_aggregate,quantum,1.2375813344337736,92.1875,0.0031065400107763708,True,Exact PennyLane symbolic/CSR path with label aggregation.
2,150,128,400,231,penny_diagonal_fcim,classical,1.3144712343879492,69.53125,7.29559687897563e-05,True,Exact diagonal FCIM path; no dense eigendecomposition.
2,150,128,400,232,penny_exact_aggregate,quantum,1.237551379205625,92.1875,0.0026065639685839415,True,Exact PennyLane symbolic/CSR path with label aggregation.
2,150,128,400,232,penny_diagonal_fcim,classical,1.314468046630439,69.53125,6.370997289195657e-05,True,Exact diagonal FCIM path; no dense eigendecomposition.
2,150,128,400,233,penny_exact_aggregate,quantum,1.2375220180742859,92.1875,0.0025309110060334206,True,Exact PennyLane symbolic/CSR path with label aggregation.
2,150,128,400,233,penny_diagonal_fcim,classical,1.3144649273751288,69.53125,7.158098742365837e-05,True,Exact diagonal FCIM path; no dense eigendecomposition.
2,150,128,400,234,penny_exact_aggregate,quantum,1.2374932388403121,92.1875,0.0024980130256153643,True,Exact PennyLane symbolic/CSR path with label aggregation.
2,150,128,400,234,penny_diagonal_fcim,classical,1.3144618751264565,69.53125,6.308103911578655e-05,True,Exact diagonal FCIM path; no dense eigendecomposition.
2,150,128,400,235,penny_exact_aggregate,quantum,1.2374650295659761,92.1875,0.0025069479597732425,True,Exact PennyLane symbolic/CSR path with label aggregation.
2,150,128,400,235,penny_diagonal_fcim,classical,1.3144588884221284,69.53125,0.00010344700422137976,True,Exact diagonal FCIM path; no dense eigendecomposition.
2,150,128,400,236,penny_exact_aggregate,quantum,1.2374373785693455,92.1875,0.0026596279931254685,True,Exact PennyLane symbolic/CSR path with label aggregation.
2,150,128,400,236,penny_diagonal_fcim,classical,1.314455965832365,69.53125,6.77910284139216e-05,True,Exact diagonal FCIM path; no dense eigendecomposition.
2,150,128,400,237,penny_exact_aggregate,quantum,1.2374102744185114,92.1875,0.0025316690444014966,True,Exact PennyLane symbolic/CSR path with label aggregation.
2,150,128,400,237,penny_diagonal_fcim,classical,1.314453105959159,69.53125,7.027300307527184e-05,True,Exact diagonal FCIM path; no dense eigendecomposition.
2,150,128,400,238,penny_exact_aggregate,quantum,1.237383705925945,92.1875,0.002483340969774872,True,Exact PennyLane symbolic/CSR path with label aggregation.
2,150,128,400,238,penny_diagonal_fcim,classical,1.3144503074355565,69.53125,6.0747028328478336e-05,True,Exact diagonal FCIM path; no dense eigendecomposition.
2,150,128,400,239,penny_exact_aggregate,quantum,1.2373576621430025,92.1875,0.002520224021282047,True,Exact PennyLane symbolic/CSR path with label aggregation.
2,150,128,400,239,penny_diagonal_fcim,classical,1.3144475689249502,69.53125,6.201595533639193e-05,True,Exact diagonal FCIM path; no dense eigendecomposition.
2,150,128,400,240,penny_exact_aggregate,quantum,1.237332132354549,92.1875,0.0031769220368005335,True,Exact PennyLane symbolic/CSR path with label aggregation.
2,150,128,400,240,penny_diagonal_fcim,classical,1.3144448891203915,69.53125,7.038499461486936e-05,True,Exact diagonal FCIM path; no dense eigendecomposition.
2,150,128,400,241,penny_exact_aggregate,quantum,1.2373071060737189,92.1875,0.002644307038281113,True,Exact PennyLane symbolic/CSR path with label aggregation.
2,150,128,400,241,penny_diagonal_fcim,classical,1.3144422667439186,69.53125,6.482400931417942e-05,True,Exact diagonal FCIM path; no dense eigendecomposition.
2,150,128,400,242,penny_exact_aggregate,quantum,1.2372825730367942,92.1875,0.0025160660152323544,True,Exact PennyLane symbolic/CSR path with label aggregation.
2,150,128,400,242,penny_diagonal_fcim,classical,1.3144397005458988,69.53125,6.175803719088435e-05,True,Exact diagonal FCIM path; no dense eigendecomposition.
2,150,128,400,243,penny_exact_aggregate,quantum,1.2372585231982116,92.1875,0.0024893609806895256,True,Exact PennyLane symbolic/CSR path with label aggregation.
2,150,128,400,243,penny_diagonal_fcim,classical,1.3144371893043871,69.53125,6.131798727437854e-05,True,Exact diagonal FCIM path; no dense eigendecomposition.
2,150,128,400,244,penny_exact_aggregate,quantum,1.2372349467256845,92.1875,0.0025069109979085624,True,Exact PennyLane symbolic/CSR path with label aggregation.
2,150,128,400,244,penny_diagonal_fcim,classical,1.3144347318245,69.53125,0.00010314700193703175,True,Exact diagonal FCIM path; no dense eigendecomposition.
2,150,128,400,245,penny_exact_aggregate,quantum,1.2372118339954405,92.1875,0.002784782962407917,True,Exact PennyLane symbolic/CSR path with label aggregation.
2,150,128,400,245,penny_diagonal_fcim,classical,1.3144323269378035,69.53125,7.08739971742034e-05,True,Exact diagonal FCIM path; no dense eigendecomposition.
2,150,128,400,246,penny_exact_aggregate,quantum,1.2371891755875692,92.1875,0.0025388580397702754,True,Exact PennyLane symbolic/CSR path with label aggregation.
2,150,128,400,246,penny_diagonal_fcim,classical,1.3144299735017142,69.53125,6.225897232070565e-05,True,Exact diagonal FCIM path; no dense eigendecomposition.
2,150,128,400,247,penny_exact_aggregate,quantum,1.237166962281485,92.1875,0.0024698220076970756,True,Exact PennyLane symbolic/CSR path with label aggregation.
2,150,128,400,247,penny_diagonal_fcim,classical,1.3144276703989164,69.53125,6.37139892205596e-05,True,Exact diagonal FCIM path; no dense eigendecomposition.
2,150,128,400,248,penny_exact_aggregate,quantum,1.2371451850514958,92.1875,0.0024938450078479946,True,Exact PennyLane symbolic/CSR path with label aggregation.
2,150,128,400,248,penny_diagonal_fcim,classical,1.31442541653679,69.53125,6.201700307428837e-05,True,Exact diagonal FCIM path; no dense eigendecomposition.
2,150,128,400,249,penny_exact_aggregate,quantum,1.2371238350624743,92.1875,0.0033320380025543272,True,Exact PennyLane symbolic/CSR path with label aggregation.
2,150,128,400,249,penny_diagonal_fcim,classical,1.3144232108468554,69.53125,7.238797843456268e-05,True,Exact diagonal FCIM path; no dense eigendecomposition.
2,150,128,400,250,penny_exact_aggregate,quantum,1.2371029036656283,92.1875,0.0025637089856900275,True,Exact PennyLane symbolic/CSR path with label aggregation.
2,150,128,400,250,penny_diagonal_fcim,classical,1.314421052284227,69.53125,6.719195516780019e-05,True,Exact diagonal FCIM path; no dense eigendecomposition.
2,150,128,400,251,penny_exact_aggregate,quantum,1.2370823823943775,92.1875,0.002565614995546639,True,Exact PennyLane symbolic/CSR path with label aggregation.
2,150,128,400,251,penny_diagonal_fcim,classical,1.314418939827082,69.53125,6.1027996707707644e-05,True,Exact diagonal FCIM path; no dense eigendecomposition.
2,150,128,400,252,penny_exact_aggregate,quantum,1.2370622629603192,92.1875,0.002535601961426437,True,Exact PennyLane symbolic/CSR path with label aggregation.
2,150,128,400,252,penny_diagonal_fcim,classical,1.3144168724761416,69.53125,6.139103788882494e-05,True,Exact diagonal FCIM path; no dense eigendecomposition.
2,150,128,400,253,penny_exact_aggregate,quantum,1.2370425372492984,92.1875,0.0030972769600339234,True,Exact PennyLane symbolic/CSR path with label aggregation.
2,150,128,400,253,penny_diagonal_fcim,classical,1.3144148492541614,69.53125,6.952398689463735e-05,True,Exact diagonal FCIM path; no dense eigendecomposition.
2,150,128,400,254,penny_exact_aggregate,quantum,1.2370231973175567,92.1875,0.002705042017623782,True,Exact PennyLane symbolic/CSR path with label aggregation.
2,150,128,400,254,penny_diagonal_fcim,classical,1.3144128692054382,69.53125,6.652699084952474e-05,True,Exact diagonal FCIM path; no dense eigendecomposition.
2,150,128,400,255,penny_exact_aggregate,quantum,1.2370042353879818,92.1875,0.002538819971960038,True,Exact PennyLane symbolic/CSR path with label aggregation.
2,150,128,400,255,penny_diagonal_fcim,classical,1.3144109313953232,69.53125,6.479601142928004e-05,True,Exact diagonal FCIM path; no dense eigendecomposition.
2,150,128,400,256,penny_exact_aggregate,quantum,1.236985643846439,92.1875,0.002520319016184658,True,Exact PennyLane symbolic/CSR path with label aggregation.
2,150,128,400,256,penny_diagonal_fcim,classical,1.31440903490975,69.53125,6.100902101024985e-05,True,Exact diagonal FCIM path; no dense eigendecomposition.
2,150,128,400,257,penny_exact_aggregate,quantum,1.2369674152381906,92.1875,0.002488829952199012,True,Exact PennyLane symbolic/CSR path with label aggregation.
2,150,128,400,257,penny_diagonal_fcim,classical,1.3144071788547713,69.53125,6.130000110715628e-05,True,Exact diagonal FCIM path; no dense eigendecomposition.
2,150,128,400,258,penny_exact_aggregate,quantum,1.2369495422643988,92.1875,0.0031558049959130585,True,Exact PennyLane symbolic/CSR path with label aggregation.
2,150,128,400,258,penny_diagonal_fcim,classical,1.3144053623561085,69.53125,7.209600880742073e-05,True,Exact diagonal FCIM path; no dense eigendecomposition.
2,150,128,400,259,penny_exact_aggregate,quantum,1.2369320177787038,92.1875,0.0025465780054219067,True,Exact PennyLane symbolic/CSR path with label aggregation.
2,150,128,400,259,penny_diagonal_fcim,classical,1.314403584558708,69.53125,6.194197339937091e-05,True,Exact diagonal FCIM path; no dense eigendecomposition.
2,150,128,400,260,penny_exact_aggregate,quantum,1.2369148347838914,92.1875,0.0025038199964910746,True,Exact PennyLane symbolic/CSR path with label aggregation.
2,150,128,400,260,penny_diagonal_fcim,classical,1.3144018446263126,69.53125,6.101798499003053e-05,True,Exact diagonal FCIM path; no dense eigendecomposition.
2,150,128,400,261,penny_exact_aggregate,quantum,1.2368979864286258,92.1875,0.002521459013223648,True,Exact PennyLane symbolic/CSR path with label aggregation.
2,150,128,400,261,penny_diagonal_fcim,classical,1.314400141741038,69.53125,6.17949990555644e-05,True,Exact diagonal FCIM path; no dense eigendecomposition.
2,150,128,400,262,penny_exact_aggregate,quantum,1.2368814660042688,92.1875,0.002508968987967819,True,Exact PennyLane symbolic/CSR path with label aggregation.
2,150,128,400,262,penny_diagonal_fcim,classical,1.3143984751029625,69.53125,6.864895112812519e-05,True,Exact diagonal FCIM path; no dense eigendecomposition.
2,150,128,400,263,penny_exact_aggregate,quantum,1.2368652669417681,92.1875,0.002811521990224719,True,Exact PennyLane symbolic/CSR path with label aggregation.
2,150,128,400,263,penny_diagonal_fcim,classical,1.3143968439297233,69.53125,7.043499499559402e-05,True,Exact diagonal FCIM path; no dense eigendecomposition.
2,150,128,400,264,penny_exact_aggregate,quantum,1.2368493828086098,92.1875,0.00253090396290645,True,Exact PennyLane symbolic/CSR path with label aggregation.
2,150,128,400,264,penny_diagonal_fcim,classical,1.3143952474561265,69.53125,7.244996959343553e-05,True,Exact diagonal FCIM path; no dense eigendecomposition.
2,150,128,400,265,penny_exact_aggregate,quantum,1.2368338073058576,92.1875,0.0024880730197764933,True,Exact PennyLane symbolic/CSR path with label aggregation.
2,150,128,400,265,penny_diagonal_fcim,classical,1.3143936849337579,69.53125,6.0274964198470116e-05,True,Exact diagonal FCIM path; no dense eigendecomposition.
2,150,128,400,266,penny_exact_aggregate,quantum,1.2368185342652427,92.1875,0.0024851919733919203,True,Exact PennyLane symbolic/CSR path with label aggregation.
2,150,128,400,266,penny_diagonal_fcim,classical,1.3143921556306128,69.53125,7.140805246308446e-05,True,Exact diagonal FCIM path; no dense eigendecomposition.
2,150,128,400,267,penny_exact_aggregate,quantum,1.23680355764633,92.1875,0.002744717989116907,True,Exact PennyLane symbolic/CSR path with label aggregation.
2,150,128,400,267,penny_diagonal_fcim,classical,1.314390658830727,69.53125,8.95170378498733e-05,True,Exact diagonal FCIM path; no dense eigendecomposition.
2,150,128,400,268,penny_exact_aggregate,quantum,1.2367888715337474,92.1875,0.002629007969517261,True,Exact PennyLane symbolic/CSR path with label aggregation.
2,150,128,400,268,penny_diagonal_fcim,classical,1.3143891938338186,69.53125,6.229500286281109e-05,True,Exact diagonal FCIM path; no dense eigendecomposition.
2,150,128,400,269,penny_exact_aggregate,quantum,1.2367744701344794,92.1875,0.002516687964089215,True,Exact PennyLane symbolic/CSR path with label aggregation.
2,150,128,400,269,penny_diagonal_fcim,classical,1.3143877599549376,69.53125,6.135302828624845e-05,True,Exact diagonal FCIM path; no dense eigendecomposition.
2,150,128,400,270,penny_exact_aggregate,quantum,1.2367603477752205,92.1875,0.002560114022344351,True,Exact PennyLane symbolic/CSR path with label aggregation.
2,150,128,400,270,penny_diagonal_fcim,classical,1.314386356524125,69.53125,6.149301771074533e-05,True,Exact diagonal FCIM path; no dense eigendecomposition.
2,150,128,400,271,penny_exact_aggregate,quantum,1.2367464988997863,92.1875,0.002700052980799228,True,Exact PennyLane symbolic/CSR path with label aggregation.
2,150,128,400,271,penny_diagonal_fcim,classical,1.3143849828860776,69.53125,7.574300980195403e-05,True,Exact diagonal FCIM path; no dense eigendecomposition.
2,150,128,400,272,penny_exact_aggregate,quantum,1.2367329180665918,92.1875,0.002940020989626646,True,Exact PennyLane symbolic/CSR path with label aggregation.
2,150,128,400,272,penny_diagonal_fcim,classical,1.3143836383998215,69.53125,6.908999057486653e-05,True,Exact diagonal FCIM path; no dense eigendecomposition.
2,150,128,400,273,penny_exact_aggregate,quantum,1.2367195999461797,92.1875,0.002555814979132265,True,Exact PennyLane symbolic/CSR path with label aggregation.
2,150,128,400,273,penny_diagonal_fcim,classical,1.3143823224383926,69.53125,6.464397301897407e-05,True,Exact diagonal FCIM path; no dense eigendecomposition.
2,150,128,400,274,penny_exact_aggregate,quantum,1.2367065393188068,92.1875,0.0025045249494723976,True,Exact PennyLane symbolic/CSR path with label aggregation.
2,150,128,400,274,penny_diagonal_fcim,classical,1.314381034388525,69.53125,7.054803427308798e-05,True,Exact diagonal FCIM path; no dense eigendecomposition.
2,150,128,400,275,penny_exact_aggregate,quantum,1.2366937310720836,92.1875,0.0025092490250244737,True,Exact PennyLane symbolic/CSR path with label aggregation.
2,150,128,400,275,penny_diagonal_fcim,classical,1.314379773650346,69.53125,6.084999768063426e-05,True,Exact diagonal FCIM path; no dense eigendecomposition.
2,150,128,400,276,penny_exact_aggregate,quantum,1.2366811701986766,92.1875,0.0027886179741472006,True,Exact PennyLane symbolic/CSR path with label aggregation.
2,150,128,400,276,penny_diagonal_fcim,classical,1.3143785396370777,69.53125,7.419299799948931e-05,True,Exact diagonal FCIM path; no dense eigendecomposition.
2,150,128,400,277,penny_exact_aggregate,quantum,1.2366688517940443,92.1875,0.002599214029032737,True,Exact PennyLane symbolic/CSR path with label aggregation.
2,150,128,400,277,penny_diagonal_fcim,classical,1.3143773317747476,69.53125,6.243400275707245e-05,True,Exact diagonal FCIM path; no dense eigendecomposition.
2,150,128,400,278,penny_exact_aggregate,quantum,1.2366567710542449,92.1875,0.0024996550055220723,True,Exact PennyLane symbolic/CSR path with label aggregation.
2,150,128,400,278,penny_diagonal_fcim,classical,1.3143761495019013,69.53125,6.122299237176776e-05,True,Exact diagonal FCIM path; no dense eigendecomposition.
2,150,128,400,279,penny_exact_aggregate,quantum,1.2366449232737766,92.1875,0.002519647008739412,True,Exact PennyLane symbolic/CSR path with label aggregation.
2,150,128,400,279,penny_diagonal_fcim,classical,1.3143749922693266,69.53125,6.099004531279206e-05,True,Exact diagonal FCIM path; no dense eigendecomposition.
2,150,128,400,280,penny_exact_aggregate,quantum,1.2366333038434782,92.1875,0.002678561955690384,True,Exact PennyLane symbolic/CSR path with label aggregation.
2,150,128,400,280,penny_diagonal_fcim,classical,1.3143738595397803,69.53125,7.28889717720449e-05,True,Exact diagonal FCIM path; no dense eigendecomposition.
2,150,128,400,281,penny_exact_aggregate,quantum,1.2366219082484693,92.1875,0.002965682011563331,True,Exact PennyLane symbolic/CSR path with label aggregation.
2,150,128,400,281,penny_diagonal_fcim,classical,1.3143727507877239,69.53125,6.690097507089376e-05,True,Exact diagonal FCIM path; no dense eigendecomposition.
2,150,128,400,282,penny_exact_aggregate,quantum,1.236610732066141,92.1875,0.0025954609736800194,True,Exact PennyLane symbolic/CSR path with label aggregation.
2,150,128,400,282,penny_diagonal_fcim,classical,1.3143716654990631,69.53125,7.383996853604913e-05,True,Exact diagonal FCIM path; no dense eigendecomposition.
2,150,128,400,283,penny_exact_aggregate,quantum,1.236599770964188,92.1875,0.0024768260191194713,True,Exact PennyLane symbolic/CSR path with label aggregation.
2,150,128,400,283,penny_diagonal_fcim,classical,1.3143706031708942,69.53125,6.134901195764542e-05,True,Exact diagonal FCIM path; no dense eigendecomposition.
2,150,128,400,284,penny_exact_aggregate,quantum,1.2365890206986923,92.1875,0.0024912109947763383,True,Exact PennyLane symbolic/CSR path with label aggregation.
2,150,128,400,284,penny_diagonal_fcim,classical,1.3143695633112564,69.53125,6.277899956330657e-05,True,Exact diagonal FCIM path; no dense eigendecomposition.
2,150,128,400,285,penny_exact_aggregate,quantum,1.2365784771122392,92.1875,0.002791527018416673,True,Exact PennyLane symbolic/CSR path with label aggregation.
2,150,128,400,285,penny_diagonal_fcim,classical,1.3143685454388891,69.53125,7.47760059311986e-05,True,Exact diagonal FCIM path; no dense eigendecomposition.
2,150,128,400,286,penny_exact_aggregate,quantum,1.2365681361320835,92.1875,0.0025565120158717036,True,Exact PennyLane symbolic/CSR path with label aggregation.
2,150,128,400,286,penny_diagonal_fcim,classical,1.3143675490829958,69.53125,6.179301999509335e-05,True,Exact diagonal FCIM path; no dense eigendecomposition.
2,150,128,400,287,penny_exact_aggregate,quantum,1.2365579937683502,92.1875,0.0024968829820863903,True,Exact PennyLane symbolic/CSR path with label aggregation.
2,150,128,400,287,penny_diagonal_fcim,classical,1.3143665737830104,69.53125,6.098899757489562e-05,True,Exact diagonal FCIM path; no dense eigendecomposition.
2,150,128,400,288,penny_exact_aggregate,quantum,1.2365480461122864,92.1875,0.002496967965271324,True,Exact PennyLane symbolic/CSR path with label aggregation.
2,150,128,400,288,penny_diagonal_fcim,classical,1.3143656190883743,69.53125,6.117398152127862e-05,True,Exact diagonal FCIM path; no dense eigendecomposition.
2,150,128,400,289,penny_exact_aggregate,quantum,1.236538289334534,92.1875,0.0026427889824844897,True,Exact PennyLane symbolic/CSR path with label aggregation.
2,150,128,400,289,penny_diagonal_fcim,classical,1.3143646845583121,69.53125,7.339403964579105e-05,True,Exact diagonal FCIM path; no dense eigendecomposition.
2,150,128,400,290,penny_exact_aggregate,quantum,1.2365287196834607,92.1875,0.0028472589910961688,True,Exact PennyLane symbolic/CSR path with label aggregation.
2,150,128,400,290,penny_diagonal_fcim,classical,1.3143637697616177,69.53125,6.579200271517038e-05,True,Exact diagonal FCIM path; no dense eigendecomposition.
2,150,128,400,291,penny_exact_aggregate,quantum,1.2365193334835138,92.1875,0.002499166992492974,True,Exact PennyLane symbolic/CSR path with label aggregation.
2,150,128,400,291,penny_diagonal_fcim,classical,1.3143628742764406,69.53125,6.146897794678807e-05,True,Exact diagonal FCIM path; no dense eigendecomposition.
2,150,128,400,292,penny_exact_aggregate,quantum,1.2365101271336156,92.1875,0.002485434990376234,True,Exact PennyLane symbolic/CSR path with label aggregation.
2,150,128,400,292,penny_diagonal_fcim,classical,1.314361997690082,69.53125,6.0790975112468004e-05,True,Exact diagonal FCIM path; no dense eigendecomposition.
2,150,128,400,293,penny_exact_aggregate,quantum,1.2365010971055952,92.1875,0.0025373250246047974,True,Exact PennyLane symbolic/CSR path with label aggregation.
2,150,128,400,293,penny_diagonal_fcim,classical,1.3143611395987906,69.53125,6.0860009398311377e-05,True,Exact diagonal FCIM path; no dense eigendecomposition.
2,150,128,400,294,penny_exact_aggregate,quantum,1.2364922399426508,92.1875,0.0027992629911750555,True,Exact PennyLane symbolic/CSR path with label aggregation.
2,150,128,400,294,penny_diagonal_fcim,classical,1.314360299607567,69.53125,7.321499288082123e-05,True,Exact diagonal FCIM path; no dense eigendecomposition.
2,150,128,400,295,penny_exact_aggregate,quantum,1.2364835522578554,92.1875,0.002580970001872629,True,Exact PennyLane symbolic/CSR path with label aggregation.
2,150,128,400,295,penny_diagonal_fcim,classical,1.314359477329969,69.53125,6.275996565818787e-05,True,Exact diagonal FCIM path; no dense eigendecomposition.
2,150,128,400,296,penny_exact_aggregate,quantum,1.236475030732679,92.1875,0.002485938952304423,True,Exact PennyLane symbolic/CSR path with label aggregation.
2,150,128,400,296,penny_diagonal_fcim,classical,1.3143586723879248,69.53125,6.037799175828695e-05,True,Exact diagonal FCIM path; no dense eigendecomposition.
2,150,128,400,297,penny_exact_aggregate,quantum,1.236466672115565,92.1875,0.002520932990591973,True,Exact PennyLane symbolic/CSR path with label aggregation.
2,150,128,400,297,penny_diagonal_fcim,classical,1.3143578844115478,69.53125,6.036000559106469e-05,True,Exact diagonal FCIM path; no dense eigendecomposition.
2,150,128,400,298,penny_exact_aggregate,quantum,1.2364584732205146,92.1875,0.0025354050449095666,True,Exact PennyLane symbolic/CSR path with label aggregation.
2,150,128,400,298,penny_diagonal_fcim,classical,1.3143571130389557,69.53125,6.629200652241707e-05,True,Exact diagonal FCIM path; no dense eigendecomposition.
2,150,128,400,299,penny_exact_aggregate,quantum,1.2364504309257227,92.1875,0.0028061590273864567,True,Exact PennyLane symbolic/CSR path with label aggregation.
2,150,128,400,299,penny_diagonal_fcim,classical,1.314356357916096,69.53125,6.64840335957706e-05,True,Exact diagonal FCIM path; no dense eigendecomposition.
2,150,128,400,300,penny_exact_aggregate,quantum,1.2364425421722287,92.1875,0.0025309689808636904,True,Exact PennyLane symbolic/CSR path with label aggregation.
2,150,128,400,300,penny_diagonal_fcim,classical,1.3143556186965724,69.53125,6.094801938161254e-05,True,Exact diagonal FCIM path; no dense eigendecomposition.
2,150,128,400,301,penny_exact_aggregate,quantum,1.2364348039626067,92.1875,0.002471327956300229,True,Exact PennyLane symbolic/CSR path with label aggregation.
2,150,128,400,301,penny_diagonal_fcim,classical,1.3143548950414767,69.53125,6.170402048155665e-05,True,Exact diagonal FCIM path; no dense eigendecomposition.
2,150,128,400,302,penny_exact_aggregate,quantum,1.2364272133596799,92.1875,0.0025080579798668623,True,Exact PennyLane symbolic/CSR path with label aggregation.
2,150,128,400,302,penny_diagonal_fcim,classical,1.3143541866192248,69.53125,6.0580961871892214e-05,True,Exact diagonal FCIM path; no dense eigendecomposition.
2,150,128,400,303,penny_exact_aggregate,quantum,1.2364197674852626,92.1875,0.0030572229879908264,True,Exact PennyLane symbolic/CSR path with label aggregation.
2,150,128,400,303,penny_diagonal_fcim,classical,1.3143534931053953,69.53125,7.402198389172554e-05,True,Exact diagonal FCIM path; no dense eigendecomposition.
2,150,128,400,304,penny_exact_aggregate,quantum,1.2364124635189322,92.1875,0.0025751740322448313,True,Exact PennyLane symbolic/CSR path with label aggregation.
2,150,128,400,304,penny_diagonal_fcim,classical,1.3143528141825729,69.53125,6.626895628869534e-05,True,Exact diagonal FCIM path; no dense eigendecomposition.
2,150,128,400,305,penny_exact_aggregate,quantum,1.2364052986968255,92.1875,0.0025208930019289255,True,Exact PennyLane symbolic/CSR path with label aggregation.
2,150,128,400,305,penny_diagonal_fcim,classical,1.314352149540193,69.53125,6.23659580014646e-05,True,Exact diagonal FCIM path; no dense eigendecomposition.
2,150,128,400,306,penny_exact_aggregate,quantum,1.2363982703104655,92.1875,0.002485817007254809,True,Exact PennyLane symbolic/CSR path with label aggregation.
2,150,128,400,306,penny_diagonal_fcim,classical,1.3143514988743938,69.53125,6.167305400595069e-05,True,Exact diagonal FCIM path; no dense eigendecomposition.
2,150,128,400,307,penny_exact_aggregate,quantum,1.2363913757056029,92.1875,0.0026926909922622144,True,Exact PennyLane symbolic/CSR path with label aggregation.
2,150,128,400,307,penny_diagonal_fcim,classical,1.314350861887867,69.53125,6.804201984778047e-05,True,Exact diagonal FCIM path; no dense eigendecomposition.
2,150,128,400,308,penny_exact_aggregate,quantum,1.2363846122811006,92.1875,0.002821246045641601,True,Exact PennyLane symbolic/CSR path with label aggregation.
2,150,128,400,308,penny_diagonal_fcim,classical,1.314350238289716,69.53125,6.976898293942213e-05,True,Exact diagonal FCIM path; no dense eigendecomposition.
2,150,128,400,309,penny_exact_aggregate,quantum,1.2363779774878245,92.1875,0.0025255170185118914,True,Exact PennyLane symbolic/CSR path with label aggregation.
2,150,128,400,309,penny_diagonal_fcim,classical,1.3143496277953135,69.53125,6.204296369105577e-05,True,Exact diagonal FCIM path; no dense eigendecomposition.
2,150,128,400,310,penny_exact_aggregate,quantum,1.236371468827572,92.1875,0.0025042640045285225,True,Exact PennyLane symbolic/CSR path with label aggregation.
2,150,128,400,310,penny_diagonal_fcim,classical,1.3143490301261667,69.53125,6.0975959058851004e-05,True,Exact diagonal FCIM path; no dense eigendecomposition.
2,150,128,400,311,penny_exact_aggregate,quantum,1.2363650838520075,92.1875,0.0024729520082473755,True,Exact PennyLane symbolic/CSR path with label aggregation.
2,150,128,400,311,penny_diagonal_fcim,classical,1.3143484450097804,69.53125,6.062601460143924e-05,True,Exact diagonal FCIM path; no dense eigendecomposition.
2,150,128,400,312,penny_exact_aggregate,quantum,1.2363588201616489,92.1875,0.002578444022219628,True,Exact PennyLane symbolic/CSR path with label aggregation.
2,150,128,400,312,penny_diagonal_fcim,classical,1.3143478721795274,69.53125,8.63070017658174e-05,True,Exact diagonal FCIM path; no dense eigendecomposition.
2,150,128,400,313,penny_exact_aggregate,quantum,1.2363526754048384,92.1875,0.0026223189779557288,True,Exact PennyLane symbolic/CSR path with label aggregation.
2,150,128,400,313,penny_diagonal_fcim,classical,1.31434731137452,69.53125,6.425898754969239e-05,True,Exact diagonal FCIM path; no dense eigendecomposition.
2,150,128,400,314,penny_exact_aggregate,quantum,1.2363466472767697,92.1875,0.0024897190160118043,True,Exact PennyLane symbolic/CSR path with label aggregation.
2,150,128,400,314,penny_diagonal_fcim,classical,1.3143467623394838,69.53125,6.055302219465375e-05,True,Exact diagonal FCIM path; no dense eigendecomposition.
2,150,128,400,315,penny_exact_aggregate,quantum,1.2363407335185141,92.1875,0.0024812999763526022,True,Exact PennyLane symbolic/CSR path with label aggregation.
2,150,128,400,315,penny_diagonal_fcim,classical,1.314346224824635,69.53125,6.18969788774848e-05,True,Exact diagonal FCIM path; no dense eigendecomposition.
2,150,128,400,316,penny_exact_aggregate,quantum,1.2363349319160803,92.1875,0.00250010599847883,True,Exact PennyLane symbolic/CSR path with label aggregation.
2,150,128,400,316,penny_diagonal_fcim,classical,1.3143456985855617,69.53125,7.128302240744233e-05,True,Exact diagonal FCIM path; no dense eigendecomposition.
2,150,128,400,317,penny_exact_aggregate,quantum,1.236329240299486,92.1875,0.002848756965249777,True,Exact PennyLane symbolic/CSR path with label aggregation.
2,150,128,400,317,penny_diagonal_fcim,classical,1.3143451833831055,69.53125,7.264700252562761e-05,True,Exact diagonal FCIM path; no dense eigendecomposition.
2,150,128,400,318,penny_exact_aggregate,quantum,1.236323656541853,92.1875,0.002566405979450792,True,Exact PennyLane symbolic/CSR path with label aggregation.
2,150,128,400,318,penny_diagonal_fcim,classical,1.3143446789832463,69.53125,6.243499228730798e-05,True,Exact diagonal FCIM path; no dense eigendecomposition.
2,150,128,400,319,penny_exact_aggregate,quantum,1.2363181785585233,92.1875,0.0024994430132210255,True,Exact PennyLane symbolic/CSR path with label aggregation.
2,150,128,400,319,penny_diagonal_fcim,classical,1.3143441851569924,69.53125,6.029597716405988e-05,True,Exact diagonal FCIM path; no dense eigendecomposition.
2,150,128,400,320,penny_exact_aggregate,quantum,1.2363128043061926,92.96875,0.002518418012186885,True,Exact PennyLane symbolic/CSR path with label aggregation.
2,150,128,400,320,penny_diagonal_fcim,classical,1.3143437016802682,69.53125,6.10969727858901e-05,True,Exact diagonal FCIM path; no dense eigendecomposition.
2,150,128,400,321,penny_exact_aggregate,quantum,1.2363075317820598,92.96875,0.002688153996132314,True,Exact PennyLane symbolic/CSR path with label aggregation.
2,150,128,400,321,penny_diagonal_fcim,classical,1.314343228333808,69.53125,0.00011521897977218032,True,Exact diagonal FCIM path; no dense eigendecomposition.
2,150,128,400,322,penny_exact_aggregate,quantum,1.2363023590229976,92.96875,0.0027237290050834417,True,Exact PennyLane symbolic/CSR path with label aggregation.
2,150,128,400,322,penny_diagonal_fcim,classical,1.3143427649030528,69.53125,6.151001434773207e-05,True,Exact diagonal FCIM path; no dense eigendecomposition.
2,150,128,400,323,penny_exact_aggregate,quantum,1.2362972841047426,92.96875,0.0025060439947992563,True,Exact PennyLane symbolic/CSR path with label aggregation.
2,150,128,400,323,penny_diagonal_fcim,classical,1.3143423111780446,69.53125,6.166601087898016e-05,True,Exact diagonal FCIM path; no dense eigendecomposition.
2,150,128,400,324,penny_exact_aggregate,quantum,1.2362923051410981,92.96875,0.0025071119889616966,True,Exact PennyLane symbolic/CSR path with label aggregation.
2,150,128,400,324,penny_diagonal_fcim,classical,1.3143418669533293,69.53125,6.086396751925349e-05,True,Exact diagonal FCIM path; no dense eigendecomposition.
2,150,128,400,325,penny_exact_aggregate,quantum,1.2362874202831562,92.96875,0.0025543170049786568,True,Exact PennyLane symbolic/CSR path with label aggregation.
2,150,128,400,325,penny_diagonal_fcim,classical,1.3143414320278568,69.53125,7.155101047828794e-05,True,Exact diagonal FCIM path; no dense eigendecomposition.
2,150,128,400,326,penny_exact_aggregate,quantum,1.2362826277185355,92.96875,0.0029359569889493287,True,Exact PennyLane symbolic/CSR path with label aggregation.
2,150,128,400,326,penny_diagonal_fcim,classical,1.3143410062048853,69.53125,7.961998926475644e-05,True,Exact diagonal FCIM path; no dense eigendecomposition.
2,150,128,400,327,penny_exact_aggregate,quantum,1.236277925670639,92.96875,0.0025029119569808245,True,Exact PennyLane symbolic/CSR path with label aggregation.
2,150,128,400,327,penny_diagonal_fcim,classical,1.3143405892918882,69.53125,6.153900176286697e-05,True,Exact diagonal FCIM path; no dense eigendecomposition.
2,150,128,400,328,penny_exact_aggregate,quantum,1.2362733123979224,92.96875,0.002525655028875917,True,Exact PennyLane symbolic/CSR path with label aggregation.
2,150,128,400,328,penny_diagonal_fcim,classical,1.3143401811004622,69.53125,8.40210122987628e-05,True,Exact diagonal FCIM path; no dense eigendecomposition.
2,150,128,400,329,penny_exact_aggregate,quantum,1.2362687861931791,92.96875,0.0040637829806655645,True,Exact PennyLane symbolic/CSR path with label aggregation.
2,150,128,400,329,penny_diagonal_fcim,classical,1.314339781446238,69.53125,7.224298315122724e-05,True,Exact diagonal FCIM path; no dense eigendecomposition.
2,150,128,400,330,penny_exact_aggregate,quantum,1.2362643453828426,92.96875,0.0028506250237114727,True,Exact PennyLane symbolic/CSR path with label aggregation.
2,150,128,400,330,penny_diagonal_fcim,classical,1.3143393901487923,69.53125,6.603501969948411e-05,True,Exact diagonal FCIM path; no dense eigendecomposition.
2,150,128,400,331,penny_exact_aggregate,quantum,1.2362599883263041,92.96875,0.0025279499823227525,True,Exact PennyLane symbolic/CSR path with label aggregation.
2,150,128,400,331,penny_diagonal_fcim,classical,1.3143390070315615,69.53125,7.168197771534324e-05,True,Exact diagonal FCIM path; no dense eigendecomposition.
2,150,128,400,332,penny_exact_aggregate,quantum,1.23625571341524,92.96875,0.002478591981343925,True,Exact PennyLane symbolic/CSR path with label aggregation.
2,150,128,400,332,penny_diagonal_fcim,classical,1.3143386319217591,69.53125,6.107601802796125e-05,True,Exact diagonal FCIM path; no dense eigendecomposition.
2,150,128,400,333,penny_exact_aggregate,quantum,1.2362515190729604,92.96875,0.002508123987354338,True,Exact PennyLane symbolic/CSR path with label aggregation.
2,150,128,400,333,penny_diagonal_fcim,classical,1.3143382646502935,69.53125,6.345403380692005e-05,True,Exact diagonal FCIM path; no dense eigendecomposition.
2,150,128,400,334,penny_exact_aggregate,quantum,1.236247403753758,92.96875,0.002772176987491548,True,Exact PennyLane symbolic/CSR path with label aggregation.
2,150,128,400,334,penny_diagonal_fcim,classical,1.3143379050516866,69.53125,0.00010106404079124331,True,Exact diagonal FCIM path; no dense eigendecomposition.
2,150,128,400,335,penny_exact_aggregate,quantum,1.2362433659422951,92.96875,0.002580892003607005,True,Exact PennyLane symbolic/CSR path with label aggregation.
2,150,128,400,335,penny_diagonal_fcim,classical,1.314337552963997,69.53125,6.308301817625761e-05,True,Exact diagonal FCIM path; no dense eigendecomposition.
2,150,128,400,336,penny_exact_aggregate,quantum,1.236239404152975,92.96875,0.002466307021677494,True,Exact PennyLane symbolic/CSR path with label aggregation.
2,150,128,400,336,penny_diagonal_fcim,classical,1.314337208228743,69.53125,6.145599763840437e-05,True,Exact diagonal FCIM path; no dense eigendecomposition.
2,150,128,400,337,penny_exact_aggregate,quantum,1.2362355169293464,92.96875,0.002490092010702938,True,Exact PennyLane symbolic/CSR path with label aggregation.
2,150,128,400,337,penny_diagonal_fcim,classical,1.314336870690827,69.53125,7.062300574034452e-05,True,Exact diagonal FCIM path; no dense eigendecomposition.
2,150,128,400,338,penny_exact_aggregate,quantum,1.2362317028435168,92.96875,0.0024910610518418252,True,Exact PennyLane symbolic/CSR path with label aggregation.
2,150,128,400,338,penny_diagonal_fcim,classical,1.314336540198462,69.53125,6.981001934036613e-05,True,Exact diagonal FCIM path; no dense eigendecomposition.
2,150,128,400,339,penny_exact_aggregate,quantum,1.236227960495567,92.96875,0.002873358957003802,True,Exact PennyLane symbolic/CSR path with label aggregation.
2,150,128,400,339,penny_diagonal_fcim,classical,1.3143362166031016,69.53125,6.637501064687967e-05,True,Exact diagonal FCIM path; no dense eigendecomposition.
2,150,128,400,340,penny_exact_aggregate,quantum,1.2362242885129964,92.96875,0.002523691044189036,True,Exact PennyLane symbolic/CSR path with label aggregation.
2,150,128,400,340,penny_diagonal_fcim,classical,1.3143358997593684,69.53125,6.346299778670073e-05,True,Exact diagonal FCIM path; no dense eigendecomposition.
2,150,128,400,341,penny_exact_aggregate,quantum,1.2362206855501603,92.96875,0.002496653003618121,True,Exact PennyLane symbolic/CSR path with label aggregation.
2,150,128,400,341,penny_diagonal_fcim,classical,1.3143355895249849,69.53125,6.207998376339674e-05,True,Exact diagonal FCIM path; no dense eigendecomposition.
2,150,128,400,342,penny_exact_aggregate,quantum,1.2362171502877373,92.96875,0.002514877007342875,True,Exact PennyLane symbolic/CSR path with label aggregation.
2,150,128,400,342,penny_diagonal_fcim,classical,1.3143352857607087,69.53125,6.175099406391382e-05,True,Exact diagonal FCIM path; no dense eigendecomposition.
2,150,128,400,343,penny_exact_aggregate,quantum,1.2362136814321922,92.96875,0.002766698016785085,True,Exact PennyLane symbolic/CSR path with label aggregation.
2,150,128,400,343,penny_diagonal_fcim,classical,1.3143349883302642,69.53125,7.730303332209587e-05,True,Exact diagonal FCIM path; no dense eigendecomposition.
2,150,128,400,344,penny_exact_aggregate,quantum,1.2362102777152617,92.96875,0.0026393160223960876,True,Exact PennyLane symbolic/CSR path with label aggregation.
2,150,128,400,344,penny_diagonal_fcim,classical,1.3143346971002807,69.53125,6.789102917537093e-05,True,Exact diagonal FCIM path; no dense eigendecomposition.
2,150,128,400,345,penny_exact_aggregate,quantum,1.2362069378934462,92.96875,0.0025082009960897267,True,Exact PennyLane symbolic/CSR path with label aggregation.
2,150,128,400,345,penny_diagonal_fcim,classical,1.3143344119402283,69.53125,6.0793012380599976e-05,True,Exact diagonal FCIM path; no dense eigendecomposition.
2,150,128,400,346,penny_exact_aggregate,quantum,1.236203660747507,92.96875,0.0025004239869304,True,Exact PennyLane symbolic/CSR path with label aggregation.
2,150,128,400,346,penny_diagonal_fcim,classical,1.3143341327223574,69.53125,6.098701851442456e-05,True,Exact diagonal FCIM path; no dense eigendecomposition.
2,150,128,400,347,penny_exact_aggregate,quantum,1.2362004450819848,92.96875,0.002473134023603052,True,Exact PennyLane symbolic/CSR path with label aggregation.
2,150,128,400,347,penny_diagonal_fcim,classical,1.3143338593216378,69.53125,7.62490089982748e-05,True,Exact diagonal FCIM path; no dense eigendecomposition.
2,150,128,400,348,penny_exact_aggregate,quantum,1.2361972897247222,92.96875,0.0032460769871249795,True,Exact PennyLane symbolic/CSR path with label aggregation.
2,150,128,400,348,penny_diagonal_fcim,classical,1.3143335916157004,69.53125,7.321196608245373e-05,True,Exact diagonal FCIM path; no dense eigendecomposition.
2,150,128,400,349,penny_exact_aggregate,quantum,1.2361941935263903,92.96875,0.002632351010106504,True,Exact PennyLane symbolic/CSR path with label aggregation.
2,150,128,400,349,penny_diagonal_fcim,classical,1.3143333294847803,69.53125,6.206199759617448e-05,True,Exact diagonal FCIM path; no dense eigendecomposition.
2,150,128,400,350,penny_exact_aggregate,quantum,1.236191155360041,92.96875,0.002498213027138263,True,Exact PennyLane symbolic/CSR path with label aggregation.
2,150,128,400,350,penny_diagonal_fcim,classical,1.3143330728116602,69.53125,6.141600897535682e-05,True,Exact diagonal FCIM path; no dense eigendecomposition.
2,150,128,400,351,penny_exact_aggregate,quantum,1.236188174120653,92.96875,0.0025268690078519285,True,Exact PennyLane symbolic/CSR path with label aggregation.
2,150,128,400,351,penny_diagonal_fcim,classical,1.314332821481615,69.53125,0.0001017620088532567,True,Exact diagonal FCIM path; no dense eigendecomposition.
2,150,128,400,352,penny_exact_aggregate,quantum,1.2361852487246916,92.96875,0.002890302042942494,True,Exact PennyLane symbolic/CSR path with label aggregation.
2,150,128,400,352,penny_diagonal_fcim,classical,1.3143325753823585,69.53125,7.425702642649412e-05,True,Exact diagonal FCIM path; no dense eigendecomposition.
2,150,128,400,353,penny_exact_aggregate,quantum,1.2361823781096855,92.96875,0.0026152849895879626,True,Exact PennyLane symbolic/CSR path with label aggregation.
2,150,128,400,353,penny_diagonal_fcim,classical,1.3143323344039919,69.53125,6.166001548990607e-05,True,Exact diagonal FCIM path; no dense eigendecomposition.
2,150,128,400,354,penny_exact_aggregate,quantum,1.236179561233799,92.96875,0.002538844011723995,True,Exact PennyLane symbolic/CSR path with label aggregation.
2,150,128,400,354,penny_diagonal_fcim,classical,1.3143320984389497,69.53125,6.124202627688646e-05,True,Exact diagonal FCIM path; no dense eigendecomposition.
2,150,128,400,355,penny_exact_aggregate,quantum,1.236176797075426,92.96875,0.0025184699916280806,True,Exact PennyLane symbolic/CSR path with label aggregation.
2,150,128,400,355,penny_diagonal_fcim,classical,1.314331867381953,69.53125,7.113098399713635e-05,True,Exact diagonal FCIM path; no dense eigendecomposition.
2,150,128,400,356,penny_exact_aggregate,quantum,1.2361740846327829,92.96875,0.0026481039822101593,True,Exact PennyLane symbolic/CSR path with label aggregation.
2,150,128,400,356,penny_diagonal_fcim,classical,1.3143316411299573,69.53125,7.649202598258853e-05,True,Exact diagonal FCIM path; no dense eigendecomposition.
2,150,128,400,357,penny_exact_aggregate,quantum,1.236171422923515,92.96875,0.0029831730062142015,True,Exact PennyLane symbolic/CSR path with label aggregation.
2,150,128,400,357,penny_diagonal_fcim,classical,1.3143314195821059,69.53125,6.64079561829567e-05,True,Exact diagonal FCIM path; no dense eigendecomposition.
2,150,128,400,358,penny_exact_aggregate,quantum,1.2361688109843088,92.96875,0.002504009986296296,True,Exact PennyLane symbolic/CSR path with label aggregation.
2,150,128,400,358,penny_diagonal_fcim,classical,1.3143312026396825,69.53125,6.057199789211154e-05,True,Exact diagonal FCIM path; no dense eigendecomposition.
2,150,128,400,359,penny_exact_aggregate,quantum,1.2361662478705138,92.96875,0.0024960290174931288,True,Exact PennyLane symbolic/CSR path with label aggregation.
2,150,128,400,359,penny_diagonal_fcim,classical,1.3143309902060651,69.53125,6.02230429649353e-05,True,Exact diagonal FCIM path; no dense eigendecomposition.
2,150,128,400,360,penny_exact_aggregate,quantum,1.2361637326557713,92.96875,0.002508072997443378,True,Exact PennyLane symbolic/CSR path with label aggregation.
2,150,128,400,360,penny_diagonal_fcim,classical,1.3143307821866819,69.53125,6.333499914035201e-05,True,Exact diagonal FCIM path; no dense eigendecomposition.
2,150,128,400,361,penny_exact_aggregate,quantum,1.2361612644316484,92.96875,0.0026786940288729966,True,Exact PennyLane symbolic/CSR path with label aggregation.
2,150,128,400,361,penny_diagonal_fcim,classical,1.314330578488965,69.53125,7.455196464434266e-05,True,Exact diagonal FCIM path; no dense eigendecomposition.
2,150,128,400,362,penny_exact_aggregate,quantum,1.2361588423072867,92.96875,0.002607276022899896,True,Exact PennyLane symbolic/CSR path with label aggregation.
2,150,128,400,362,penny_diagonal_fcim,classical,1.3143303790223095,69.53125,6.728700827807188e-05,True,Exact diagonal FCIM path; no dense eigendecomposition.
2,150,128,400,363,penny_exact_aggregate,quantum,1.236156465409048,92.96875,0.002539381035603583,True,Exact PennyLane symbolic/CSR path with label aggregation.
2,150,128,400,363,penny_diagonal_fcim,classical,1.3143301836980315,69.53125,0.00010529003338888288,True,Exact diagonal FCIM path; no dense eigendecomposition.
2,150,128,400,364,penny_exact_aggregate,quantum,1.2361541328801775,92.96875,0.00413683702936396,True,Exact PennyLane symbolic/CSR path with label aggregation.
2,150,128,400,364,penny_diagonal_fcim,classical,1.3143299924293246,69.53125,0.00014857604401186109,True,Exact diagonal FCIM path; no dense eigendecomposition.
2,150,128,400,365,penny_exact_aggregate,quantum,1.2361518438804673,92.96875,0.003035139001440257,True,Exact PennyLane symbolic/CSR path with label aggregation.
2,150,128,400,365,penny_diagonal_fcim,classical,1.314329805131222,69.53125,7.030600681900978e-05,True,Exact diagonal FCIM path; no dense eigendecomposition.
2,150,128,400,366,penny_exact_aggregate,quantum,1.2361495975859254,92.96875,0.0025488390238024294,True,Exact PennyLane symbolic/CSR path with label aggregation.
2,150,128,400,366,penny_diagonal_fcim,classical,1.3143296217205558,69.53125,6.10459828749299e-05,True,Exact diagonal FCIM path; no dense eigendecomposition.
2,150,128,400,367,penny_exact_aggregate,quantum,1.2361473931884603,92.96875,0.0024850560002960265,True,Exact PennyLane symbolic/CSR path with label aggregation.
2,150,128,400,367,penny_diagonal_fcim,classical,1.3143294421159184,69.53125,6.01530191488564e-05,True,Exact diagonal FCIM path; no dense eigendecomposition.
2,150,128,400,368,penny_exact_aggregate,quantum,1.2361452298955655,92.96875,0.0025395380216650665,True,Exact PennyLane symbolic/CSR path with label aggregation.
2,150,128,400,368,penny_diagonal_fcim,classical,1.314329266237626,69.53125,6.152200512588024e-05,True,Exact diagonal FCIM path; no dense eigendecomposition.
2,150,128,400,369,penny_exact_aggregate,quantum,1.2361431069300046,92.96875,0.00316809699870646,True,Exact PennyLane symbolic/CSR path with label aggregation.
2,150,128,400,369,penny_diagonal_fcim,classical,1.3143290940076797,69.53125,7.562298560515046e-05,True,Exact diagonal FCIM path; no dense eigendecomposition.
2,150,128,400,370,penny_exact_aggregate,quantum,1.2361410235295183,92.96875,0.0026167159667238593,True,Exact PennyLane symbolic/CSR path with label aggregation.
2,150,128,400,370,penny_diagonal_fcim,classical,1.3143289253497306,69.53125,9.313697228208184e-05,True,Exact diagonal FCIM path; no dense eigendecomposition.
2,150,128,400,371,penny_exact_aggregate,quantum,1.2361389789465238,92.96875,0.002520707028452307,True,Exact PennyLane symbolic/CSR path with label aggregation.
2,150,128,400,371,penny_diagonal_fcim,classical,1.314328760189045,69.53125,6.066402420401573e-05,True,Exact diagonal FCIM path; no dense eigendecomposition.
2,150,128,400,372,penny_exact_aggregate,quantum,1.236136972447831,92.96875,0.0025049750111065805,True,Exact PennyLane symbolic/CSR path with label aggregation.
2,150,128,400,372,penny_diagonal_fcim,classical,1.3143285984524686,69.53125,6.138900062069297e-05,True,Exact diagonal FCIM path; no dense eigendecomposition.
2,150,128,400,373,penny_exact_aggregate,quantum,1.2361350033143448,92.96875,0.0030793920159339905,True,Exact PennyLane symbolic/CSR path with label aggregation.
2,150,128,400,373,penny_diagonal_fcim,classical,1.3143284400683934,69.53125,7.067696424201131e-05,True,Exact diagonal FCIM path; no dense eigendecomposition.
2,150,128,400,374,penny_exact_aggregate,quantum,1.2361330708408058,92.96875,0.002956769021693617,True,Exact PennyLane symbolic/CSR path with label aggregation.
2,150,128,400,374,penny_diagonal_fcim,classical,1.3143282849667244,69.53125,6.877799751237035e-05,True,Exact diagonal FCIM path; no dense eigendecomposition.
2,150,128,400,375,penny_exact_aggregate,quantum,1.236131174335506,92.96875,0.002522073977161199,True,Exact PennyLane symbolic/CSR path with label aggregation.
2,150,128,400,375,penny_diagonal_fcim,classical,1.3143281330788465,69.53125,6.202503573149443e-05,True,Exact diagonal FCIM path; no dense eigendecomposition.
2,150,128,400,376,penny_exact_aggregate,quantum,1.2361293131200206,92.96875,0.0026057729846797884,True,Exact PennyLane symbolic/CSR path with label aggregation.
2,150,128,400,376,penny_diagonal_fcim,classical,1.314327984337596,69.53125,6.321101682260633e-05,True,Exact diagonal FCIM path; no dense eigendecomposition.
2,150,128,400,377,penny_exact_aggregate,quantum,1.2361274865289595,92.96875,0.0025587519630789757,True,Exact PennyLane symbolic/CSR path with label aggregation.
2,150,128,400,377,penny_diagonal_fcim,classical,1.3143278386772241,69.53125,9.575701551511884e-05,True,Exact diagonal FCIM path; no dense eigendecomposition.
2,150,128,400,378,penny_exact_aggregate,quantum,1.2361256939096945,92.96875,0.0030728309648111463,True,Exact PennyLane symbolic/CSR path with label aggregation.
2,150,128,400,378,penny_diagonal_fcim,classical,1.314327696033372,69.53125,7.146800635382533e-05,True,Exact diagonal FCIM path; no dense eigendecomposition.
2,150,128,400,379,penny_exact_aggregate,quantum,1.2361239346221211,92.96875,0.0025538959889672697,True,Exact PennyLane symbolic/CSR path with label aggregation.
2,150,128,400,379,penny_diagonal_fcim,classical,1.3143275563430383,69.53125,6.343895802274346e-05,True,Exact diagonal FCIM path; no dense eigendecomposition.
2,150,128,400,380,penny_exact_aggregate,quantum,1.2361222080384067,92.96875,0.002495338034350425,True,Exact PennyLane symbolic/CSR path with label aggregation.
2,150,128,400,380,penny_diagonal_fcim,classical,1.3143274195445507,69.53125,6.0880964156240225e-05,True,Exact diagonal FCIM path; no dense eigendecomposition.
2,150,128,400,381,penny_exact_aggregate,quantum,1.236120513542752,92.96875,0.002520643000025302,True,Exact PennyLane symbolic/CSR path with label aggregation.
2,150,128,400,381,penny_diagonal_fcim,classical,1.3143272855775376,69.53125,6.276002386584878e-05,True,Exact diagonal FCIM path; no dense eigendecomposition.
2,150,128,400,382,penny_exact_aggregate,quantum,1.2361188505311558,92.96875,0.003050345985684544,True,Exact PennyLane symbolic/CSR path with label aggregation.
2,150,128,400,382,penny_diagonal_fcim,classical,1.3143271543829007,69.53125,7.55859655328095e-05,True,Exact diagonal FCIM path; no dense eigendecomposition.
2,150,128,400,383,penny_exact_aggregate,quantum,1.2361172184111793,92.96875,0.002658066980075091,True,Exact PennyLane symbolic/CSR path with label aggregation.
2,150,128,400,383,penny_diagonal_fcim,classical,1.3143270259027868,69.53125,7.173698395490646e-05,True,Exact diagonal FCIM path; no dense eigendecomposition.
2,150,128,400,384,penny_exact_aggregate,quantum,1.236115616601722,92.96875,0.0025193829787895083,True,Exact PennyLane symbolic/CSR path with label aggregation.
2,150,128,400,384,penny_diagonal_fcim,classical,1.3143269000805624,69.53125,6.239203503355384e-05,True,Exact diagonal FCIM path; no dense eigendecomposition.
2,150,128,400,385,penny_exact_aggregate,quantum,1.2361140445328074,92.96875,0.0024908349732868373,True,Exact PennyLane symbolic/CSR path with label aggregation.
2,150,128,400,385,penny_diagonal_fcim,classical,1.3143267768607876,69.53125,6.053404649719596e-05,True,Exact diagonal FCIM path; no dense eigendecomposition.
2,150,128,400,386,penny_exact_aggregate,quantum,1.2361125016453491,92.96875,0.0025403230101801455,True,Exact PennyLane symbolic/CSR path with label aggregation.
2,150,128,400,386,penny_diagonal_fcim,classical,1.31432665618919,69.53125,0.00010364101035520434,True,Exact diagonal FCIM path; no dense eigendecomposition.
2,150,128,400,387,penny_exact_aggregate,quantum,1.2361109873909564,92.96875,0.002783634001389146,True,Exact PennyLane symbolic/CSR path with label aggregation.
2,150,128,400,387,penny_diagonal_fcim,classical,1.3143265380126392,69.53125,7.098302012309432e-05,True,Exact diagonal FCIM path; no dense eigendecomposition.
2,150,128,400,388,penny_exact_aggregate,quantum,1.2361095012317076,92.96875,0.002552489982917905,True,Exact PennyLane symbolic/CSR path with label aggregation.
2,150,128,400,388,penny_diagonal_fcim,classical,1.3143264222791253,69.53125,6.206601392477751e-05,True,Exact diagonal FCIM path; no dense eigendecomposition.
2,150,128,400,389,penny_exact_aggregate,quantum,1.2361080426399589,92.96875,0.0026013960014097393,True,Exact PennyLane symbolic/CSR path with label aggregation.
2,150,128,400,389,penny_diagonal_fcim,classical,1.314326308937732,69.53125,6.185797974467278e-05,True,Exact diagonal FCIM path; no dense eigendecomposition.
2,150,128,400,390,penny_exact_aggregate,quantum,1.2361066110981416,92.96875,0.0025406350032426417,True,Exact PennyLane symbolic/CSR path with label aggregation.
2,150,128,400,390,penny_diagonal_fcim,classical,1.3143261979386138,69.53125,6.483000470325351e-05,True,Exact diagonal FCIM path; no dense eigendecomposition.
2,150,128,400,391,penny_exact_aggregate,quantum,1.2361052060985542,92.96875,0.0032131309853866696,True,Exact PennyLane symbolic/CSR path with label aggregation.
2,150,128,400,391,penny_diagonal_fcim,classical,1.3143260892329756,69.53125,9.552598930895329e-05,True,Exact diagonal FCIM path; no dense eigendecomposition.
2,150,128,400,392,penny_exact_aggregate,quantum,1.2361038271431886,92.96875,0.0027494929963722825,True,Exact PennyLane symbolic/CSR path with label aggregation.
2,150,128,400,392,penny_diagonal_fcim,classical,1.314325982773047,69.53125,6.430101348087192e-05,True,Exact diagonal FCIM path; no dense eigendecomposition.
2,150,128,400,393,penny_exact_aggregate,quantum,1.2361024737435242,92.96875,0.0024933359818533063,True,Exact PennyLane symbolic/CSR path with label aggregation.
2,150,128,400,393,penny_diagonal_fcim,classical,1.3143258785120624,69.53125,6.0999998822808266e-05,True,Exact diagonal FCIM path; no dense eigendecomposition.
2,150,128,400,394,penny_exact_aggregate,quantum,1.2361011454203557,92.96875,0.002474823035299778,True,Exact PennyLane symbolic/CSR path with label aggregation.
2,150,128,400,394,penny_diagonal_fcim,classical,1.3143257764042404,69.53125,6.118102464824915e-05,True,Exact diagonal FCIM path; no dense eigendecomposition.
2,150,128,400,395,penny_exact_aggregate,quantum,1.2360998417036027,92.96875,0.003158395003993064,True,Exact PennyLane symbolic/CSR path with label aggregation.
2,150,128,400,395,penny_diagonal_fcim,classical,1.3143256764047608,69.53125,8.832599269226193e-05,True,Exact diagonal FCIM path; no dense eigendecomposition.
2,150,128,400,396,penny_exact_aggregate,quantum,1.2360985621321365,92.96875,0.002663079008925706,True,Exact PennyLane symbolic/CSR path with label aggregation.
2,150,128,400,396,penny_diagonal_fcim,classical,1.3143255784697456,69.53125,6.421399302780628e-05,True,Exact diagonal FCIM path; no dense eigendecomposition.
2,150,128,400,397,penny_exact_aggregate,quantum,1.2360973062536085,92.96875,0.0024981609894894063,True,Exact PennyLane symbolic/CSR path with label aggregation.
2,150,128,400,397,penny_diagonal_fcim,classical,1.3143254825562383,69.53125,7.112801540642977e-05,True,Exact diagonal FCIM path; no dense eigendecomposition.
2,150,128,400,398,penny_exact_aggregate,quantum,1.2360960736242732,92.96875,0.0024792819749563932,True,Exact PennyLane symbolic/CSR path with label aggregation.
2,150,128,400,398,penny_diagonal_fcim,classical,1.3143253886221844,69.53125,9.391194907948375e-05,True,Exact diagonal FCIM path; no dense eigendecomposition.
2,150,128,400,399,penny_exact_aggregate,quantum,1.2360948638088254,92.96875,0.002492227009497583,True,Exact PennyLane symbolic/CSR path with label aggregation.
2,150,128,400,399,penny_diagonal_fcim,classical,1.3143252966264134,69.53125,7.376400753855705e-05,True,Exact diagonal FCIM path; no dense eigendecomposition.
2,150,128,400,0,penny_chebyshev_matrix_free,quantum,1.4798234701156616,42.96875,0.025784073979593813,True,Approximate matrix-free Chebyshev path; adaptive degree=8.
2,150,128,400,1,penny_chebyshev_matrix_free,quantum,1.473813533782959,42.96875,0.02476710098562762,True,Approximate matrix-free Chebyshev path; adaptive degree=8.
2,150,128,400,2,penny_chebyshev_matrix_free,quantum,1.4679502248764038,44.53125,0.024092323030345142,True,Approximate matrix-free Chebyshev path; adaptive degree=8.
2,150,128,400,3,penny_chebyshev_matrix_free,quantum,1.4622315168380737,44.53125,0.024077233974821866,True,Approximate matrix-free Chebyshev path; adaptive degree=8.
2,150,128,400,4,penny_chebyshev_matrix_free,quantum,1.4566537141799927,45.3125,0.024146312032826245,True,Approximate matrix-free Chebyshev path; adaptive degree=8.
2,150,128,400,5,penny_chebyshev_matrix_free,quantum,1.451214075088501,46.09375,0.024229186994489282,True,Approximate matrix-free Chebyshev path; adaptive degree=8.
2,150,128,400,6,penny_chebyshev_matrix_free,quantum,1.4459096193313599,46.875,0.0242525790235959,True,Approximate matrix-free Chebyshev path; adaptive degree=8.
2,150,128,400,7,penny_chebyshev_matrix_free,quantum,1.4407364130020142,46.875,0.024250830989331007,True,Approximate matrix-free Chebyshev path; adaptive degree=8.
2,150,128,400,8,penny_chebyshev_matrix_free,quantum,1.4356926679611206,48.4375,0.024200963031034917,True,Approximate matrix-free Chebyshev path; adaptive degree=8.
2,150,128,400,9,penny_chebyshev_matrix_free,quantum,1.4307748079299927,48.4375,0.02418366097845137,True,Approximate matrix-free Chebyshev path; adaptive degree=8.
2,150,128,400,10,penny_chebyshev_matrix_free,quantum,1.4259799718856812,48.4375,0.024210034986026585,True,Approximate matrix-free Chebyshev path; adaptive degree=8.
2,150,128,400,11,penny_chebyshev_matrix_free,quantum,1.421305775642395,48.4375,0.02515333896735683,True,Approximate matrix-free Chebyshev path; adaptive degree=8.
2,150,128,400,12,penny_chebyshev_matrix_free,quantum,1.4167486429214478,49.21875,0.02439125400269404,True,Approximate matrix-free Chebyshev path; adaptive degree=8.
2,150,128,400,13,penny_chebyshev_matrix_free,quantum,1.412306547164917,49.21875,0.024151505960617214,True,Approximate matrix-free Chebyshev path; adaptive degree=8.
2,150,128,400,14,penny_chebyshev_matrix_free,quantum,1.4079760313034058,49.21875,0.024299215991050005,True,Approximate matrix-free Chebyshev path; adaptive degree=8.
2,150,128,400,15,penny_chebyshev_matrix_free,quantum,1.4037554264068604,50.0,0.024379583017434925,True,Approximate matrix-free Chebyshev path; adaptive degree=8.
2,150,128,400,16,penny_chebyshev_matrix_free,quantum,1.3996410369873047,52.34375,0.024536373966839164,True,Approximate matrix-free Chebyshev path; adaptive degree=8.
2,150,128,400,17,penny_chebyshev_matrix_free,quantum,1.395630955696106,53.90625,0.024384295975323766,True,Approximate matrix-free Chebyshev path; adaptive degree=8.
2,150,128,400,18,penny_chebyshev_matrix_free,quantum,1.3917224407196045,54.6875,0.025861050991807133,True,Approximate matrix-free Chebyshev path; adaptive degree=8.
2,150,128,400,19,penny_chebyshev_matrix_free,quantum,1.3879128694534302,55.46875,0.025858957960736006,True,Approximate matrix-free Chebyshev path; adaptive degree=8.
2,150,128,400,20,penny_chebyshev_matrix_free,quantum,1.3842004537582397,55.46875,0.025190496002323925,True,Approximate matrix-free Chebyshev path; adaptive degree=8.
2,150,128,400,21,penny_chebyshev_matrix_free,quantum,1.3805817365646362,57.03125,0.025979434023611248,True,Approximate matrix-free Chebyshev path; adaptive degree=8.
2,150,128,400,22,penny_chebyshev_matrix_free,quantum,1.3770551681518555,58.59375,0.025907055009156466,True,Approximate matrix-free Chebyshev path; adaptive degree=8.
2,150,128,400,23,penny_chebyshev_matrix_free,quantum,1.3736181259155273,58.59375,0.025060444022528827,True,Approximate matrix-free Chebyshev path; adaptive degree=8.
2,150,128,400,24,penny_chebyshev_matrix_free,quantum,1.3702682256698608,58.59375,0.028592891001608223,True,Approximate matrix-free Chebyshev path; adaptive degree=8.
2,150,128,400,25,penny_chebyshev_matrix_free,quantum,1.3670036792755127,59.375,0.03164873999776319,True,Approximate matrix-free Chebyshev path; adaptive degree=8.
2,150,128,400,26,penny_chebyshev_matrix_free,quantum,1.3638224601745605,60.15625,0.029557753005065024,True,Approximate matrix-free Chebyshev path; adaptive degree=8.
2,150,128,400,27,penny_chebyshev_matrix_free,quantum,1.3607221841812134,61.71875,0.02852096001151949,True,Approximate matrix-free Chebyshev path; adaptive degree=8.
2,150,128,400,28,penny_chebyshev_matrix_free,quantum,1.3577004671096802,64.0625,0.026788590010255575,True,Approximate matrix-free Chebyshev path; adaptive degree=8.
2,150,128,400,29,penny_chebyshev_matrix_free,quantum,1.3547554016113281,65.625,0.02970045799156651,True,Approximate matrix-free Chebyshev path; adaptive degree=8.
2,150,128,400,30,penny_chebyshev_matrix_free,quantum,1.3518855571746826,66.40625,0.029362418979872018,True,Approximate matrix-free Chebyshev path; adaptive degree=8.
2,150,128,400,31,penny_chebyshev_matrix_free,quantum,1.3490887880325317,67.1875,0.02925225900253281,True,Approximate matrix-free Chebyshev path; adaptive degree=8.
2,150,128,400,32,penny_chebyshev_matrix_free,quantum,1.3463627099990845,67.96875,0.02783910697326064,True,Approximate matrix-free Chebyshev path; adaptive degree=8.
2,150,128,400,33,penny_chebyshev_matrix_free,quantum,1.3437063694000244,68.75,0.025854608044028282,True,Approximate matrix-free Chebyshev path; adaptive degree=8.
2,150,128,400,34,penny_chebyshev_matrix_free,quantum,1.341117262840271,70.3125,0.028900725999847054,True,Approximate matrix-free Chebyshev path; adaptive degree=8.
2,150,128,400,35,penny_chebyshev_matrix_free,quantum,1.3385940790176392,71.09375,0.029070835968013853,True,Approximate matrix-free Chebyshev path; adaptive degree=8.
2,150,128,400,36,penny_chebyshev_matrix_free,quantum,1.336134672164917,71.875,0.026014490984380245,True,Approximate matrix-free Chebyshev path; adaptive degree=8.
2,150,128,400,37,penny_chebyshev_matrix_free,quantum,1.3337377309799194,71.875,0.026722001028247178,True,Approximate matrix-free Chebyshev path; adaptive degree=8.
2,150,128,400,38,penny_chebyshev_matrix_free,quantum,1.331400990486145,72.65625,0.03416311799082905,True,Approximate matrix-free Chebyshev path; adaptive degree=8.
2,150,128,400,39,penny_chebyshev_matrix_free,quantum,1.329124093055725,72.65625,0.026069864979945123,True,Approximate matrix-free Chebyshev path; adaptive degree=8.
2,150,128,400,40,penny_chebyshev_matrix_free,quantum,1.3269046545028687,72.65625,0.02781521697761491,True,Approximate matrix-free Chebyshev path; adaptive degree=8.
2,150,128,400,41,penny_chebyshev_matrix_free,quantum,1.3247411251068115,72.65625,0.025767389975953847,True,Approximate matrix-free Chebyshev path; adaptive degree=8.
2,150,128,400,42,penny_chebyshev_matrix_free,quantum,1.3226323127746582,72.65625,0.02638334600487724,True,Approximate matrix-free Chebyshev path; adaptive degree=8.
2,150,128,400,43,penny_chebyshev_matrix_free,quantum,1.320576786994934,73.4375,0.02773039398016408,True,Approximate matrix-free Chebyshev path; adaptive degree=8.
2,150,128,400,44,penny_chebyshev_matrix_free,quantum,1.3185731172561646,73.4375,0.027546402998268604,True,Approximate matrix-free Chebyshev path; adaptive degree=8.
2,150,128,400,45,penny_chebyshev_matrix_free,quantum,1.3166197538375854,73.4375,0.02574297197861597,True,Approximate matrix-free Chebyshev path; adaptive degree=8.
2,150,128,400,46,penny_chebyshev_matrix_free,quantum,1.3147156238555908,73.4375,0.027728635992389172,True,Approximate matrix-free Chebyshev path; adaptive degree=8.
2,150,128,400,47,penny_chebyshev_matrix_free,quantum,1.312859058380127,74.21875,0.02760766400024295,True,Approximate matrix-free Chebyshev path; adaptive degree=8.
2,150,128,400,48,penny_chebyshev_matrix_free,quantum,1.311049222946167,74.21875,0.02613963099429384,True,Approximate matrix-free Chebyshev path; adaptive degree=8.
2,150,128,400,49,penny_chebyshev_matrix_free,quantum,1.3092848062515259,74.21875,0.026712399965617806,True,Approximate matrix-free Chebyshev path; adaptive degree=8.
2,150,128,400,50,penny_chebyshev_matrix_free,quantum,1.3075648546218872,75.0,0.027406847977545112,True,Approximate matrix-free Chebyshev path; adaptive degree=8.
2,150,128,400,51,penny_chebyshev_matrix_free,quantum,1.3058874607086182,75.78125,0.026940460957121104,True,Approximate matrix-free Chebyshev path; adaptive degree=8.
2,150,128,400,52,penny_chebyshev_matrix_free,quantum,1.304252028465271,76.5625,0.02670591598143801,True,Approximate matrix-free Chebyshev path; adaptive degree=8.
2,150,128,400,53,penny_chebyshev_matrix_free,quantum,1.3026572465896606,77.34375,0.027411471004597843,True,Approximate matrix-free Chebyshev path; adaptive degree=8.
2,150,128,400,54,penny_chebyshev_matrix_free,quantum,1.301102638244629,77.34375,0.026975215994752944,True,Approximate matrix-free Chebyshev path; adaptive degree=8.
2,150,128,400,55,penny_chebyshev_matrix_free,quantum,1.299586534500122,78.125,0.025602614972740412,True,Approximate matrix-free Chebyshev path; adaptive degree=8.
2,150,128,400,56,penny_chebyshev_matrix_free,quantum,1.2981078624725342,78.125,0.024385017983149737,True,Approximate matrix-free Chebyshev path; adaptive degree=8.
2,150,128,400,57,penny_chebyshev_matrix_free,quantum,1.2966663837432861,78.90625,0.02463497401913628,True,Approximate matrix-free Chebyshev path; adaptive degree=8.
2,150,128,400,58,penny_chebyshev_matrix_free,quantum,1.2952604293823242,79.6875,0.024753639998380095,True,Approximate matrix-free Chebyshev path; adaptive degree=8.
2,150,128,400,59,penny_chebyshev_matrix_free,quantum,1.2938889265060425,80.46875,0.026240892009809613,True,Approximate matrix-free Chebyshev path; adaptive degree=8.
2,150,128,400,60,penny_chebyshev_matrix_free,quantum,1.2925512790679932,81.25,0.025760840973816812,True,Approximate matrix-free Chebyshev path; adaptive degree=8.
2,150,128,400,61,penny_chebyshev_matrix_free,quantum,1.2912468910217285,82.03125,0.026870808971580118,True,Approximate matrix-free Chebyshev path; adaptive degree=8.
2,150,128,400,62,penny_chebyshev_matrix_free,quantum,1.2899748086929321,81.25,0.02767427498474717,True,Approximate matrix-free Chebyshev path; adaptive degree=8.
2,150,128,400,63,penny_chebyshev_matrix_free,quantum,1.2887336015701294,82.03125,0.025430901965592057,True,Approximate matrix-free Chebyshev path; adaptive degree=8.
2,150,128,400,64,penny_chebyshev_matrix_free,quantum,1.2875229120254517,82.03125,0.02638828899944201,True,Approximate matrix-free Chebyshev path; adaptive degree=8.
2,150,128,400,65,penny_chebyshev_matrix_free,quantum,1.2863417863845825,83.59375,0.027220602030865848,True,Approximate matrix-free Chebyshev path; adaptive degree=8.
2,150,128,400,66,penny_chebyshev_matrix_free,quantum,1.2851901054382324,83.59375,0.02642813400598243,True,Approximate matrix-free Chebyshev path; adaptive degree=8.
2,150,128,400,67,penny_chebyshev_matrix_free,quantum,1.2840664386749268,84.375,0.025540483999066055,True,Approximate matrix-free Chebyshev path; adaptive degree=8.
2,150,128,400,68,penny_chebyshev_matrix_free,quantum,1.2829698324203491,84.375,0.026579974044580013,True,Approximate matrix-free Chebyshev path; adaptive degree=8.
2,150,128,400,69,penny_chebyshev_matrix_free,quantum,1.2819000482559204,84.375,0.026176298037171364,True,Approximate matrix-free Chebyshev path; adaptive degree=8.
2,150,128,400,70,penny_chebyshev_matrix_free,quantum,1.2808560132980347,84.375,0.025840891990810633,True,Approximate matrix-free Chebyshev path; adaptive degree=8.
2,150,128,400,71,penny_chebyshev_matrix_free,quantum,1.279837727546692,84.375,0.02720570401288569,True,Approximate matrix-free Chebyshev path; adaptive degree=8.
2,150,128,400,72,penny_chebyshev_matrix_free,quantum,1.2788439989089966,84.375,0.024311334011144936,True,Approximate matrix-free Chebyshev path; adaptive degree=8.
2,150,128,400,73,penny_chebyshev_matrix_free,quantum,1.277874231338501,84.375,0.024485067988280207,True,Approximate matrix-free Chebyshev path; adaptive degree=8.
2,150,128,400,74,penny_chebyshev_matrix_free,quantum,1.2769280672073364,84.375,0.02427661302499473,True,Approximate matrix-free Chebyshev path; adaptive degree=8.
2,150,128,400,75,penny_chebyshev_matrix_free,quantum,1.2760047912597656,84.375,0.024392625025939196,True,Approximate matrix-free Chebyshev path; adaptive degree=8.
2,150,128,400,76,penny_chebyshev_matrix_free,quantum,1.2751036882400513,84.375,0.02430915500735864,True,Approximate matrix-free Chebyshev path; adaptive degree=8.
2,150,128,400,77,penny_chebyshev_matrix_free,quantum,1.2742242813110352,85.15625,0.02429578098235652,True,Approximate matrix-free Chebyshev path; adaptive degree=8.
2,150,128,400,78,penny_chebyshev_matrix_free,quantum,1.2733654975891113,85.9375,0.025228614977095276,True,Approximate matrix-free Chebyshev path; adaptive degree=8.
2,150,128,400,79,penny_chebyshev_matrix_free,quantum,1.272527813911438,85.9375,0.024954332038760185,True,Approximate matrix-free Chebyshev path; adaptive degree=8.
2,150,128,400,80,penny_chebyshev_matrix_free,quantum,1.2717102766036987,85.9375,0.025601600005757064,True,Approximate matrix-free Chebyshev path; adaptive degree=8.
2,150,128,400,81,penny_chebyshev_matrix_free,quantum,1.2709122896194458,85.15625,0.03214334597578272,True,Approximate matrix-free Chebyshev path; adaptive degree=8.
2,150,128,400,82,penny_chebyshev_matrix_free,quantum,1.2701330184936523,84.375,0.025579573994036764,True,Approximate matrix-free Chebyshev path; adaptive degree=8.
2,150,128,400,83,penny_chebyshev_matrix_free,quantum,1.2693719863891602,84.375,0.025055364007130265,True,Approximate matrix-free Chebyshev path; adaptive degree=8.
2,150,128,400,84,penny_chebyshev_matrix_free,quantum,1.2686294317245483,84.375,0.02470137196360156,True,Approximate matrix-free Chebyshev path; adaptive degree=8.
2,150,128,400,85,penny_chebyshev_matrix_free,quantum,1.2679049968719482,84.375,0.024547714972868562,True,Approximate matrix-free Chebyshev path; adaptive degree=8.
2,150,128,400,86,penny_chebyshev_matrix_free,quantum,1.2671970129013062,84.375,0.024560151039622724,True,Approximate matrix-free Chebyshev path; adaptive degree=8.
2,150,128,400,87,penny_chebyshev_matrix_free,quantum,1.2665058374404907,84.375,0.024593695008661598,True,Approximate matrix-free Chebyshev path; adaptive degree=8.
2,150,128,400,88,penny_chebyshev_matrix_free,quantum,1.265831470489502,84.375,0.024615117989014834,True,Approximate matrix-free Chebyshev path; adaptive degree=8.
2,150,128,400,89,penny_chebyshev_matrix_free,quantum,1.2651721239089966,84.375,0.024334281974006444,True,Approximate matrix-free Chebyshev path; adaptive degree=8.
2,150,128,400,90,penny_chebyshev_matrix_free,quantum,1.2645291090011597,84.375,0.025262271985411644,True,Approximate matrix-free Chebyshev path; adaptive degree=8.
2,150,128,400,91,penny_chebyshev_matrix_free,quantum,1.263900876045227,84.375,0.025797965994570404,True,Approximate matrix-free Chebyshev path; adaptive degree=8.
2,150,128,400,92,penny_chebyshev_matrix_free,quantum,1.2632876634597778,84.375,0.024951711995527148,True,Approximate matrix-free Chebyshev path; adaptive degree=8.
2,150,128,400,93,penny_chebyshev_matrix_free,quantum,1.2626885175704956,85.15625,0.026423756033182144,True,Approximate matrix-free Chebyshev path; adaptive degree=8.
2,150,128,400,94,penny_chebyshev_matrix_free,quantum,1.2621033191680908,86.71875,0.024732032034080476,True,Approximate matrix-free Chebyshev path; adaptive degree=8.
2,150,128,400,95,penny_chebyshev_matrix_free,quantum,1.2615318298339844,86.71875,0.02529505203710869,True,Approximate matrix-free Chebyshev path; adaptive degree=8.
2,150,128,400,96,penny_chebyshev_matrix_free,quantum,1.2609739303588867,86.71875,0.024910804990213364,True,Approximate matrix-free Chebyshev path; adaptive degree=8.
2,150,128,400,97,penny_chebyshev_matrix_free,quantum,1.260428547859192,86.71875,0.024508533999323845,True,Approximate matrix-free Chebyshev path; adaptive degree=8.
2,150,128,400,98,penny_chebyshev_matrix_free,quantum,1.2598960399627686,86.71875,0.024973954015877098,True,Approximate matrix-free Chebyshev path; adaptive degree=8.
2,150,128,400,99,penny_chebyshev_matrix_free,quantum,1.2593761682510376,86.71875,0.0250975179951638,True,Approximate matrix-free Chebyshev path; adaptive degree=8.
2,150,128,400,100,penny_chebyshev_matrix_free,quantum,1.2588677406311035,86.71875,0.02525499399052933,True,Approximate matrix-free Chebyshev path; adaptive degree=8.
2,150,128,400,101,penny_chebyshev_matrix_free,quantum,1.2583712339401245,86.71875,0.025275229010730982,True,Approximate matrix-free Chebyshev path; adaptive degree=8.
2,150,128,400,102,penny_chebyshev_matrix_free,quantum,1.2578868865966797,86.71875,0.026008065964560956,True,Approximate matrix-free Chebyshev path; adaptive degree=8.
2,150,128,400,103,penny_chebyshev_matrix_free,quantum,1.2574129104614258,86.71875,0.02931556402472779,True,Approximate matrix-free Chebyshev path; adaptive degree=8.
2,150,128,400,104,penny_chebyshev_matrix_free,quantum,1.2569501399993896,86.71875,0.027633930963929743,True,Approximate matrix-free Chebyshev path; adaptive degree=8.
2,150,128,400,105,penny_chebyshev_matrix_free,quantum,1.2564976215362549,86.71875,0.02454673300962895,True,Approximate matrix-free Chebyshev path; adaptive degree=8.
2,150,128,400,106,penny_chebyshev_matrix_free,quantum,1.2560559511184692,86.71875,0.02480242302408442,True,Approximate matrix-free Chebyshev path; adaptive degree=8.
2,150,128,400,107,penny_chebyshev_matrix_free,quantum,1.2556244134902954,86.71875,0.02489698800491169,True,Approximate matrix-free Chebyshev path; adaptive degree=8.
2,150,128,400,108,penny_chebyshev_matrix_free,quantum,1.2552024126052856,87.5,0.024679700029082596,True,Approximate matrix-free Chebyshev path; adaptive degree=8.
2,150,128,400,109,penny_chebyshev_matrix_free,quantum,1.25478994846344,87.5,0.025621881999541074,True,Approximate matrix-free Chebyshev path; adaptive degree=8.
2,150,128,400,110,penny_chebyshev_matrix_free,quantum,1.2543871402740479,87.5,0.0246899479534477,True,Approximate matrix-free Chebyshev path; adaptive degree=8.
2,150,128,400,111,penny_chebyshev_matrix_free,quantum,1.2539936304092407,87.5,0.02569492004113272,True,Approximate matrix-free Chebyshev path; adaptive degree=8.
2,150,128,400,112,penny_chebyshev_matrix_free,quantum,1.2536088228225708,87.5,0.024149642034899443,True,Approximate matrix-free Chebyshev path; adaptive degree=8.
2,150,128,400,113,penny_chebyshev_matrix_free,quantum,1.2532328367233276,87.5,0.024131087004207075,True,Approximate matrix-free Chebyshev path; adaptive degree=8.
2,150,128,400,114,penny_chebyshev_matrix_free,quantum,1.2528655529022217,87.5,0.024115767038892955,True,Approximate matrix-free Chebyshev path; adaptive degree=8.
2,150,128,400,115,penny_chebyshev_matrix_free,quantum,1.252506136894226,87.5,0.024144348979461938,True,Approximate matrix-free Chebyshev path; adaptive degree=8.
2,150,128,400,116,penny_chebyshev_matrix_free,quantum,1.25215482711792,87.5,0.02423912304220721,True,Approximate matrix-free Chebyshev path; adaptive degree=8.
2,150,128,400,117,penny_chebyshev_matrix_free,quantum,1.2518117427825928,87.5,0.024124242016114295,True,Approximate matrix-free Chebyshev path; adaptive degree=8.
2,150,128,400,118,penny_chebyshev_matrix_free,quantum,1.2514761686325073,87.5,0.02411347400629893,True,Approximate matrix-free Chebyshev path; adaptive degree=8.
2,150,128,400,119,penny_chebyshev_matrix_free,quantum,1.2511487007141113,88.28125,0.024183784029446542,True,Approximate matrix-free Chebyshev path; adaptive degree=8.
2,150,128,400,120,penny_chebyshev_matrix_free,quantum,1.2508280277252197,89.84375,0.024439710017759353,True,Approximate matrix-free Chebyshev path; adaptive degree=8.
2,150,128,400,121,penny_chebyshev_matrix_free,quantum,1.2505146265029907,89.84375,0.02495687099872157,True,Approximate matrix-free Chebyshev path; adaptive degree=8.
2,150,128,400,122,penny_chebyshev_matrix_free,quantum,1.2502079010009766,89.84375,0.025338576990179718,True,Approximate matrix-free Chebyshev path; adaptive degree=8.
2,150,128,400,123,penny_chebyshev_matrix_free,quantum,1.2499083280563354,89.84375,0.025019777996931225,True,Approximate matrix-free Chebyshev path; adaptive degree=8.
2,150,128,400,124,penny_chebyshev_matrix_free,quantum,1.2496157884597778,90.625,0.02450268599204719,True,Approximate matrix-free Chebyshev path; adaptive degree=8.
2,150,128,400,125,penny_chebyshev_matrix_free,quantum,1.2493294477462769,90.625,0.024966844997834414,True,Approximate matrix-free Chebyshev path; adaptive degree=8.
2,150,128,400,126,penny_chebyshev_matrix_free,quantum,1.2490490674972534,89.84375,0.024672655039466918,True,Approximate matrix-free Chebyshev path; adaptive degree=8.
2,150,128,400,127,penny_chebyshev_matrix_free,quantum,1.2487759590148926,89.84375,0.02494162297807634,True,Approximate matrix-free Chebyshev path; adaptive degree=8.
2,150,128,400,128,penny_chebyshev_matrix_free,quantum,1.2485077381134033,89.84375,0.024541704973671585,True,Approximate matrix-free Chebyshev path; adaptive degree=8.
2,150,128,400,129,penny_chebyshev_matrix_free,quantum,1.248246192932129,89.84375,0.02530402399133891,True,Approximate matrix-free Chebyshev path; adaptive degree=8.
2,150,128,400,130,penny_chebyshev_matrix_free,quantum,1.2479901313781738,89.84375,0.02507555903866887,True,Approximate matrix-free Chebyshev path; adaptive degree=8.
2,150,128,400,131,penny_chebyshev_matrix_free,quantum,1.2477400302886963,90.625,0.024624123994726688,True,Approximate matrix-free Chebyshev path; adaptive degree=8.
2,150,128,400,132,penny_chebyshev_matrix_free,quantum,1.247495174407959,90.625,0.025044072011951357,True,Approximate matrix-free Chebyshev path; adaptive degree=8.
2,150,128,400,133,penny_chebyshev_matrix_free,quantum,1.2472554445266724,90.625,0.024282579019200057,True,Approximate matrix-free Chebyshev path; adaptive degree=8.
2,150,128,400,134,penny_chebyshev_matrix_free,quantum,1.247021198272705,90.625,0.024465334019623697,True,Approximate matrix-free Chebyshev path; adaptive degree=8.
2,150,128,400,135,penny_chebyshev_matrix_free,quantum,1.2467924356460571,90.625,0.024376520013902336,True,Approximate matrix-free Chebyshev path; adaptive degree=8.
2,150,128,400,136,penny_chebyshev_matrix_free,quantum,1.2465684413909912,90.625,0.02569558995310217,True,Approximate matrix-free Chebyshev path; adaptive degree=8.
2,150,128,400,137,penny_chebyshev_matrix_free,quantum,1.2463492155075073,90.625,0.02440935099730268,True,Approximate matrix-free Chebyshev path; adaptive degree=8.
2,150,128,400,138,penny_chebyshev_matrix_free,quantum,1.246134877204895,90.625,0.0245614520390518,True,Approximate matrix-free Chebyshev path; adaptive degree=8.
2,150,128,400,139,penny_chebyshev_matrix_free,quantum,1.2459254264831543,90.625,0.026807299989741296,True,Approximate matrix-free Chebyshev path; adaptive degree=8.
2,150,128,400,140,penny_chebyshev_matrix_free,quantum,1.2457205057144165,90.625,0.024313971982337534,True,Approximate matrix-free Chebyshev path; adaptive degree=8.
2,150,128,400,141,penny_chebyshev_matrix_free,quantum,1.2455192804336548,90.625,0.025604368012864143,True,Approximate matrix-free Chebyshev path; adaptive degree=8.
2,150,128,400,142,penny_chebyshev_matrix_free,quantum,1.2453230619430542,90.625,0.025518262991681695,True,Approximate matrix-free Chebyshev path; adaptive degree=8.
2,150,128,400,143,penny_chebyshev_matrix_free,quantum,1.2451313734054565,90.625,0.024836471013259143,True,Approximate matrix-free Chebyshev path; adaptive degree=8.
2,150,128,400,144,penny_chebyshev_matrix_free,quantum,1.2449434995651245,90.625,0.025440048018936068,True,Approximate matrix-free Chebyshev path; adaptive degree=8.
2,150,128,400,145,penny_chebyshev_matrix_free,quantum,1.2447599172592163,90.625,0.02487219701288268,True,Approximate matrix-free Chebyshev path; adaptive degree=8.
2,150,128,400,146,penny_chebyshev_matrix_free,quantum,1.2445802688598633,90.625,0.025201258016750216,True,Approximate matrix-free Chebyshev path; adaptive degree=8.
2,150,128,400,147,penny_chebyshev_matrix_free,quantum,1.2444043159484863,90.625,0.024152547994162887,True,Approximate matrix-free Chebyshev path; adaptive degree=8.
2,150,128,400,148,penny_chebyshev_matrix_free,quantum,1.2442320585250854,90.625,0.024278994009364396,True,Approximate matrix-free Chebyshev path; adaptive degree=8.
2,150,128,400,149,penny_chebyshev_matrix_free,quantum,1.2440637350082397,90.625,0.024239025020506233,True,Approximate matrix-free Chebyshev path; adaptive degree=8.
2,150,128,400,150,penny_chebyshev_matrix_free,quantum,1.2438989877700806,90.625,0.024234929005615413,True,Approximate matrix-free Chebyshev path; adaptive degree=8.
2,150,128,400,151,penny_chebyshev_matrix_free,quantum,1.2437376976013184,91.40625,0.024240863975137472,True,Approximate matrix-free Chebyshev path; adaptive degree=8.
2,150,128,400,152,penny_chebyshev_matrix_free,quantum,1.2435797452926636,91.40625,0.02425447601126507,True,Approximate matrix-free Chebyshev path; adaptive degree=8.
2,150,128,400,153,penny_chebyshev_matrix_free,quantum,1.2434256076812744,91.40625,0.024181257002055645,True,Approximate matrix-free Chebyshev path; adaptive degree=8.
2,150,128,400,154,penny_chebyshev_matrix_free,quantum,1.2432743310928345,91.40625,0.02416012401226908,True,Approximate matrix-free Chebyshev path; adaptive degree=8.
2,150,128,400,155,penny_chebyshev_matrix_free,quantum,1.2431267499923706,91.40625,0.024257979006506503,True,Approximate matrix-free Chebyshev path; adaptive degree=8.
2,150,128,400,156,penny_chebyshev_matrix_free,quantum,1.2429821491241455,91.40625,0.024058633018285036,True,Approximate matrix-free Chebyshev path; adaptive degree=8.
2,150,128,400,157,penny_chebyshev_matrix_free,quantum,1.242840051651001,91.40625,0.026363340963143855,True,Approximate matrix-free Chebyshev path; adaptive degree=8.
2,150,128,400,158,penny_chebyshev_matrix_free,quantum,1.242701530456543,91.40625,0.030518019979353994,True,Approximate matrix-free Chebyshev path; adaptive degree=8.
2,150,128,400,159,penny_chebyshev_matrix_free,quantum,1.2425661087036133,91.40625,0.03104926901869476,True,Approximate matrix-free Chebyshev path; adaptive degree=8.
2,150,128,400,160,penny_chebyshev_matrix_free,quantum,1.242432951927185,91.40625,0.02612745697842911,True,Approximate matrix-free Chebyshev path; adaptive degree=8.
2,150,128,400,161,penny_chebyshev_matrix_free,quantum,1.2423030138015747,91.40625,0.024574823037255555,True,Approximate matrix-free Chebyshev path; adaptive degree=8.
2,150,128,400,162,penny_chebyshev_matrix_free,quantum,1.2421761751174927,91.40625,0.024225004017353058,True,Approximate matrix-free Chebyshev path; adaptive degree=8.
2,150,128,400,163,penny_chebyshev_matrix_free,quantum,1.2420517206192017,91.40625,0.024387276032939553,True,Approximate matrix-free Chebyshev path; adaptive degree=8.
2,150,128,400,164,penny_chebyshev_matrix_free,quantum,1.2419296503067017,91.40625,0.024197588034439832,True,Approximate matrix-free Chebyshev path; adaptive degree=8.
2,150,128,400,165,penny_chebyshev_matrix_free,quantum,1.241810917854309,91.40625,0.02414609503466636,True,Approximate matrix-free Chebyshev path; adaptive degree=8.
2,150,128,400,166,penny_chebyshev_matrix_free,quantum,1.2416938543319702,91.40625,0.024255516997072846,True,Approximate matrix-free Chebyshev path; adaptive degree=8.
2,150,128,400,167,penny_chebyshev_matrix_free,quantum,1.241579294204712,91.40625,0.02424288197653368,True,Approximate matrix-free Chebyshev path; adaptive degree=8.
2,150,128,400,168,penny_chebyshev_matrix_free,quantum,1.2414673566818237,91.40625,0.024428461969364434,True,Approximate matrix-free Chebyshev path; adaptive degree=8.
2,150,128,400,169,penny_chebyshev_matrix_free,quantum,1.2413572072982788,91.40625,0.02416920702671632,True,Approximate matrix-free Chebyshev path; adaptive degree=8.
2,150,128,400,170,penny_chebyshev_matrix_free,quantum,1.2412508726119995,91.40625,0.024458281986881047,True,Approximate matrix-free Chebyshev path; adaptive degree=8.
2,150,128,400,171,penny_chebyshev_matrix_free,quantum,1.2411454916000366,91.40625,0.024561968981288373,True,Approximate matrix-free Chebyshev path; adaptive degree=8.
2,150,128,400,172,penny_chebyshev_matrix_free,quantum,1.2410430908203125,91.40625,0.024548148037865758,True,Approximate matrix-free Chebyshev path; adaptive degree=8.
2,150,128,400,173,penny_chebyshev_matrix_free,quantum,1.2409422397613525,91.40625,0.02454427699558437,True,Approximate matrix-free Chebyshev path; adaptive degree=8.
2,150,128,400,174,penny_chebyshev_matrix_free,quantum,1.2408437728881836,91.40625,0.02453775698086247,True,Approximate matrix-free Chebyshev path; adaptive degree=8.
2,150,128,400,175,penny_chebyshev_matrix_free,quantum,1.240747332572937,91.40625,0.025834063009824604,True,Approximate matrix-free Chebyshev path; adaptive degree=8.
2,150,128,400,176,penny_chebyshev_matrix_free,quantum,1.2406526803970337,91.40625,0.02427114301826805,True,Approximate matrix-free Chebyshev path; adaptive degree=8.
2,150,128,400,177,penny_chebyshev_matrix_free,quantum,1.2405602931976318,91.40625,0.027071319986134768,True,Approximate matrix-free Chebyshev path; adaptive degree=8.
2,150,128,400,178,penny_chebyshev_matrix_free,quantum,1.2404696941375732,91.40625,0.02435667801182717,True,Approximate matrix-free Chebyshev path; adaptive degree=8.
2,150,128,400,179,penny_chebyshev_matrix_free,quantum,1.240381121635437,91.40625,0.024740004970226437,True,Approximate matrix-free Chebyshev path; adaptive degree=8.
2,150,128,400,180,penny_chebyshev_matrix_free,quantum,1.240294098854065,91.40625,0.024564102001022547,True,Approximate matrix-free Chebyshev path; adaptive degree=8.
2,150,128,400,181,penny_chebyshev_matrix_free,quantum,1.2402091026306152,91.40625,0.02495457197073847,True,Approximate matrix-free Chebyshev path; adaptive degree=8.
2,150,128,400,182,penny_chebyshev_matrix_free,quantum,1.2401254177093506,91.40625,0.02480432199081406,True,Approximate matrix-free Chebyshev path; adaptive degree=8.
2,150,128,400,183,penny_chebyshev_matrix_free,quantum,1.240044355392456,91.40625,0.025588259974028915,True,Approximate matrix-free Chebyshev path; adaptive degree=8.
2,150,128,400,184,penny_chebyshev_matrix_free,quantum,1.239964246749878,91.40625,0.026525694993324578,True,Approximate matrix-free Chebyshev path; adaptive degree=8.
2,150,128,400,185,penny_chebyshev_matrix_free,quantum,1.2398861646652222,91.40625,0.024510148039553314,True,Approximate matrix-free Chebyshev path; adaptive degree=8.
2,150,128,400,186,penny_chebyshev_matrix_free,quantum,1.239809513092041,91.40625,0.02457234001485631,True,Approximate matrix-free Chebyshev path; adaptive degree=8.
2,150,128,400,187,penny_chebyshev_matrix_free,quantum,1.239734411239624,91.40625,0.024724721035454422,True,Approximate matrix-free Chebyshev path; adaptive degree=8.
2,150,128,400,188,penny_chebyshev_matrix_free,quantum,1.2396607398986816,91.40625,0.024255754018668085,True,Approximate matrix-free Chebyshev path; adaptive degree=8.
2,150,128,400,189,penny_chebyshev_matrix_free,quantum,1.2395893335342407,91.40625,0.024908039020374417,True,Approximate matrix-free Chebyshev path; adaptive degree=8.
2,150,128,400,190,penny_chebyshev_matrix_free,quantum,1.239518404006958,91.40625,0.024532707990147173,True,Approximate matrix-free Chebyshev path; adaptive degree=8.
2,150,128,400,191,penny_chebyshev_matrix_free,quantum,1.2394495010375977,91.40625,0.024700570036657155,True,Approximate matrix-free Chebyshev path; adaptive degree=8.
2,150,128,400,192,penny_chebyshev_matrix_free,quantum,1.2393817901611328,91.40625,0.024753312987741083,True,Approximate matrix-free Chebyshev path; adaptive degree=8.
2,150,128,400,193,penny_chebyshev_matrix_free,quantum,1.2393158674240112,91.40625,0.024859385041054338,True,Approximate matrix-free Chebyshev path; adaptive degree=8.
2,150,128,400,194,penny_chebyshev_matrix_free,quantum,1.2392507791519165,91.40625,0.025663473992608488,True,Approximate matrix-free Chebyshev path; adaptive degree=8.
2,150,128,400,195,penny_chebyshev_matrix_free,quantum,1.2391875982284546,91.40625,0.025024281989317387,True,Approximate matrix-free Chebyshev path; adaptive degree=8.
2,150,128,400,196,penny_chebyshev_matrix_free,quantum,1.2391252517700195,91.40625,0.02660464501241222,True,Approximate matrix-free Chebyshev path; adaptive degree=8.
2,150,128,400,197,penny_chebyshev_matrix_free,quantum,1.2390637397766113,91.40625,0.02502250502584502,True,Approximate matrix-free Chebyshev path; adaptive degree=8.
2,150,128,400,198,penny_chebyshev_matrix_free,quantum,1.2390046119689941,91.40625,0.025756492977961898,True,Approximate matrix-free Chebyshev path; adaptive degree=8.
2,150,128,400,199,penny_chebyshev_matrix_free,quantum,1.2389460802078247,91.40625,0.025219991977792233,True,Approximate matrix-free Chebyshev path; adaptive degree=8.
2,150,128,400,200,penny_chebyshev_matrix_free,quantum,1.2388885021209717,91.40625,0.02472780301468447,True,Approximate matrix-free Chebyshev path; adaptive degree=8.
2,150,128,400,201,penny_chebyshev_matrix_free,quantum,1.2388325929641724,91.40625,0.024933499982580543,True,Approximate matrix-free Chebyshev path; adaptive degree=8.
2,150,128,400,202,penny_chebyshev_matrix_free,quantum,1.2387772798538208,92.1875,0.02490168798249215,True,Approximate matrix-free Chebyshev path; adaptive degree=8.
2,150,128,400,203,penny_chebyshev_matrix_free,quantum,1.2387235164642334,92.1875,0.024898706004023552,True,Approximate matrix-free Chebyshev path; adaptive degree=8.
2,150,128,400,204,penny_chebyshev_matrix_free,quantum,1.2386707067489624,92.1875,0.0247291520354338,True,Approximate matrix-free Chebyshev path; adaptive degree=8.
2,150,128,400,205,penny_chebyshev_matrix_free,quantum,1.2386192083358765,92.1875,0.02470976102631539,True,Approximate matrix-free Chebyshev path; adaptive degree=8.
2,150,128,400,206,penny_chebyshev_matrix_free,quantum,1.2385683059692383,92.1875,0.02498509205179289,True,Approximate matrix-free Chebyshev path; adaptive degree=8.
2,150,128,400,207,penny_chebyshev_matrix_free,quantum,1.2385185956954956,92.1875,0.024641174997668713,True,Approximate matrix-free Chebyshev path; adaptive degree=8.
2,150,128,400,208,penny_chebyshev_matrix_free,quantum,1.2384696006774902,92.1875,0.02464459399925545,True,Approximate matrix-free Chebyshev path; adaptive degree=8.
2,150,128,400,209,penny_chebyshev_matrix_free,quantum,1.2384225130081177,92.1875,0.02964250196237117,True,Approximate matrix-free Chebyshev path; adaptive degree=8.
2,150,128,400,210,penny_chebyshev_matrix_free,quantum,1.2383760213851929,92.1875,0.024259963014628738,True,Approximate matrix-free Chebyshev path; adaptive degree=8.
2,150,128,400,211,penny_chebyshev_matrix_free,quantum,1.2383298873901367,92.1875,0.02428414800669998,True,Approximate matrix-free Chebyshev path; adaptive degree=8.
2,150,128,400,212,penny_chebyshev_matrix_free,quantum,1.2382851839065552,92.1875,0.024176608014386147,True,Approximate matrix-free Chebyshev path; adaptive degree=8.
2,150,128,400,213,penny_chebyshev_matrix_free,quantum,1.2382410764694214,92.1875,0.024966753961052746,True,Approximate matrix-free Chebyshev path; adaptive degree=8.
2,150,128,400,214,penny_chebyshev_matrix_free,quantum,1.2381983995437622,92.1875,0.02421340299770236,True,Approximate matrix-free Chebyshev path; adaptive degree=8.
2,150,128,400,215,penny_chebyshev_matrix_free,quantum,1.2381561994552612,92.1875,0.02524983399780467,True,Approximate matrix-free Chebyshev path; adaptive degree=8.
2,150,128,400,216,penny_chebyshev_matrix_free,quantum,1.238114356994629,92.1875,0.02574542904039845,True,Approximate matrix-free Chebyshev path; adaptive degree=8.
2,150,128,400,217,penny_chebyshev_matrix_free,quantum,1.2380740642547607,92.1875,0.03234807099215686,True,Approximate matrix-free Chebyshev path; adaptive degree=8.
2,150,128,400,218,penny_chebyshev_matrix_free,quantum,1.238034725189209,92.1875,0.024960837967228144,True,Approximate matrix-free Chebyshev path; adaptive degree=8.
2,150,128,400,219,penny_chebyshev_matrix_free,quantum,1.2379958629608154,92.1875,0.025615460996050388,True,Approximate matrix-free Chebyshev path; adaptive degree=8.
2,150,128,400,220,penny_chebyshev_matrix_free,quantum,1.2379573583602905,92.1875,0.025364887027535588,True,Approximate matrix-free Chebyshev path; adaptive degree=8.
2,150,128,400,221,penny_chebyshev_matrix_free,quantum,1.2379206418991089,92.1875,0.024592865025624633,True,Approximate matrix-free Chebyshev path; adaptive degree=8.
2,150,128,400,222,penny_chebyshev_matrix_free,quantum,1.2378836870193481,92.1875,0.026542999024968594,True,Approximate matrix-free Chebyshev path; adaptive degree=8.
2,150,128,400,223,penny_chebyshev_matrix_free,quantum,1.2378476858139038,92.1875,0.027588611003011465,True,Approximate matrix-free Chebyshev path; adaptive degree=8.
2,150,128,400,224,penny_chebyshev_matrix_free,quantum,1.2378123998641968,92.1875,0.026405799027998,True,Approximate matrix-free Chebyshev path; adaptive degree=8.
2,150,128,400,225,penny_chebyshev_matrix_free,quantum,1.2377784252166748,92.1875,0.0273080290062353,True,Approximate matrix-free Chebyshev path; adaptive degree=8.
2,150,128,400,226,penny_chebyshev_matrix_free,quantum,1.2377444505691528,92.1875,0.02497227001003921,True,Approximate matrix-free Chebyshev path; adaptive degree=8.
2,150,128,400,227,penny_chebyshev_matrix_free,quantum,1.2377115488052368,92.1875,0.02433213801123202,True,Approximate matrix-free Chebyshev path; adaptive degree=8.
2,150,128,400,228,penny_chebyshev_matrix_free,quantum,1.2376788854599,92.1875,0.02461979101644829,True,Approximate matrix-free Chebyshev path; adaptive degree=8.
2,150,128,400,229,penny_chebyshev_matrix_free,quantum,1.2376474142074585,92.1875,0.02430382795864716,True,Approximate matrix-free Chebyshev path; adaptive degree=8.
2,150,128,400,230,penny_chebyshev_matrix_free,quantum,1.2376155853271484,92.1875,0.026810947980266064,True,Approximate matrix-free Chebyshev path; adaptive degree=8.
2,150,128,400,231,penny_chebyshev_matrix_free,quantum,1.2375857830047607,92.1875,0.025761021999642253,True,Approximate matrix-free Chebyshev path; adaptive degree=8.
2,150,128,400,232,penny_chebyshev_matrix_free,quantum,1.2375552654266357,92.1875,0.024484964029397815,True,Approximate matrix-free Chebyshev path; adaptive degree=8.
2,150,128,400,233,penny_chebyshev_matrix_free,quantum,1.2375258207321167,92.1875,0.024713580030947924,True,Approximate matrix-free Chebyshev path; adaptive degree=8.
2,150,128,400,234,penny_chebyshev_matrix_free,quantum,1.2374974489212036,92.1875,0.02613537898287177,True,Approximate matrix-free Chebyshev path; adaptive degree=8.
2,150,128,400,235,penny_chebyshev_matrix_free,quantum,1.2374693155288696,92.1875,0.026108550024218857,True,Approximate matrix-free Chebyshev path; adaptive degree=8.
2,150,128,400,236,penny_chebyshev_matrix_free,quantum,1.237441897392273,92.1875,0.027468362997751683,True,Approximate matrix-free Chebyshev path; adaptive degree=8.
2,150,128,400,237,penny_chebyshev_matrix_free,quantum,1.2374145984649658,92.1875,0.02684647496789694,True,Approximate matrix-free Chebyshev path; adaptive degree=8.
2,150,128,400,238,penny_chebyshev_matrix_free,quantum,1.237388014793396,92.1875,0.02626020403113216,True,Approximate matrix-free Chebyshev path; adaptive degree=8.
2,150,128,400,239,penny_chebyshev_matrix_free,quantum,1.237362027168274,92.1875,0.02727463300107047,True,Approximate matrix-free Chebyshev path; adaptive degree=8.
2,150,128,400,240,penny_chebyshev_matrix_free,quantum,1.2373363971710205,92.1875,0.027626488998066634,True,Approximate matrix-free Chebyshev path; adaptive degree=8.
2,150,128,400,241,penny_chebyshev_matrix_free,quantum,1.237311601638794,92.1875,0.03631848702207208,True,Approximate matrix-free Chebyshev path; adaptive degree=8.
2,150,128,400,242,penny_chebyshev_matrix_free,quantum,1.2372868061065674,92.1875,0.0258420140016824,True,Approximate matrix-free Chebyshev path; adaptive degree=8.
2,150,128,400,243,penny_chebyshev_matrix_free,quantum,1.2372630834579468,92.1875,0.026582130987662822,True,Approximate matrix-free Chebyshev path; adaptive degree=8.
2,150,128,400,244,penny_chebyshev_matrix_free,quantum,1.2372397184371948,92.1875,0.02755021199118346,True,Approximate matrix-free Chebyshev path; adaptive degree=8.
2,150,128,400,245,penny_chebyshev_matrix_free,quantum,1.237216591835022,92.1875,0.027235528046730906,True,Approximate matrix-free Chebyshev path; adaptive degree=8.
2,150,128,400,246,penny_chebyshev_matrix_free,quantum,1.2371939420700073,92.1875,0.026023289014119655,True,Approximate matrix-free Chebyshev path; adaptive degree=8.
2,150,128,400,247,penny_chebyshev_matrix_free,quantum,1.2371717691421509,92.1875,0.02591418696101755,True,Approximate matrix-free Chebyshev path; adaptive degree=8.
2,150,128,400,248,penny_chebyshev_matrix_free,quantum,1.237149953842163,92.1875,0.02775647898670286,True,Approximate matrix-free Chebyshev path; adaptive degree=8.
2,150,128,400,249,penny_chebyshev_matrix_free,quantum,1.237128734588623,92.1875,0.026563740975689143,True,Approximate matrix-free Chebyshev path; adaptive degree=8.
2,150,128,400,250,penny_chebyshev_matrix_free,quantum,1.2371076345443726,92.1875,0.026156186999287456,True,Approximate matrix-free Chebyshev path; adaptive degree=8.
2,150,128,400,251,penny_chebyshev_matrix_free,quantum,1.2370868921279907,92.1875,0.02663674100767821,True,Approximate matrix-free Chebyshev path; adaptive degree=8.
2,150,128,400,252,penny_chebyshev_matrix_free,quantum,1.2370669841766357,92.1875,0.024672084022313356,True,Approximate matrix-free Chebyshev path; adaptive degree=8.
2,150,128,400,253,penny_chebyshev_matrix_free,quantum,1.2370473146438599,92.1875,0.02500758896348998,True,Approximate matrix-free Chebyshev path; adaptive degree=8.
2,150,128,400,254,penny_chebyshev_matrix_free,quantum,1.237027883529663,92.1875,0.024748510972131044,True,Approximate matrix-free Chebyshev path; adaptive degree=8.
2,150,128,400,255,penny_chebyshev_matrix_free,quantum,1.237008810043335,92.1875,0.024360229028388858,True,Approximate matrix-free Chebyshev path; adaptive degree=8.
2,150,128,400,256,penny_chebyshev_matrix_free,quantum,1.2369906902313232,92.1875,0.024738685984630138,True,Approximate matrix-free Chebyshev path; adaptive degree=8.
2,150,128,400,257,penny_chebyshev_matrix_free,quantum,1.2369725704193115,92.1875,0.024288828019052744,True,Approximate matrix-free Chebyshev path; adaptive degree=8.
2,150,128,400,258,penny_chebyshev_matrix_free,quantum,1.2369543313980103,92.1875,0.02494183403905481,True,Approximate matrix-free Chebyshev path; adaptive degree=8.
2,150,128,400,259,penny_chebyshev_matrix_free,quantum,1.2369368076324463,92.1875,0.024161676003132015,True,Approximate matrix-free Chebyshev path; adaptive degree=8.
2,150,128,400,260,penny_chebyshev_matrix_free,quantum,1.2369197607040405,92.1875,0.024506523041054606,True,Approximate matrix-free Chebyshev path; adaptive degree=8.
2,150,128,400,261,penny_chebyshev_matrix_free,quantum,1.2369033098220825,92.1875,0.02443247998598963,True,Approximate matrix-free Chebyshev path; adaptive degree=8.
2,150,128,400,262,penny_chebyshev_matrix_free,quantum,1.2368865013122559,92.1875,0.024464614049065858,True,Approximate matrix-free Chebyshev path; adaptive degree=8.
2,150,128,400,263,penny_chebyshev_matrix_free,quantum,1.2368704080581665,92.1875,0.024277217977214605,True,Approximate matrix-free Chebyshev path; adaptive degree=8.
2,150,128,400,264,penny_chebyshev_matrix_free,quantum,1.2368545532226562,92.1875,0.024590772984083742,True,Approximate matrix-free Chebyshev path; adaptive degree=8.
2,150,128,400,265,penny_chebyshev_matrix_free,quantum,1.2368390560150146,92.1875,0.024561649013776332,True,Approximate matrix-free Chebyshev path; adaptive degree=8.
2,150,128,400,266,penny_chebyshev_matrix_free,quantum,1.2368240356445312,92.1875,0.024192525015678257,True,Approximate matrix-free Chebyshev path; adaptive degree=8.
2,150,128,400,267,penny_chebyshev_matrix_free,quantum,1.2368086576461792,92.1875,0.02447403100086376,True,Approximate matrix-free Chebyshev path; adaptive degree=8.
2,150,128,400,268,penny_chebyshev_matrix_free,quantum,1.236794114112854,92.1875,0.025290428020525724,True,Approximate matrix-free Chebyshev path; adaptive degree=8.
2,150,128,400,269,penny_chebyshev_matrix_free,quantum,1.2367799282073975,92.1875,0.02560411801096052,True,Approximate matrix-free Chebyshev path; adaptive degree=8.
2,150,128,400,270,penny_chebyshev_matrix_free,quantum,1.2367656230926514,92.1875,0.043333481007721275,True,Approximate matrix-free Chebyshev path; adaptive degree=8.
2,150,128,400,271,penny_chebyshev_matrix_free,quantum,1.2367520332336426,92.1875,0.0448791790404357,True,Approximate matrix-free Chebyshev path; adaptive degree=8.
2,150,128,400,272,penny_chebyshev_matrix_free,quantum,1.2367384433746338,92.1875,0.024616306007374078,True,Approximate matrix-free Chebyshev path; adaptive degree=8.
2,150,128,400,273,penny_chebyshev_matrix_free,quantum,1.236724853515625,92.1875,0.024693783023394644,True,Approximate matrix-free Chebyshev path; adaptive degree=8.
2,150,128,400,274,penny_chebyshev_matrix_free,quantum,1.2367119789123535,92.1875,0.025315861974377185,True,Approximate matrix-free Chebyshev path; adaptive degree=8.
2,150,128,400,275,penny_chebyshev_matrix_free,quantum,1.236699104309082,92.1875,0.02731366700027138,True,Approximate matrix-free Chebyshev path; adaptive degree=8.
2,150,128,400,276,penny_chebyshev_matrix_free,quantum,1.2366870641708374,92.1875,0.026971090002916753,True,Approximate matrix-free Chebyshev path; adaptive degree=8.
2,150,128,400,277,penny_chebyshev_matrix_free,quantum,1.236674427986145,92.1875,0.026127115997951478,True,Approximate matrix-free Chebyshev path; adaptive degree=8.
2,150,128,400,278,penny_chebyshev_matrix_free,quantum,1.2366622686386108,92.1875,0.02626000001328066,True,Approximate matrix-free Chebyshev path; adaptive degree=8.
2,150,128,400,279,penny_chebyshev_matrix_free,quantum,1.2366504669189453,92.1875,0.027127881010528654,True,Approximate matrix-free Chebyshev path; adaptive degree=8.
2,150,128,400,280,penny_chebyshev_matrix_free,quantum,1.2366389036178589,92.1875,0.027221347962040454,True,Approximate matrix-free Chebyshev path; adaptive degree=8.
2,150,128,400,281,penny_chebyshev_matrix_free,quantum,1.2366276979446411,92.1875,0.02666129800491035,True,Approximate matrix-free Chebyshev path; adaptive degree=8.
2,150,128,400,282,penny_chebyshev_matrix_free,quantum,1.2366164922714233,92.1875,0.02793950994964689,True,Approximate matrix-free Chebyshev path; adaptive degree=8.
2,150,128,400,283,penny_chebyshev_matrix_free,quantum,1.2366054058074951,92.1875,0.0268252239911817,True,Approximate matrix-free Chebyshev path; adaptive degree=8.
2,150,128,400,284,penny_chebyshev_matrix_free,quantum,1.2365946769714355,92.1875,0.027145421947352588,True,Approximate matrix-free Chebyshev path; adaptive degree=8.
2,150,128,400,285,penny_chebyshev_matrix_free,quantum,1.236583948135376,92.1875,0.0261520899948664,True,Approximate matrix-free Chebyshev path; adaptive degree=8.
2,150,128,400,286,penny_chebyshev_matrix_free,quantum,1.2365738153457642,92.1875,0.02714905800530687,True,Approximate matrix-free Chebyshev path; adaptive degree=8.
2,150,128,400,287,penny_chebyshev_matrix_free,quantum,1.2365639209747314,92.1875,0.02783422195352614,True,Approximate matrix-free Chebyshev path; adaptive degree=8.
2,150,128,400,288,penny_chebyshev_matrix_free,quantum,1.2365542650222778,92.1875,0.026177121966611594,True,Approximate matrix-free Chebyshev path; adaptive degree=8.
2,150,128,400,289,penny_chebyshev_matrix_free,quantum,1.236543893814087,92.1875,0.02792461001081392,True,Approximate matrix-free Chebyshev path; adaptive degree=8.
2,150,128,400,290,penny_chebyshev_matrix_free,quantum,1.2365344762802124,92.1875,0.0277516630012542,True,Approximate matrix-free Chebyshev path; adaptive degree=8.
2,150,128,400,291,penny_chebyshev_matrix_free,quantum,1.2365251779556274,92.1875,0.026436142972670496,True,Approximate matrix-free Chebyshev path; adaptive degree=8.
2,150,128,400,292,penny_chebyshev_matrix_free,quantum,1.2365161180496216,92.1875,0.02667965996079147,True,Approximate matrix-free Chebyshev path; adaptive degree=8.
2,150,128,400,293,penny_chebyshev_matrix_free,quantum,1.2365068197250366,92.1875,0.028002356993965805,True,Approximate matrix-free Chebyshev path; adaptive degree=8.
2,150,128,400,294,penny_chebyshev_matrix_free,quantum,1.2364981174468994,92.1875,0.02715044398792088,True,Approximate matrix-free Chebyshev path; adaptive degree=8.
2,150,128,400,295,penny_chebyshev_matrix_free,quantum,1.2364898920059204,92.1875,0.026203983987215906,True,Approximate matrix-free Chebyshev path; adaptive degree=8.
2,150,128,400,296,penny_chebyshev_matrix_free,quantum,1.236480951309204,92.1875,0.02696027996717021,True,Approximate matrix-free Chebyshev path; adaptive degree=8.
2,150,128,400,297,penny_chebyshev_matrix_free,quantum,1.2364726066589355,92.1875,0.024961729999631643,True,Approximate matrix-free Chebyshev path; adaptive degree=8.
2,150,128,400,298,penny_chebyshev_matrix_free,quantum,1.236464262008667,92.1875,0.024903030949644744,True,Approximate matrix-free Chebyshev path; adaptive degree=8.
2,150,128,400,299,penny_chebyshev_matrix_free,quantum,1.236456274986267,92.1875,0.024751381017267704,True,Approximate matrix-free Chebyshev path; adaptive degree=8.
2,150,128,400,300,penny_chebyshev_matrix_free,quantum,1.2364486455917358,92.1875,0.024954129999969155,True,Approximate matrix-free Chebyshev path; adaptive degree=8.
2,150,128,400,301,penny_chebyshev_matrix_free,quantum,1.2364410161972046,92.1875,0.02473914297297597,True,Approximate matrix-free Chebyshev path; adaptive degree=8.
2,150,128,400,302,penny_chebyshev_matrix_free,quantum,1.2364332675933838,92.1875,0.024680898990482092,True,Approximate matrix-free Chebyshev path; adaptive degree=8.
2,150,128,400,303,penny_chebyshev_matrix_free,quantum,1.236425757408142,92.1875,0.02482352004153654,True,Approximate matrix-free Chebyshev path; adaptive degree=8.
2,150,128,400,304,penny_chebyshev_matrix_free,quantum,1.2364184856414795,92.1875,0.025678988953586668,True,Approximate matrix-free Chebyshev path; adaptive degree=8.
2,150,128,400,305,penny_chebyshev_matrix_free,quantum,1.2364113330841064,92.1875,0.025315399980172515,True,Approximate matrix-free Chebyshev path; adaptive degree=8.
2,150,128,400,306,penny_chebyshev_matrix_free,quantum,1.236404299736023,92.1875,0.024456233019009233,True,Approximate matrix-free Chebyshev path; adaptive degree=8.
2,150,128,400,307,penny_chebyshev_matrix_free,quantum,1.2363975048065186,92.1875,0.024061334028374404,True,Approximate matrix-free Chebyshev path; adaptive degree=8.
2,150,128,400,308,penny_chebyshev_matrix_free,quantum,1.2363908290863037,92.1875,0.024277052958495915,True,Approximate matrix-free Chebyshev path; adaptive degree=8.
2,150,128,400,309,penny_chebyshev_matrix_free,quantum,1.2363840341567993,92.1875,0.024050839012488723,True,Approximate matrix-free Chebyshev path; adaptive degree=8.
2,150,128,400,310,penny_chebyshev_matrix_free,quantum,1.2363777160644531,92.1875,0.02424079499905929,True,Approximate matrix-free Chebyshev path; adaptive degree=8.
2,150,128,400,311,penny_chebyshev_matrix_free,quantum,1.236371397972107,92.1875,0.02419442404061556,True,Approximate matrix-free Chebyshev path; adaptive degree=8.
2,150,128,400,312,penny_chebyshev_matrix_free,quantum,1.2363648414611816,92.1875,0.024651177984196693,True,Approximate matrix-free Chebyshev path; adaptive degree=8.
2,150,128,400,313,penny_chebyshev_matrix_free,quantum,1.2363587617874146,92.1875,0.02431033697212115,True,Approximate matrix-free Chebyshev path; adaptive degree=8.
2,150,128,400,314,penny_chebyshev_matrix_free,quantum,1.236352801322937,92.1875,0.02417778200469911,True,Approximate matrix-free Chebyshev path; adaptive degree=8.
2,150,128,400,315,penny_chebyshev_matrix_free,quantum,1.2363468408584595,92.1875,0.024181274988222867,True,Approximate matrix-free Chebyshev path; adaptive degree=8.
2,150,128,400,316,penny_chebyshev_matrix_free,quantum,1.2363413572311401,92.1875,0.02408133802236989,True,Approximate matrix-free Chebyshev path; adaptive degree=8.
2,150,128,400,317,penny_chebyshev_matrix_free,quantum,1.2363357543945312,92.1875,0.02455956395715475,True,Approximate matrix-free Chebyshev path; adaptive degree=8.
2,150,128,400,318,penny_chebyshev_matrix_free,quantum,1.2363296747207642,92.1875,0.024273079994600266,True,Approximate matrix-free Chebyshev path; adaptive degree=8.
2,150,128,400,319,penny_chebyshev_matrix_free,quantum,1.2363243103027344,92.1875,0.024459653010126203,True,Approximate matrix-free Chebyshev path; adaptive degree=8.
2,150,128,400,320,penny_chebyshev_matrix_free,quantum,1.2363191843032837,92.96875,0.02465947699965909,True,Approximate matrix-free Chebyshev path; adaptive degree=8.
2,150,128,400,321,penny_chebyshev_matrix_free,quantum,1.236314058303833,92.96875,0.025613830017391592,True,Approximate matrix-free Chebyshev path; adaptive degree=8.
2,150,128,400,322,penny_chebyshev_matrix_free,quantum,1.2363088130950928,92.96875,0.024910542997531593,True,Approximate matrix-free Chebyshev path; adaptive degree=8.
2,150,128,400,323,penny_chebyshev_matrix_free,quantum,1.236303687095642,92.96875,0.024181447981391102,True,Approximate matrix-free Chebyshev path; adaptive degree=8.
2,150,128,400,324,penny_chebyshev_matrix_free,quantum,1.236298680305481,92.96875,0.02438428101595491,True,Approximate matrix-free Chebyshev path; adaptive degree=8.
2,150,128,400,325,penny_chebyshev_matrix_free,quantum,1.2362940311431885,92.96875,0.02428493701154366,True,Approximate matrix-free Chebyshev path; adaptive degree=8.
2,150,128,400,326,penny_chebyshev_matrix_free,quantum,1.236289381980896,92.96875,0.02428874297766015,True,Approximate matrix-free Chebyshev path; adaptive degree=8.
2,150,128,400,327,penny_chebyshev_matrix_free,quantum,1.2362844944000244,92.96875,0.024292382004205137,True,Approximate matrix-free Chebyshev path; adaptive degree=8.
2,150,128,400,328,penny_chebyshev_matrix_free,quantum,1.236280083656311,92.96875,0.024308479973115027,True,Approximate matrix-free Chebyshev path; adaptive degree=8.
2,150,128,400,329,penny_chebyshev_matrix_free,quantum,1.236275553703308,92.96875,0.024151513003744185,True,Approximate matrix-free Chebyshev path; adaptive degree=8.
2,150,128,400,330,penny_chebyshev_matrix_free,quantum,1.2362712621688843,92.96875,0.024832236988004297,True,Approximate matrix-free Chebyshev path; adaptive degree=8.
2,150,128,400,331,penny_chebyshev_matrix_free,quantum,1.2362667322158813,92.96875,0.0244968089973554,True,Approximate matrix-free Chebyshev path; adaptive degree=8.
2,150,128,400,332,penny_chebyshev_matrix_free,quantum,1.236262559890747,92.96875,0.024602452002000064,True,Approximate matrix-free Chebyshev path; adaptive degree=8.
2,150,128,400,333,penny_chebyshev_matrix_free,quantum,1.2362582683563232,92.96875,0.024260590027552098,True,Approximate matrix-free Chebyshev path; adaptive degree=8.
2,150,128,400,334,penny_chebyshev_matrix_free,quantum,1.2362542152404785,92.96875,0.02470960299251601,True,Approximate matrix-free Chebyshev path; adaptive degree=8.
2,150,128,400,335,penny_chebyshev_matrix_free,quantum,1.2362499237060547,92.96875,0.024269794987048954,True,Approximate matrix-free Chebyshev path; adaptive degree=8.
2,150,128,400,336,penny_chebyshev_matrix_free,quantum,1.236246109008789,92.96875,0.02427620004164055,True,Approximate matrix-free Chebyshev path; adaptive degree=8.
2,150,128,400,337,penny_chebyshev_matrix_free,quantum,1.2362421751022339,92.96875,0.02429685101378709,True,Approximate matrix-free Chebyshev path; adaptive degree=8.
2,150,128,400,338,penny_chebyshev_matrix_free,quantum,1.236238718032837,92.96875,0.024158907996024936,True,Approximate matrix-free Chebyshev path; adaptive degree=8.
2,150,128,400,339,penny_chebyshev_matrix_free,quantum,1.2362346649169922,92.96875,0.024253053008578718,True,Approximate matrix-free Chebyshev path; adaptive degree=8.
2,150,128,400,340,penny_chebyshev_matrix_free,quantum,1.2362309694290161,92.96875,0.024208884045947343,True,Approximate matrix-free Chebyshev path; adaptive degree=8.
2,150,128,400,341,penny_chebyshev_matrix_free,quantum,1.2362273931503296,92.96875,0.024370718048885465,True,Approximate matrix-free Chebyshev path; adaptive degree=8.
2,150,128,400,342,penny_chebyshev_matrix_free,quantum,1.2362239360809326,92.96875,0.024121274997014552,True,Approximate matrix-free Chebyshev path; adaptive degree=8.
2,150,128,400,343,penny_chebyshev_matrix_free,quantum,1.2362205982208252,92.96875,0.027386857953388244,True,Approximate matrix-free Chebyshev path; adaptive degree=8.
2,150,128,400,344,penny_chebyshev_matrix_free,quantum,1.2362173795700073,92.96875,0.024436861975118518,True,Approximate matrix-free Chebyshev path; adaptive degree=8.
2,150,128,400,345,penny_chebyshev_matrix_free,quantum,1.2362135648727417,92.96875,0.024196879006922245,True,Approximate matrix-free Chebyshev path; adaptive degree=8.
2,150,128,400,346,penny_chebyshev_matrix_free,quantum,1.236210584640503,92.96875,0.027997810975648463,True,Approximate matrix-free Chebyshev path; adaptive degree=8.
2,150,128,400,347,penny_chebyshev_matrix_free,quantum,1.2362072467803955,92.96875,0.024393443018198013,True,Approximate matrix-free Chebyshev path; adaptive degree=8.
2,150,128,400,348,penny_chebyshev_matrix_free,quantum,1.2362043857574463,92.96875,0.02463125402573496,True,Approximate matrix-free Chebyshev path; adaptive degree=8.
2,150,128,400,349,penny_chebyshev_matrix_free,quantum,1.236201286315918,92.96875,0.024314121052157134,True,Approximate matrix-free Chebyshev path; adaptive degree=8.
2,150,128,400,350,penny_chebyshev_matrix_free,quantum,1.2361979484558105,92.96875,0.024511074007023126,True,Approximate matrix-free Chebyshev path; adaptive degree=8.
2,150,128,400,351,penny_chebyshev_matrix_free,quantum,1.2361949682235718,92.96875,0.024173646001145244,True,Approximate matrix-free Chebyshev path; adaptive degree=8.
2,150,128,400,352,penny_chebyshev_matrix_free,quantum,1.2361921072006226,92.96875,0.024267875007353723,True,Approximate matrix-free Chebyshev path; adaptive degree=8.
2,150,128,400,353,penny_chebyshev_matrix_free,quantum,1.2361892461776733,92.96875,0.024418609973508865,True,Approximate matrix-free Chebyshev path; adaptive degree=8.
2,150,128,400,354,penny_chebyshev_matrix_free,quantum,1.2361862659454346,92.96875,0.02416183997411281,True,Approximate matrix-free Chebyshev path; adaptive degree=8.
2,150,128,400,355,penny_chebyshev_matrix_free,quantum,1.236183762550354,92.96875,0.02531423995969817,True,Approximate matrix-free Chebyshev path; adaptive degree=8.
2,150,128,400,356,penny_chebyshev_matrix_free,quantum,1.2361809015274048,92.96875,0.024921281961724162,True,Approximate matrix-free Chebyshev path; adaptive degree=8.
2,150,128,400,357,penny_chebyshev_matrix_free,quantum,1.2361783981323242,92.96875,0.024422920017968863,True,Approximate matrix-free Chebyshev path; adaptive degree=8.
2,150,128,400,358,penny_chebyshev_matrix_free,quantum,1.2361756563186646,92.96875,0.024360063951462507,True,Approximate matrix-free Chebyshev path; adaptive degree=8.
2,150,128,400,359,penny_chebyshev_matrix_free,quantum,1.2361732721328735,92.96875,0.024359319999348372,True,Approximate matrix-free Chebyshev path; adaptive degree=8.
2,150,128,400,360,penny_chebyshev_matrix_free,quantum,1.236170768737793,92.96875,0.026128438010346144,True,Approximate matrix-free Chebyshev path; adaptive degree=8.
2,150,128,400,361,penny_chebyshev_matrix_free,quantum,1.2361685037612915,92.96875,0.024252675008028746,True,Approximate matrix-free Chebyshev path; adaptive degree=8.
2,150,128,400,362,penny_chebyshev_matrix_free,quantum,1.2361658811569214,92.96875,0.025684732012450695,True,Approximate matrix-free Chebyshev path; adaptive degree=8.
2,150,128,400,363,penny_chebyshev_matrix_free,quantum,1.2361633777618408,92.96875,0.024557115975767374,True,Approximate matrix-free Chebyshev path; adaptive degree=8.
2,150,128,400,364,penny_chebyshev_matrix_free,quantum,1.236161231994629,92.96875,0.024845011008437723,True,Approximate matrix-free Chebyshev path; adaptive degree=8.
2,150,128,400,365,penny_chebyshev_matrix_free,quantum,1.2361589670181274,92.96875,0.024481028027366847,True,Approximate matrix-free Chebyshev path; adaptive degree=8.
2,150,128,400,366,penny_chebyshev_matrix_free,quantum,1.236156702041626,92.96875,0.024702652997802943,True,Approximate matrix-free Chebyshev path; adaptive degree=8.
2,150,128,400,367,penny_chebyshev_matrix_free,quantum,1.236154556274414,92.96875,0.024264902051072568,True,Approximate matrix-free Chebyshev path; adaptive degree=8.
2,150,128,400,368,penny_chebyshev_matrix_free,quantum,1.2361524105072021,92.96875,0.024205127963796258,True,Approximate matrix-free Chebyshev path; adaptive degree=8.
2,150,128,400,369,penny_chebyshev_matrix_free,quantum,1.2361502647399902,92.96875,0.02450057299574837,True,Approximate matrix-free Chebyshev path; adaptive degree=8.
2,150,128,400,370,penny_chebyshev_matrix_free,quantum,1.2361481189727783,92.96875,0.024762731976807117,True,Approximate matrix-free Chebyshev path; adaptive degree=8.
2,150,128,400,371,penny_chebyshev_matrix_free,quantum,1.2361459732055664,92.96875,0.025145608989987522,True,Approximate matrix-free Chebyshev path; adaptive degree=8.
2,150,128,400,372,penny_chebyshev_matrix_free,quantum,1.2361444234848022,92.96875,0.024967347038909793,True,Approximate matrix-free Chebyshev path; adaptive degree=8.
2,150,128,400,373,penny_chebyshev_matrix_free,quantum,1.2361423969268799,92.96875,0.024346063029952347,True,Approximate matrix-free Chebyshev path; adaptive degree=8.
2,150,128,400,374,penny_chebyshev_matrix_free,quantum,1.2361400127410889,92.96875,0.024416750005912036,True,Approximate matrix-free Chebyshev path; adaptive degree=8.
2,150,128,400,375,penny_chebyshev_matrix_free,quantum,1.2361382246017456,92.96875,0.024250496993772686,True,Approximate matrix-free Chebyshev path; adaptive degree=8.
2,150,128,400,376,penny_chebyshev_matrix_free,quantum,1.236136555671692,92.96875,0.0248581679770723,True,Approximate matrix-free Chebyshev path; adaptive degree=8.
2,150,128,400,377,penny_chebyshev_matrix_free,quantum,1.2361345291137695,92.96875,0.024538600002415478,True,Approximate matrix-free Chebyshev path; adaptive degree=8.
2,150,128,400,378,penny_chebyshev_matrix_free,quantum,1.236133098602295,92.96875,0.024445398012176156,True,Approximate matrix-free Chebyshev path; adaptive degree=8.
2,150,128,400,379,penny_chebyshev_matrix_free,quantum,1.2361314296722412,92.96875,0.024773564015049487,True,Approximate matrix-free Chebyshev path; adaptive degree=8.
2,150,128,400,380,penny_chebyshev_matrix_free,quantum,1.2361294031143188,92.96875,0.024275042989756912,True,Approximate matrix-free Chebyshev path; adaptive degree=8.
2,150,128,400,381,penny_chebyshev_matrix_free,quantum,1.2361280918121338,92.96875,0.02436828298959881,True,Approximate matrix-free Chebyshev path; adaptive degree=8.
2,150,128,400,382,penny_chebyshev_matrix_free,quantum,1.23612642288208,92.96875,0.02505607600323856,True,Approximate matrix-free Chebyshev path; adaptive degree=8.
2,150,128,400,383,penny_chebyshev_matrix_free,quantum,1.2361245155334473,92.96875,0.02501728798961267,True,Approximate matrix-free Chebyshev path; adaptive degree=8.
2,150,128,400,384,penny_chebyshev_matrix_free,quantum,1.2361232042312622,92.96875,0.025041557964868844,True,Approximate matrix-free Chebyshev path; adaptive degree=8.
2,150,128,400,385,penny_chebyshev_matrix_free,quantum,1.2361212968826294,92.96875,0.025662206986453384,True,Approximate matrix-free Chebyshev path; adaptive degree=8.
2,150,128,400,386,penny_chebyshev_matrix_free,quantum,1.2361199855804443,92.96875,0.024999929999466985,True,Approximate matrix-free Chebyshev path; adaptive degree=8.
2,150,128,400,387,penny_chebyshev_matrix_free,quantum,1.2361184358596802,92.96875,0.025559345027431846,True,Approximate matrix-free Chebyshev path; adaptive degree=8.
2,150,128,400,388,penny_chebyshev_matrix_free,quantum,1.236116886138916,92.96875,0.025002133974339813,True,Approximate matrix-free Chebyshev path; adaptive degree=8.
2,150,128,400,389,penny_chebyshev_matrix_free,quantum,1.236115574836731,92.96875,0.025102132989559323,True,Approximate matrix-free Chebyshev path; adaptive degree=8.
2,150,128,400,390,penny_chebyshev_matrix_free,quantum,1.2361143827438354,92.96875,0.02598427201155573,True,Approximate matrix-free Chebyshev path; adaptive degree=8.
2,150,128,400,391,penny_chebyshev_matrix_free,quantum,1.2361125946044922,92.96875,0.02532398997573182,True,Approximate matrix-free Chebyshev path; adaptive degree=8.
2,150,128,400,392,penny_chebyshev_matrix_free,quantum,1.2361112833023071,92.96875,0.025506409991066903,True,Approximate matrix-free Chebyshev path; adaptive degree=8.
2,150,128,400,393,penny_chebyshev_matrix_free,quantum,1.236109972000122,92.96875,0.024346849997527897,True,Approximate matrix-free Chebyshev path; adaptive degree=8.
2,150,128,400,394,penny_chebyshev_matrix_free,quantum,1.236108422279358,92.96875,0.024294517002999783,True,Approximate matrix-free Chebyshev path; adaptive degree=8.
2,150,128,400,395,penny_chebyshev_matrix_free,quantum,1.236107349395752,92.96875,0.02443137497175485,True,Approximate matrix-free Chebyshev path; adaptive degree=8.
2,150,128,400,396,penny_chebyshev_matrix_free,quantum,1.2361063957214355,92.96875,0.024005856015719473,True,Approximate matrix-free Chebyshev path; adaptive degree=8.
2,150,128,400,397,penny_chebyshev_matrix_free,quantum,1.2361046075820923,92.96875,0.02426988899242133,True,Approximate matrix-free Chebyshev path; adaptive degree=8.
2,150,128,400,398,penny_chebyshev_matrix_free,quantum,1.2361032962799072,92.96875,0.025638308958150446,True,Approximate matrix-free Chebyshev path; adaptive degree=8.
2,150,128,400,399,penny_chebyshev_matrix_free,quantum,1.2361022233963013,92.96875,0.024177770013920963,True,Approximate matrix-free Chebyshev path; adaptive degree=8.
4,150,128,400,0,original_dense,quantum,1.4874054435338764,55.46875,0.26272549299756065,True,Full dense notebook-style training.
4,150,128,400,0,original_dense,classical,1.4360244929812853,46.875,0.12737326102796942,True,Full dense notebook-style training.
4,150,128,400,1,original_dense,quantum,1.4837119666348364,55.46875,0.26132070197490975,True,Full dense notebook-style training.
4,150,128,400,1,original_dense,classical,1.4343132098460798,46.875,0.12997338303830475,True,Full dense notebook-style training.
4,150,128,400,2,original_dense,quantum,1.4800984175617016,55.46875,0.26715757901547477,True,Full dense notebook-style training.
4,150,128,400,2,original_dense,classical,1.4326425011560264,46.875,0.12854364002123475,True,Full dense notebook-style training.
4,150,128,400,3,original_dense,quantum,1.4765634186103855,56.25,0.2635798460105434,True,Full dense notebook-style training.
4,150,128,400,3,original_dense,classical,1.4310114857614105,46.09375,0.13214048999361694,True,Full dense notebook-style training.
4,150,128,400,4,original_dense,quantum,1.4731055990935407,58.59375,0.2679501259699464,True,Full dense notebook-style training.
4,150,128,400,4,original_dense,classical,1.429419297349774,46.09375,0.12901381100527942,True,Full dense notebook-style training.
4,150,128,400,5,original_dense,quantum,1.4697235961091597,58.59375,0.26746713498141617,True,Full dense notebook-style training.
4,150,128,400,5,original_dense,classical,1.4278650844229048,46.09375,0.12923301302362233,True,Full dense notebook-style training.
4,150,128,400,6,original_dense,quantum,1.4664160552751055,60.15625,0.26663611800177023,True,Full dense notebook-style training.
4,150,128,400,6,original_dense,classical,1.4263480102599324,46.875,0.13002080598380417,True,Full dense notebook-style training.
4,150,128,400,7,original_dense,quantum,1.4631816314293498,60.9375,0.2693394690286368,True,Full dense notebook-style training.
4,150,128,400,7,original_dense,classical,1.4248672528672863,46.875,0.13803097599884495,True,Full dense notebook-style training.
4,150,128,400,8,original_dense,quantum,1.4600189892959412,60.9375,0.2697409690008499,True,Full dense notebook-style training.
4,150,128,400,8,original_dense,classical,1.4234220049163036,47.65625,0.13706689898390323,True,Full dense notebook-style training.
4,150,128,400,9,original_dense,quantum,1.4569268041166952,60.9375,0.2813988419948146,True,Full dense notebook-style training.
4,150,128,400,9,original_dense,classical,1.4220114736692204,47.65625,0.13165854901308194,True,Full dense notebook-style training.
4,150,128,400,10,original_dense,quantum,1.4539037622488054,60.9375,0.2788421019795351,True,Full dense notebook-style training.
4,150,128,400,10,original_dense,classical,1.420634880894279,48.4375,0.1357170679839328,True,Full dense notebook-style training.
4,150,128,400,11,original_dense,quantum,1.4509485617285687,60.9375,0.27503382897702977,True,Full dense notebook-style training.
4,150,128,400,11,original_dense,classical,1.4192914627706428,48.4375,0.1327530889539048,True,Full dense notebook-style training.
4,150,128,400,12,original_dense,quantum,1.448059912801572,60.9375,0.26713757298421115,True,Full dense notebook-style training.
4,150,128,400,12,original_dense,classical,1.4179804697838163,48.4375,0.13759121898328885,True,Full dense notebook-style training.
4,150,128,400,13,original_dense,quantum,1.4452365384196935,61.71875,0.2689036140218377,True,Full dense notebook-style training.
4,150,128,400,13,original_dense,classical,1.416701166612212,48.4375,0.1352530230069533,True,Full dense notebook-style training.
4,150,128,400,14,original_dense,quantum,1.4424771747054406,61.71875,0.2794860669528134,True,Full dense notebook-style training.
4,150,128,400,14,original_dense,classical,1.4154528320055122,48.4375,0.13973506301408634,True,Full dense notebook-style training.
4,150,128,400,15,original_dense,quantum,1.4397805713840912,61.71875,0.29629195999586955,True,Full dense notebook-style training.
4,150,128,400,15,original_dense,classical,1.4142347586554243,48.4375,0.13181070104474202,True,Full dense notebook-style training.
4,150,128,400,16,original_dense,quantum,1.4371454921842535,61.71875,0.28450326703023165,True,Full dense notebook-style training.
4,150,128,400,16,original_dense,classical,1.413046253059435,48.4375,0.13170992099912837,True,Full dense notebook-style training.
4,150,128,400,17,original_dense,quantum,1.4345707152075051,61.71875,0.26811745401937515,True,Full dense notebook-style training.
4,150,128,400,17,original_dense,classical,1.4118866353781199,49.21875,0.1373023010091856,True,Full dense notebook-style training.
4,150,128,400,18,original_dense,quantum,1.4320550332677604,62.5,0.2757037580013275,True,Full dense notebook-style training.
4,150,128,400,18,original_dense,classical,1.4107552392865408,50.0,0.1345025380142033,True,Full dense notebook-style training.
4,150,128,400,19,original_dense,quantum,1.429597254201122,63.28125,0.28342206304660067,True,Full dense notebook-style training.
4,150,128,400,19,original_dense,classical,1.4096514118202856,50.0,0.13983060099417344,True,Full dense notebook-style training.
4,150,128,400,20,original_dense,quantum,1.4271962011469876,63.28125,0.26669295999454334,True,Full dense notebook-style training.
4,150,128,400,20,original_dense,classical,1.4085745132166043,50.0,0.13347147399326786,True,Full dense notebook-style training.
4,150,128,400,21,original_dense,quantum,1.4248507128012124,63.28125,0.27896353002870455,True,Full dense notebook-style training.
4,150,128,400,21,original_dense,classical,1.4075239167511553,50.78125,0.13170117896515876,True,Full dense notebook-style training.
4,150,128,400,22,original_dense,quantum,1.4225596436421508,63.28125,0.2760354180354625,True,Full dense notebook-style training.
4,150,128,400,22,original_dense,classical,1.4064990085707911,50.78125,0.132288881985005,True,Full dense notebook-style training.
4,150,128,400,23,original_dense,quantum,1.420321864130452,63.28125,0.29740107705583796,True,Full dense notebook-style training.
4,150,128,400,23,original_dense,classical,1.4054991875228333,50.78125,0.1523246750002727,True,Full dense notebook-style training.
4,150,128,400,24,original_dense,quantum,1.4181362608834576,63.28125,0.2989109610207379,True,Full dense notebook-style training.
4,150,128,400,24,original_dense,classical,1.4045238649812315,52.34375,0.14366230001905933,True,Full dense notebook-style training.
4,150,128,400,25,original_dense,quantum,1.416001736825118,63.28125,0.2953575400169939,True,Full dense notebook-style training.
4,150,128,400,25,original_dense,classical,1.4035724646700274,52.34375,0.1434293040074408,True,Full dense notebook-style training.
4,150,128,400,26,original_dense,quantum,1.4139172113123069,63.28125,0.28786890994524583,True,Full dense notebook-style training.
4,150,128,400,26,original_dense,classical,1.4026444224844505,51.5625,0.1412772629992105,True,Full dense notebook-style training.
4,150,128,400,27,original_dense,quantum,1.4118816202384548,63.28125,0.2875436270260252,True,Full dense notebook-style training.
4,150,128,400,27,original_dense,classical,1.401739186310042,52.34375,0.14114901202265173,True,Full dense notebook-style training.
4,150,128,400,28,original_dense,quantum,1.4098939161154176,64.0625,0.2909531519981101,True,Full dense notebook-style training.
4,150,128,400,28,original_dense,classical,1.400856215840125,53.125,0.1394453690154478,True,Full dense notebook-style training.
4,150,128,400,29,original_dense,quantum,1.4079530681344743,64.0625,0.28659264801535755,True,Full dense notebook-style training.
4,150,128,400,29,original_dense,classical,1.3999949823919224,53.125,0.13886386901140213,True,Full dense notebook-style training.
4,150,128,400,30,original_dense,quantum,1.4060580622073837,64.0625,0.2888179970323108,True,Full dense notebook-style training.
4,150,128,400,30,original_dense,classical,1.3991549687216405,53.125,0.1388505970244296,True,Full dense notebook-style training.
4,150,128,400,31,original_dense,quantum,1.404207900988401,64.0625,0.2685802659834735,True,Full dense notebook-style training.
4,150,128,400,31,original_dense,classical,1.3983356688387905,53.90625,0.13293402799172327,True,Full dense notebook-style training.
4,150,128,400,32,original_dense,quantum,1.4024016038781535,64.84375,0.2868028899538331,True,Full dense notebook-style training.
4,150,128,400,32,original_dense,classical,1.3975365878200137,53.90625,0.1460261149914004,True,Full dense notebook-style training.
4,150,128,400,33,original_dense,quantum,1.4006382070102494,65.625,0.2771418580086902,True,Full dense notebook-style training.
4,150,128,400,33,original_dense,classical,1.3967572416226615,53.90625,0.13053736597066745,True,Full dense notebook-style training.
4,150,128,400,34,original_dense,quantum,1.3989167632215358,65.625,0.27391309099039063,True,Full dense notebook-style training.
4,150,128,400,34,original_dense,classical,1.3959971568983502,53.90625,0.14272015396272764,True,Full dense notebook-style training.
4,150,128,400,35,original_dense,quantum,1.3972363420068137,65.625,0.27283288503531367,True,Full dense notebook-style training.
4,150,128,400,35,original_dense,classical,1.3952558708067386,55.46875,0.131409736990463,True,Full dense notebook-style training.
4,150,128,400,36,original_dense,quantum,1.395596029458909,66.40625,0.26179640099871904,True,Full dense notebook-style training.
4,150,128,400,36,original_dense,classical,1.3945329308296925,54.6875,0.1280408710008487,True,Full dense notebook-style training.
4,150,128,400,37,original_dense,quantum,1.3939949281948951,66.40625,0.25580044800881296,True,Full dense notebook-style training.
4,150,128,400,37,original_dense,classical,1.3938278945860734,53.90625,0.12719723401824012,True,Full dense notebook-style training.
4,150,128,400,38,original_dense,quantum,1.3924321572693024,66.40625,0.2582608069642447,True,Full dense notebook-style training.
4,150,128,400,38,original_dense,classical,1.393140329647284,53.90625,0.12507158401422203,True,Full dense notebook-style training.
4,150,128,400,39,original_dense,quantum,1.3909068520750887,66.40625,0.25682469399180263,True,Full dense notebook-style training.
4,150,128,400,39,original_dense,classical,1.3924698133537659,53.90625,0.12605369597440585,True,Full dense notebook-style training.
4,150,128,400,40,original_dense,quantum,1.3894181642331525,66.40625,0.26240808999864385,True,Full dense notebook-style training.
4,150,128,400,40,original_dense,classical,1.3918159326325992,54.6875,0.1347578809945844,True,Full dense notebook-style training.
4,150,128,400,41,original_dense,quantum,1.3879652614711355,67.96875,0.2968594490084797,True,Full dense notebook-style training.
4,150,128,400,41,original_dense,classical,1.391178283816335,54.6875,0.15476251201471314,True,Full dense notebook-style training.
4,150,128,400,42,original_dense,quantum,1.3865473274922546,68.75,0.33000393299153075,True,Full dense notebook-style training.
4,150,128,400,42,original_dense,classical,1.3905564724632031,54.6875,0.14882062398828566,True,Full dense notebook-style training.
4,150,128,400,43,original_dense,quantum,1.3851635618348495,68.75,0.2672968999831937,True,Full dense notebook-style training.
4,150,128,400,43,original_dense,classical,1.3899501131788103,54.6875,0.12845921801635996,True,Full dense notebook-style training.
4,150,128,400,44,original_dense,quantum,1.3838131797233366,68.75,0.26591771002858877,True,Full dense notebook-style training.
4,150,128,400,44,original_dense,classical,1.3893588294394428,54.6875,0.12536280701169744,True,Full dense notebook-style training.
4,150,128,400,45,original_dense,quantum,1.3824954119112345,68.75,0.26503481302643195,True,Full dense notebook-style training.
4,150,128,400,45,original_dense,classical,1.3887822534170797,54.6875,0.12851106701418757,True,Full dense notebook-style training.
4,150,128,400,46,original_dense,quantum,1.3812095045168942,68.75,0.26465224201092497,True,Full dense notebook-style training.
4,150,128,400,46,original_dense,classical,1.3882200258061972,54.6875,0.12746859103208408,True,Full dense notebook-style training.
4,150,128,400,47,original_dense,quantum,1.379954718852538,68.75,0.27025036298437044,True,Full dense notebook-style training.
4,150,128,400,47,original_dense,classical,1.3876717956524673,55.46875,0.13329091301420704,True,Full dense notebook-style training.
4,150,128,400,48,original_dense,quantum,1.3787303312471966,69.53125,0.2678047789959237,True,Full dense notebook-style training.
4,150,128,400,48,original_dense,classical,1.3871372201834091,55.46875,0.12904803501442075,True,Full dense notebook-style training.
4,150,128,400,49,original_dense,quantum,1.3775356328641162,69.53125,0.26228568801889196,True,Full dense notebook-style training.
4,150,128,400,49,original_dense,classical,1.3866159646410732,55.46875,0.12649266701191664,True,Full dense notebook-style training.
4,150,128,400,50,original_dense,quantum,1.3763699295131777,69.53125,0.2637994209653698,True,Full dense notebook-style training.
4,150,128,400,50,original_dense,classical,1.3861077021168193,55.46875,0.12595787399914116,True,Full dense notebook-style training.
4,150,128,400,51,original_dense,quantum,1.3752325414588187,70.3125,0.264425917994231,True,Full dense notebook-style training.
4,150,128,400,51,original_dense,classical,1.3856121133882444,56.25,0.13121072598733008,True,Full dense notebook-style training.
4,150,128,400,52,original_dense,quantum,1.3741228032240023,71.875,0.2908248400199227,True,Full dense notebook-style training.
4,150,128,400,52,original_dense,classical,1.3851288867582967,57.03125,0.15049303701380268,True,Full dense notebook-style training.
4,150,128,400,53,original_dense,quantum,1.3730400633906352,71.875,0.29595395899377763,True,Full dense notebook-style training.
4,150,128,400,53,original_dense,classical,1.3846577178966426,57.03125,0.14684695599135011,True,Full dense notebook-style training.
4,150,128,400,54,original_dense,quantum,1.3719836843969653,71.875,0.30004075402393937,True,Full dense notebook-style training.
4,150,128,400,54,original_dense,classical,1.3841983096832973,58.59375,0.13361339800758287,True,Full dense notebook-style training.
4,150,128,400,55,original_dense,quantum,1.3709530423323113,72.65625,0.27978723496198654,True,Full dense notebook-style training.
4,150,128,400,55,original_dense,classical,1.3837503720545747,58.59375,0.13142758002504706,True,Full dense notebook-style training.
4,150,128,400,56,original_dense,quantum,1.3699475267295715,72.65625,0.270287899998948,True,Full dense notebook-style training.
4,150,128,400,56,original_dense,classical,1.3833136218513606,58.59375,0.13655352598289028,True,Full dense notebook-style training.
4,150,128,400,57,original_dense,quantum,1.3689665403558984,72.65625,0.27779186802217737,True,Full dense notebook-style training.
4,150,128,400,57,original_dense,classical,1.3828877826697517,57.8125,0.1353956590173766,True,Full dense notebook-style training.
4,150,128,400,58,original_dense,quantum,1.3680094990018732,75.0,0.28286135400412604,True,Full dense notebook-style training.
4,150,128,400,58,original_dense,classical,1.3824725847140638,58.59375,0.12847793701803312,True,Full dense notebook-style training.
4,150,128,400,59,original_dense,quantum,1.367075831269553,75.0,0.2649946609744802,True,Full dense notebook-style training.
4,150,128,400,59,original_dense,classical,1.3820677646522304,58.59375,0.13171733199851587,True,Full dense notebook-style training.
4,150,128,400,60,original_dense,quantum,1.3661649783597027,75.0,0.26424746902193874,True,Full dense notebook-style training.
4,150,128,400,60,original_dense,classical,1.3816730654735903,58.59375,0.1281011329847388,True,Full dense notebook-style training.
4,150,128,400,61,original_dense,quantum,1.3652763938585268,76.5625,0.2687939829775132,True,Full dense notebook-style training.
4,150,128,400,61,original_dense,classical,1.3812882363490933,58.59375,0.13616516295587644,True,Full dense notebook-style training.
4,150,128,400,62,original_dense,quantum,1.36440954352418,76.5625,0.2959936569677666,True,Full dense notebook-style training.
4,150,128,400,62,original_dense,classical,1.3809130324938932,58.59375,0.14599843102041632,True,Full dense notebook-style training.
4,150,128,400,63,original_dense,quantum,1.3635639050733175,75.78125,0.28751278400886804,True,Full dense notebook-style training.
4,150,128,400,63,original_dense,classical,1.3805472150323568,58.59375,0.14518690999830142,True,Full dense notebook-style training.
4,150,128,400,64,original_dense,quantum,1.3627389679679742,75.78125,0.2752776669804007,True,Full dense notebook-style training.
4,150,128,400,64,original_dense,classical,1.3801905508654668,59.375,0.13081166800111532,True,Full dense notebook-style training.
4,150,128,400,65,original_dense,quantum,1.3619342332029762,76.5625,0.26662883802782744,True,Full dense notebook-style training.
4,150,128,400,65,original_dense,classical,1.3798428125406246,60.15625,0.14562686096178368,True,Full dense notebook-style training.
4,150,128,400,66,original_dense,quantum,1.361149213094108,77.34375,0.2709781340090558,True,Full dense notebook-style training.
4,150,128,400,66,original_dense,classical,1.3795037781238288,60.9375,0.1312422759947367,True,Full dense notebook-style training.
4,150,128,400,67,original_dense,quantum,1.3603834310672802,77.34375,0.27147588203661144,True,Full dense notebook-style training.
4,150,128,400,67,original_dense,classical,1.3791732310742373,61.71875,0.12783990398747846,True,Full dense notebook-style training.
4,150,128,400,68,original_dense,quantum,1.359636421448831,77.34375,0.26446604798547924,True,Full dense notebook-style training.
4,150,128,400,68,original_dense,classical,1.3788509601210799,60.9375,0.13198386103613302,True,Full dense notebook-style training.
4,150,128,400,69,original_dense,quantum,1.3589077292571823,77.34375,0.27309697202872485,True,Full dense notebook-style training.
4,150,128,400,69,original_dense,classical,1.3785367591429238,60.9375,0.13182634901022539,True,Full dense notebook-style training.
4,150,128,400,70,original_dense,quantum,1.3581969099960174,78.125,0.2624121379922144,True,Full dense notebook-style training.
4,150,128,400,70,original_dense,classical,1.378230427049254,60.15625,0.14315258100396022,True,Full dense notebook-style training.
4,150,128,400,71,original_dense,quantum,1.357503529449099,78.125,0.26089631899958476,True,Full dense notebook-style training.
4,150,128,400,71,original_dense,classical,1.3779317676643739,59.375,0.130311710992828,True,Full dense notebook-style training.
4,150,128,400,72,original_dense,quantum,1.356827163476896,78.125,0.27383102098247036,True,Full dense notebook-style training.
4,150,128,400,72,original_dense,classical,1.3776405896135864,59.375,0.130811785988044,True,Full dense notebook-style training.
4,150,128,400,73,original_dense,quantum,1.3561673978151425,78.90625,0.27194499399047345,True,Full dense notebook-style training.
4,150,128,400,73,original_dense,classical,1.3773567062116354,59.375,0.1300491460133344,True,Full dense notebook-style training.
4,150,128,400,74,original_dense,quantum,1.3555238278754471,78.90625,0.27079816500190645,True,Full dense notebook-style training.
4,150,128,400,74,original_dense,classical,1.3770799353533962,59.375,0.13073568203253672,True,Full dense notebook-style training.
4,150,128,400,75,original_dense,quantum,1.3548960585480343,78.90625,0.4030664560268633,True,Full dense notebook-style training.
4,150,128,400,75,original_dense,classical,1.3768100994067787,59.375,0.17656425101449713,True,Full dense notebook-style training.
4,150,128,400,76,original_dense,quantum,1.3542837040067754,78.90625,0.30491622094996274,True,Full dense notebook-style training.
4,150,128,400,76,original_dense,classical,1.3765470251078202,59.375,0.1394225069670938,True,Full dense notebook-style training.
4,150,128,400,77,original_dense,quantum,1.353686387516523,78.90625,0.2794860079884529,True,Full dense notebook-style training.
4,150,128,400,77,original_dense,classical,1.376290543457949,59.375,0.1320162249612622,True,Full dense notebook-style training.
4,150,128,400,78,original_dense,quantum,1.3531037412428868,78.90625,0.2781359060318209,True,Full dense notebook-style training.
4,150,128,400,78,original_dense,classical,1.3760404896233709,60.15625,0.13242613500915468,True,Full dense notebook-style training.
4,150,128,400,79,original_dense,quantum,1.3525354060644905,80.46875,0.2669951959978789,True,Full dense notebook-style training.
4,150,128,400,79,original_dense,classical,1.3757967028365878,60.9375,0.13149674702435732,True,Full dense notebook-style training.
4,150,128,400,80,original_dense,quantum,1.351981031387773,80.46875,0.272291901987046,True,Full dense notebook-style training.
4,150,128,400,80,original_dense,classical,1.3755590262999657,60.9375,0.13429610303137451,True,Full dense notebook-style training.
4,150,128,400,81,original_dense,quantum,1.3514402749644143,80.46875,0.28859293297864497,True,Full dense notebook-style training.
4,150,128,400,81,original_dense,classical,1.3753273070913825,60.9375,0.1452498540165834,True,Full dense notebook-style training.
4,150,128,400,82,original_dense,quantum,1.3509128027113897,81.25,0.2643909910111688,True,Full dense notebook-style training.
4,150,128,400,82,original_dense,classical,1.3751013960718792,60.9375,0.12767109699780121,True,Full dense notebook-style training.
4,150,128,400,83,original_dense,quantum,1.3503982885337438,82.03125,0.2884185150032863,True,Full dense notebook-style training.
4,150,128,400,83,original_dense,classical,1.3748811477953053,60.9375,0.13862008199794218,True,Full dense notebook-style training.
4,150,128,400,84,original_dense,quantum,1.3498964141500724,82.8125,0.26116420998005196,True,Full dense notebook-style training.
4,150,128,400,84,original_dense,classical,1.3746664204199244,61.71875,0.128447477996815,True,Full dense notebook-style training.
4,150,128,400,85,original_dense,quantum,1.3494068689207788,82.8125,0.27322872797958553,True,Full dense notebook-style training.
4,150,128,400,85,original_dense,classical,1.3744570756219499,62.5,0.14005789795191959,True,Full dense notebook-style training.
4,150,128,400,86,original_dense,quantum,1.348929349679092,82.8125,0.2597152389935218,True,Full dense notebook-style training.
4,150,128,400,86,original_dense,classical,1.3742529785109812,62.5,0.1295499830157496,True,Full dense notebook-style training.
4,150,128,400,87,original_dense,quantum,1.348463560564903,82.8125,0.261287311965134,True,Full dense notebook-style training.
4,150,128,400,87,original_dense,classical,1.3740539975472943,61.71875,0.12656207499094307,True,Full dense notebook-style training.
4,150,128,400,88,original_dense,quantum,1.3480092128613943,82.8125,0.26304651401005685,True,Full dense notebook-style training.
4,150,128,400,88,original_dense,classical,1.373860004460978,61.71875,0.14139419596176594,True,Full dense notebook-style training.
4,150,128,400,89,original_dense,quantum,1.347566024834499,82.8125,0.26686904003145173,True,Full dense notebook-style training.
4,150,128,400,89,original_dense,classical,1.3736708741728754,62.5,0.12956565100466833,True,Full dense notebook-style training.
4,150,128,400,90,original_dense,quantum,1.347133721575177,82.8125,0.26722780999261886,True,Full dense notebook-style training.
4,150,128,400,90,original_dense,classical,1.3734864847172898,62.5,0.13308081100694835,True,Full dense notebook-style training.
4,150,128,400,91,original_dense,quantum,1.3467120348445143,82.8125,0.2692832759930752,True,Full dense notebook-style training.
4,150,128,400,91,original_dense,classical,1.3733067171664313,62.5,0.12816360598662868,True,Full dense notebook-style training.
4,150,128,400,92,original_dense,quantum,1.3463007029216456,82.8125,0.26108493300853297,True,Full dense notebook-style training.
4,150,128,400,92,original_dense,classical,1.3731314555565783,63.28125,0.1270540640107356,True,Full dense notebook-style training.
4,150,128,400,93,original_dense,quantum,1.345899470454477,82.8125,0.2683721039793454,True,Full dense notebook-style training.
4,150,128,400,93,original_dense,classical,1.372960586815913,63.28125,0.13283849199069664,True,Full dense notebook-style training.
4,150,128,400,94,original_dense,quantum,1.3455080883132233,82.8125,0.26971650699852034,True,Full dense notebook-style training.
4,150,128,400,94,original_dense,classical,1.3727940006940023,63.28125,0.13226427003974095,True,Full dense notebook-style training.
4,150,128,400,95,original_dense,quantum,1.3451263134467162,82.8125,0.26585986802820116,True,Full dense notebook-style training.
4,150,128,400,95,original_dense,classical,1.3726315896928962,63.28125,0.12532188004115596,True,Full dense notebook-style training.
4,150,128,400,96,original_dense,quantum,1.344753908741499,82.8125,0.25876922701718286,True,Full dense notebook-style training.
4,150,128,400,96,original_dense,classical,1.372473248999811,63.28125,0.12665202002972364,True,Full dense notebook-style training.
4,150,128,400,97,original_dense,quantum,1.3443906428836645,82.8125,0.25868974498007447,True,Full dense notebook-style training.
4,150,128,400,97,original_dense,classical,1.3723188764213659,62.5,0.12576036801328883,True,Full dense notebook-style training.
4,150,128,400,98,original_dense,quantum,1.3440362902234169,82.8125,0.25914476200705394,True,Full dense notebook-style training.
4,150,128,400,98,original_dense,classical,1.3721683723193405,63.28125,0.13096068397862837,True,Full dense notebook-style training.
4,150,128,400,99,original_dense,quantum,1.3436906306423602,82.8125,0.2644156870082952,True,Full dense notebook-style training.
4,150,128,400,99,original_dense,classical,1.3720216395479317,63.28125,0.12839031097246334,True,Full dense notebook-style training.
4,150,128,400,100,original_dense,quantum,1.343353449423447,82.8125,0.2852760010282509,True,Full dense notebook-style training.
4,150,128,400,100,original_dense,classical,1.3718785833924687,63.28125,0.12806387804448605,True,Full dense notebook-style training.
4,150,128,400,101,original_dense,quantum,1.343024537123604,82.8125,0.2622138049919158,True,Full dense notebook-style training.
4,150,128,400,101,original_dense,classical,1.371739111509565,63.28125,0.12761647894512862,True,Full dense notebook-style training.
4,150,128,400,102,original_dense,quantum,1.3427036894489586,82.8125,0.2639579680399038,True,Full dense notebook-style training.
4,150,128,400,102,original_dense,classical,1.3716031338686752,63.28125,0.12838006700621918,True,Full dense notebook-style training.
4,150,128,400,103,original_dense,quantum,1.3423907071326884,82.8125,0.2620032629929483,True,Full dense notebook-style training.
4,150,128,400,103,original_dense,classical,1.3714705626950274,63.28125,0.12645383802009746,True,Full dense notebook-style training.
4,150,128,400,104,original_dense,quantum,1.342085395815425,82.8125,0.2604807339957915,True,Full dense notebook-style training.
4,150,128,400,104,original_dense,classical,1.3713413124139044,63.28125,0.12548666301881894,True,Full dense notebook-style training.
4,150,128,400,105,original_dense,quantum,1.3417875659281826,82.8125,0.2708780749817379,True,Full dense notebook-style training.
4,150,128,400,105,original_dense,classical,1.371215299596242,63.28125,0.13124562200391665,True,Full dense notebook-style training.
4,150,128,400,106,original_dense,quantum,1.3414970325777986,82.8125,0.2683706100215204,True,Full dense notebook-style training.
4,150,128,400,106,original_dense,classical,1.3710924429055218,62.5,0.13091633800650015,True,Full dense notebook-style training.
4,150,128,400,107,original_dense,quantum,1.3412136154348357,82.8125,0.2694655150407925,True,Full dense notebook-style training.
4,150,128,400,107,original_dense,classical,1.3709726630459234,62.5,0.13062639901181683,True,Full dense notebook-style training.
4,150,128,400,108,original_dense,quantum,1.3409371386239133,82.8125,0.25549281301209703,True,Full dense notebook-style training.
4,150,128,400,108,original_dense,classical,1.3708558827117245,62.5,0.1261668789666146,True,Full dense notebook-style training.
4,150,128,400,109,original_dense,quantum,1.3406674306164281,83.59375,0.2595272930338979,True,Full dense notebook-style training.
4,150,128,400,109,original_dense,classical,1.3707420265378993,62.5,0.12685125396819785,True,Full dense notebook-style training.
4,150,128,400,110,original_dense,quantum,1.3404043241256467,83.59375,0.26439270097762346,True,Full dense notebook-style training.
4,150,128,400,110,original_dense,classical,1.3706310210519055,63.28125,0.12665092799579725,True,Full dense notebook-style training.
4,150,128,400,111,original_dense,quantum,1.3401476560041001,83.59375,0.2641215629992075,True,Full dense notebook-style training.
4,150,128,400,111,original_dense,classical,1.3705227946266383,63.28125,0.12895988899981603,True,Full dense notebook-style training.
4,150,128,400,112,original_dense,quantum,1.3398972671432787,82.8125,0.2731448429985903,True,Full dense notebook-style training.
4,150,128,400,112,original_dense,classical,1.3704172774345003,63.28125,0.1342183329979889,True,Full dense notebook-style training.
4,150,128,400,113,original_dense,quantum,1.3396530023755648,82.8125,0.2750267700175755,True,Full dense notebook-style training.
4,150,128,400,113,original_dense,classical,1.370314401402599,64.0625,0.13063941698055714,True,Full dense notebook-style training.
4,150,128,400,114,original_dense,quantum,1.3394147103783731,82.8125,0.26746689196443185,True,Full dense notebook-style training.
4,150,128,400,114,original_dense,classical,1.370214100169017,64.0625,0.13138368498766795,True,Full dense notebook-style training.
4,150,128,400,115,original_dense,quantum,1.3391822435804583,83.59375,0.2678146749967709,True,Full dense notebook-style training.
4,150,128,400,115,original_dense,classical,1.370116309040137,64.0625,0.12985452997963876,True,Full dense notebook-style training.
4,150,128,400,116,original_dense,quantum,1.3389554580703726,83.59375,0.26755252899602056,True,Full dense notebook-style training.
4,150,128,400,116,original_dense,classical,1.3700209649490152,63.28125,0.12948504398809746,True,Full dense notebook-style training.
4,150,128,400,117,original_dense,quantum,1.3387342135069877,82.8125,0.2710281550535001,True,Full dense notebook-style training.
4,150,128,400,117,original_dense,classical,1.3699280064147625,63.28125,0.13395485997898504,True,Full dense notebook-style training.
4,150,128,400,118,original_dense,quantum,1.3385183730320944,82.8125,0.2680392919573933,True,Full dense notebook-style training.
4,150,128,400,118,original_dense,classical,1.36983737350291,64.0625,0.13003656000364572,True,Full dense notebook-style training.
4,150,128,400,119,original_dense,quantum,1.3383078031850173,82.8125,0.2683158250292763,True,Full dense notebook-style training.
4,150,128,400,119,original_dense,classical,1.3697490077867445,64.0625,0.1298847619909793,True,Full dense notebook-style training.
4,150,128,400,120,original_dense,quantum,1.3381023738191944,82.8125,0.27407987701008096,True,Full dense notebook-style training.
4,150,128,400,120,original_dense,classical,1.3696628523095933,64.0625,0.1384271460119635,True,Full dense notebook-style training.
4,150,128,400,121,original_dense,quantum,1.3379019580207168,82.8125,0.2954670620383695,True,Full dense notebook-style training.
4,150,128,400,121,original_dense,classical,1.369578851548027,64.0625,0.1272289160406217,True,Full dense notebook-style training.
4,150,128,400,122,original_dense,quantum,1.337706432028758,82.8125,0.2627113979542628,True,Full dense notebook-style training.
4,150,128,400,122,original_dense,classical,1.3694969513759632,64.0625,0.16702867700951174,True,Full dense notebook-style training.
4,150,128,400,123,original_dense,quantum,1.3375156751578805,82.8125,0.3408306369674392,True,Full dense notebook-style training.
4,150,128,400,123,original_dense,classical,1.369417099029662,64.0625,0.14356654201401398,True,Full dense notebook-style training.
4,150,128,400,124,original_dense,quantum,1.3373295697221614,82.8125,0.30992179503664374,True,Full dense notebook-style training.
4,150,128,400,124,original_dense,classical,1.3693392430735662,64.0625,0.13139745395164937,True,Full dense notebook-style training.
4,150,128,400,125,original_dense,quantum,1.337148000961116,82.8125,0.2702218859922141,True,Full dense notebook-style training.
4,150,128,400,125,original_dense,classical,1.3692633333669972,64.0625,0.13298503396799788,True,Full dense notebook-style training.
4,150,128,400,126,original_dense,quantum,1.3369708569673764,82.8125,0.27112098498037085,True,Full dense notebook-style training.
4,150,128,400,126,original_dense,classical,1.3691893210316588,64.0625,0.13022608199389651,True,Full dense notebook-style training.
4,150,128,400,127,original_dense,quantum,1.3367980286160992,82.8125,0.26877300499472767,True,Full dense notebook-style training.
4,150,128,400,127,original_dense,classical,1.3691171584199548,64.84375,0.13065710995579138,True,Full dense notebook-style training.
4,150,128,400,128,original_dense,quantum,1.3366294094960294,82.8125,0.26502682495629415,True,Full dense notebook-style training.
4,150,128,400,128,original_dense,classical,1.3690467990840827,65.625,0.12998458702350035,True,Full dense notebook-style training.
4,150,128,400,129,original_dense,quantum,1.3364648958422523,82.8125,0.2632619299693033,True,Full dense notebook-style training.
4,150,128,400,129,original_dense,classical,1.3689781977458906,65.625,0.15180434298235923,True,Full dense notebook-style training.
4,150,128,400,130,original_dense,quantum,1.3363043864705257,82.03125,0.2636330450186506,True,Full dense notebook-style training.
4,150,128,400,130,original_dense,classical,1.3689113102674841,65.625,0.1307259860332124,True,Full dense notebook-style training.
4,150,128,400,131,original_dense,quantum,1.3361477827132056,82.03125,0.26843113399809226,True,Full dense notebook-style training.
4,150,128,400,131,original_dense,classical,1.368846093622569,65.625,0.13082689797738567,True,Full dense notebook-style training.
4,150,128,400,132,original_dense,quantum,1.3359949883567215,82.03125,0.26633017597487196,True,Full dense notebook-style training.
4,150,128,400,132,original_dense,classical,1.3687825058684815,66.40625,0.1292081279680133,True,Full dense notebook-style training.
4,150,128,400,133,original_dense,quantum,1.3358459095805546,82.8125,0.2644751489860937,True,Full dense notebook-style training.
4,150,128,400,133,original_dense,classical,1.3687205061189438,66.40625,0.1281692839693278,True,Full dense notebook-style training.
4,150,128,400,134,original_dense,quantum,1.3357004548976936,82.8125,0.25637352297781035,True,Full dense notebook-style training.
4,150,128,400,134,original_dense,classical,1.368660054517475,67.1875,0.12861495098331943,True,Full dense notebook-style training.
4,150,128,400,135,original_dense,quantum,1.3355585350965475,82.8125,0.26598570798523724,True,Full dense notebook-style training.
4,150,128,400,135,original_dense,classical,1.3686011122114705,67.1875,0.12988902401411906,True,Full dense notebook-style training.
4,150,128,400,136,original_dense,quantum,1.335420063184263,82.8125,0.26075084402691573,True,Full dense notebook-style training.
4,150,128,400,136,original_dense,classical,1.3685436413269303,67.1875,0.1263183709816076,True,Full dense notebook-style training.
4,150,128,400,137,original_dense,quantum,1.3352849543314258,82.8125,0.2759564289590344,True,Full dense notebook-style training.
4,150,128,400,137,original_dense,classical,1.3684876049438133,67.1875,0.1309866239898838,True,Full dense notebook-style training.
4,150,128,400,138,original_dense,quantum,1.335153125818111,82.8125,0.27731608296744525,True,Full dense notebook-style training.
4,150,128,400,138,original_dense,classical,1.3684329670720075,67.1875,0.12943007802823558,True,Full dense notebook-style training.
4,150,128,400,139,original_dense,quantum,1.33502449698127,82.8125,0.37253039103234187,True,Full dense notebook-style training.
4,150,128,400,139,original_dense,classical,1.3683796926279017,67.1875,0.181242271035444,True,Full dense notebook-style training.
4,150,128,400,140,original_dense,quantum,1.3348989891633731,84.375,0.42762919003143907,True,Full dense notebook-style training.
4,150,128,400,140,original_dense,classical,1.3683277474115378,67.1875,0.15307722595753148,True,Full dense notebook-style training.
4,150,128,400,141,original_dense,quantum,1.3347765256623598,84.375,0.30911308602662757,True,Full dense notebook-style training.
4,150,128,400,141,original_dense,classical,1.3682770980843422,67.1875,0.1390100609860383,True,Full dense notebook-style training.
4,150,128,400,142,original_dense,quantum,1.3346570316827837,84.375,0.26834760000929236,True,Full dense notebook-style training.
4,150,128,400,142,original_dense,classical,1.368227712147409,67.1875,0.1274312320165336,True,Full dense notebook-style training.
4,150,128,400,143,original_dense,quantum,1.3345404342881761,84.375,0.2598861650330946,True,Full dense notebook-style training.
4,150,128,400,143,original_dense,classical,1.3681795579203264,67.1875,0.12968961097067222,True,Full dense notebook-style training.
4,150,128,400,144,original_dense,quantum,1.3344266623545844,85.15625,0.2632958160247654,True,Full dense notebook-style training.
4,150,128,400,144,original_dense,classical,1.3681326045205375,67.1875,0.12814719800371677,True,Full dense notebook-style training.
4,150,128,400,145,original_dense,quantum,1.3343156465252632,85.15625,0.2616082829772495,True,Full dense notebook-style training.
4,150,128,400,145,original_dense,classical,1.3680868218432152,67.1875,0.12876620999304578,True,Full dense notebook-style training.
4,150,128,400,146,original_dense,quantum,1.3342073191664725,85.15625,0.28304684098111466,True,Full dense notebook-style training.
4,150,128,400,146,original_dense,classical,1.3680421805416407,67.1875,0.1313513169880025,True,Full dense notebook-style training.
4,150,128,400,147,original_dense,quantum,1.3341016143243916,85.15625,0.265063799044583,True,Full dense notebook-style training.
4,150,128,400,147,original_dense,classical,1.3679986520080858,67.1875,0.12722012295853347,True,Full dense notebook-style training.
4,150,128,400,148,original_dense,quantum,1.3339984676830845,85.15625,0.26006178301759064,True,Full dense notebook-style training.
4,150,128,400,148,original_dense,classical,1.3679562083551549,67.1875,0.12933385401265696,True,Full dense notebook-style training.
4,150,128,400,149,original_dense,quantum,1.3338978165235227,85.15625,0.27981910097878426,True,Full dense notebook-style training.
4,150,128,400,149,original_dense,classical,1.3679148223976159,67.1875,0.1455764109850861,True,Full dense notebook-style training.
4,150,128,400,150,original_dense,quantum,1.3337995996836105,85.9375,0.2984020349686034,True,Full dense notebook-style training.
4,150,128,400,150,original_dense,classical,1.3678744676346744,67.1875,0.15195590205257758,True,Full dense notebook-style training.
4,150,128,400,151,original_dense,quantum,1.333703757519227,85.9375,0.3024179940111935,True,Full dense notebook-style training.
4,150,128,400,151,original_dense,classical,1.3678351182327002,67.1875,0.140348732995335,True,Full dense notebook-style training.
4,150,128,400,152,original_dense,quantum,1.3336102318662229,85.9375,0.26943116600159556,True,Full dense notebook-style training.
4,150,128,400,152,original_dense,classical,1.3677967490083884,67.1875,0.12994978699134663,True,Full dense notebook-style training.
4,150,128,400,153,original_dense,quantum,1.333518966003367,85.9375,0.26774769299663603,True,Full dense notebook-style training.
4,150,128,400,153,original_dense,classical,1.367759335412341,67.1875,0.13036551204277202,True,Full dense notebook-style training.
4,150,128,400,154,original_dense,quantum,1.333429904616226,85.9375,0.26722783397417516,True,Full dense notebook-style training.
4,150,128,400,154,original_dense,classical,1.3677228535130623,67.1875,0.13076475000707433,True,Full dense notebook-style training.
4,150,128,400,155,original_dense,quantum,1.3333429937619385,85.9375,0.2672260400140658,True,Full dense notebook-style training.
4,150,128,400,155,original_dense,classical,1.3676872799813615,67.1875,0.12963967095129192,True,Full dense notebook-style training.
4,150,128,400,156,original_dense,quantum,1.3332581808348751,85.9375,0.26712176704313606,True,Full dense notebook-style training.
4,150,128,400,156,original_dense,classical,1.3676525920751421,67.1875,0.12954992696177214,True,Full dense notebook-style training.
4,150,128,400,157,original_dense,quantum,1.3331754145331536,85.9375,0.26774234895128757,True,Full dense notebook-style training.
4,150,128,400,157,original_dense,classical,1.3676187676245837,67.1875,0.1281051819678396,True,Full dense notebook-style training.
4,150,128,400,158,original_dense,quantum,1.3330946448259913,85.9375,0.2797391510102898,True,Full dense notebook-style training.
4,150,128,400,158,original_dense,classical,1.3675857850176891,67.1875,0.13829831697512418,True,Full dense notebook-style training.
4,150,128,400,159,original_dense,quantum,1.3330158229218898,85.9375,0.27306426397990435,True,Full dense notebook-style training.
4,150,128,400,159,original_dense,classical,1.3675536231861962,67.1875,0.1308832839713432,True,Full dense notebook-style training.
4,150,128,400,160,original_dense,quantum,1.3329389012375912,85.9375,0.2761612909962423,True,Full dense notebook-style training.
4,150,128,400,160,original_dense,classical,1.3675222615918519,67.1875,0.13595126097789034,True,Full dense notebook-style training.
4,150,128,400,161,original_dense,quantum,1.3328638333678442,85.9375,0.2901356210350059,True,Full dense notebook-style training.
4,150,128,400,161,original_dense,classical,1.3674916802130268,67.1875,0.1423598459805362,True,Full dense notebook-style training.
4,150,128,400,162,original_dense,quantum,1.332790574055897,85.15625,0.28533342195441946,True,Full dense notebook-style training.
4,150,128,400,162,original_dense,classical,1.3674618595316732,67.1875,0.13819797604810447,True,Full dense notebook-style training.
4,150,128,400,163,original_dense,quantum,1.3327190791647618,85.15625,0.28484342200681567,True,Full dense notebook-style training.
4,150,128,400,163,original_dense,classical,1.367432780520601,67.96875,0.13880728802178055,True,Full dense notebook-style training.
4,150,128,400,164,original_dense,quantum,1.3326493056491788,85.15625,0.28311794000910595,True,Full dense notebook-style training.
4,150,128,400,164,original_dense,classical,1.3674044246310932,67.96875,0.13868440798250958,True,Full dense notebook-style training.
4,150,128,400,165,original_dense,quantum,1.3325812115282933,85.15625,0.28513083001598716,True,Full dense notebook-style training.
4,150,128,400,165,original_dense,classical,1.367376773780817,67.96875,0.13954526494489983,True,Full dense notebook-style training.
4,150,128,400,166,original_dense,quantum,1.3325147558590247,85.9375,0.27184273599414155,True,Full dense notebook-style training.
4,150,128,400,166,original_dense,classical,1.3673498103420476,67.96875,0.1413476379821077,True,Full dense notebook-style training.
4,150,128,400,167,original_dense,quantum,1.332449898710094,85.9375,0.27769679203629494,True,Full dense notebook-style training.
4,150,128,400,167,original_dense,classical,1.3673235171301927,67.96875,0.13066727004479617,True,Full dense notebook-style training.
4,150,128,400,168,original_dense,quantum,1.3323866011367165,85.9375,0.279313039034605,True,Full dense notebook-style training.
4,150,128,400,168,original_dense,classical,1.3672978773926026,67.96875,0.13489016896346584,True,Full dense notebook-style training.
4,150,128,400,169,original_dense,quantum,1.3323248251559243,85.9375,0.2852872440125793,True,Full dense notebook-style training.
4,150,128,400,169,original_dense,classical,1.3672728747976608,67.96875,0.14046660403255373,True,Full dense notebook-style training.
4,150,128,400,170,original_dense,quantum,1.332264533722507,85.9375,0.29900602000998333,True,Full dense notebook-style training.
4,150,128,400,170,original_dense,classical,1.3672484934241615,67.96875,0.1279208569903858,True,Full dense notebook-style training.
4,150,128,400,171,original_dense,quantum,1.332205690705574,85.9375,0.2683842509868555,True,Full dense notebook-style training.
4,150,128,400,171,original_dense,classical,1.367224717750943,67.96875,0.13527343998430297,True,Full dense notebook-style training.
4,150,128,400,172,original_dense,quantum,1.3321482608656865,85.9375,0.2774404400261119,True,Full dense notebook-style training.
4,150,128,400,172,original_dense,classical,1.3672015326467863,68.75,0.13968375098193064,True,Full dense notebook-style training.
4,150,128,400,173,original_dense,quantum,1.332092209832583,85.9375,0.2823533769696951,True,Full dense notebook-style training.
4,150,128,400,173,original_dense,classical,1.3671789233605796,68.75,0.14166284201201051,True,Full dense notebook-style training.
4,150,128,400,174,original_dense,quantum,1.3320375040834567,85.9375,0.28039865399478003,True,Full dense notebook-style training.
4,150,128,400,174,original_dense,classical,1.367156875511718,68.75,0.13102142000570893,True,Full dense notebook-style training.
4,150,128,400,175,original_dense,quantum,1.3319841109217734,85.9375,0.2813340459833853,True,Full dense notebook-style training.
4,150,128,400,175,original_dense,classical,1.3671353750807516,68.75,0.13351270800922066,True,Full dense notebook-style training.
4,150,128,400,176,original_dense,quantum,1.3319319984566536,85.9375,0.27462353598093614,True,Full dense notebook-style training.
4,150,128,400,176,original_dense,classical,1.367114408400274,68.75,0.13911966898012906,True,Full dense notebook-style training.
4,150,128,400,177,original_dense,quantum,1.3318811355827305,85.9375,0.2722745389910415,True,Full dense notebook-style training.
4,150,128,400,177,original_dense,classical,1.3670939621460325,69.53125,0.13362380996113643,True,Full dense notebook-style training.
4,150,128,400,178,original_dense,quantum,1.3318314919605536,85.9375,0.2877094350405969,True,Full dense notebook-style training.
4,150,128,400,178,original_dense,classical,1.3670740233282754,69.53125,0.14549146097851917,True,Full dense notebook-style training.
4,150,128,400,179,original_dense,quantum,1.3317830379974676,85.9375,0.3034628259483725,True,Full dense notebook-style training.
4,150,128,400,179,original_dense,classical,1.3670545792833049,69.53125,0.14246121799806133,True,Full dense notebook-style training.
4,150,128,400,180,original_dense,quantum,1.3317357448289697,85.9375,0.29783572599990293,True,Full dense notebook-style training.
4,150,128,400,180,original_dense,classical,1.3670356176652563,69.53125,0.1442072669742629,True,Full dense notebook-style training.
4,150,128,400,181,original_dense,quantum,1.33168958430056,85.9375,0.27307360200211406,True,Full dense notebook-style training.
4,150,128,400,181,original_dense,classical,1.3670171264380744,69.53125,0.13058663898846135,True,Full dense notebook-style training.
4,150,128,400,182,original_dense,quantum,1.3316445289500165,85.9375,0.2641307369922288,True,Full dense notebook-style training.
4,150,128,400,182,original_dense,classical,1.3669990938677004,69.53125,0.12580749194603413,True,Full dense notebook-style training.
4,150,128,400,183,original_dense,quantum,1.3316005519901501,85.9375,0.25891234196024016,True,Full dense notebook-style training.
4,150,128,400,183,original_dense,classical,1.3669815085144559,69.53125,0.1276751519762911,True,Full dense notebook-style training.
4,150,128,400,184,original_dense,quantum,1.3315576272919676,85.9375,0.2604264300316572,True,Full dense notebook-style training.
4,150,128,400,184,original_dense,classical,1.366964359225617,69.53125,0.12741249101236463,True,Full dense notebook-style training.
4,150,128,400,185,original_dense,quantum,1.3315157293682747,86.71875,0.26467438600957394,True,Full dense notebook-style training.
4,150,128,400,185,original_dense,classical,1.3669476351281726,69.53125,0.12953739101067185,True,Full dense notebook-style training.
4,150,128,400,186,original_dense,quantum,1.3314748333576893,86.71875,0.26538751198677346,True,Full dense notebook-style training.
4,150,128,400,186,original_dense,classical,1.3669313256217814,69.53125,0.12933561694808304,True,Full dense notebook-style training.
4,150,128,400,187,original_dense,quantum,1.3314349150090588,88.28125,0.26846088498132303,True,Full dense notebook-style training.
4,150,128,400,187,original_dense,classical,1.3669154203718854,69.53125,0.12826223898446187,True,Full dense notebook-style training.
4,150,128,400,188,original_dense,quantum,1.3313959506662567,89.0625,0.2629603330278769,True,Full dense notebook-style training.
4,150,128,400,188,original_dense,classical,1.3668999093030185,69.53125,0.13155879796249792,True,Full dense notebook-style training.
4,150,128,400,189,original_dense,quantum,1.3313579172533898,89.0625,0.2739795930101536,True,Full dense notebook-style training.
4,150,128,400,189,original_dense,classical,1.3668847825922679,69.53125,0.14216884900815785,True,Full dense notebook-style training.
4,150,128,400,190,original_dense,quantum,1.3313207922603496,89.0625,0.2838665720191784,True,Full dense notebook-style training.
4,150,128,400,190,original_dense,classical,1.3668700306629125,69.53125,0.1341931659844704,True,Full dense notebook-style training.
4,150,128,400,191,original_dense,quantum,1.331284553728745,89.0625,0.2756887570139952,True,Full dense notebook-style training.
4,150,128,400,191,original_dense,classical,1.366855644178218,69.53125,0.12748787400778383,True,Full dense notebook-style training.
4,150,128,400,192,original_dense,quantum,1.3312491802381878,89.0625,0.2635788139887154,True,Full dense notebook-style training.
4,150,128,400,192,original_dense,classical,1.3668416140353858,69.53125,0.13035296299494803,True,Full dense notebook-style training.
4,150,128,400,193,original_dense,quantum,1.3312146508929121,89.0625,0.2692853100015782,True,Full dense notebook-style training.
4,150,128,400,193,original_dense,classical,1.366827931359665,69.53125,0.12973941600648686,True,Full dense notebook-style training.
4,150,128,400,194,original_dense,quantum,1.331180945308749,89.0625,0.26792985398788005,True,Full dense notebook-style training.
4,150,128,400,194,original_dense,classical,1.3668145874986004,69.53125,0.1295623870100826,True,Full dense notebook-style training.
4,150,128,400,195,original_dense,quantum,1.3311480436004102,89.0625,0.2659404000150971,True,Full dense notebook-style training.
4,150,128,400,195,original_dense,classical,1.366801574016433,69.53125,0.12732738797785714,True,Full dense notebook-style training.
4,150,128,400,196,original_dense,quantum,1.3311159263691088,89.0625,0.2615644580218941,True,Full dense notebook-style training.
4,150,128,400,196,original_dense,classical,1.3667888826886467,69.53125,0.12639617995591834,True,Full dense notebook-style training.
4,150,128,400,197,original_dense,quantum,1.331084574690477,89.0625,0.26217223901767284,True,Full dense notebook-style training.
4,150,128,400,197,original_dense,classical,1.366776505496645,69.53125,0.12758015398867428,True,Full dense notebook-style training.
4,150,128,400,198,original_dense,quantum,1.3310539701027984,89.0625,0.2575281870085746,True,Full dense notebook-style training.
4,150,128,400,198,original_dense,classical,1.3667644346225674,69.53125,0.1272360139992088,True,Full dense notebook-style training.
4,150,128,400,199,original_dense,quantum,1.331024094595537,88.28125,0.2629469290259294,True,Full dense notebook-style training.
4,150,128,400,199,original_dense,classical,1.3667526624442294,69.53125,0.12915322103071958,True,Full dense notebook-style training.
4,150,128,400,200,original_dense,quantum,1.3309949305981366,88.28125,0.2692602379829623,True,Full dense notebook-style training.
4,150,128,400,200,original_dense,classical,1.3667411815302069,69.53125,0.1331898919888772,True,Full dense notebook-style training.
4,150,128,400,201,original_dense,quantum,1.3309664609691327,88.28125,0.27029431698611006,True,Full dense notebook-style training.
4,150,128,400,201,original_dense,classical,1.3667299846350252,69.53125,0.1329896769602783,True,Full dense notebook-style training.
4,150,128,400,202,original_dense,quantum,1.330938668985504,88.28125,0.269248473981861,True,Full dense notebook-style training.
4,150,128,400,202,original_dense,classical,1.3667190646944816,69.53125,0.13040383503539488,True,Full dense notebook-style training.
4,150,128,400,203,original_dense,quantum,1.3309115383323282,88.28125,0.278274794050958,True,Full dense notebook-style training.
4,150,128,400,203,original_dense,classical,1.366708414821086,69.53125,0.14446586900157854,True,Full dense notebook-style training.
4,150,128,400,204,original_dense,quantum,1.330885053092656,88.28125,0.26447608502348885,True,Full dense notebook-style training.
4,150,128,400,204,original_dense,classical,1.3666980282996113,69.53125,0.13401620596414432,True,Full dense notebook-style training.
4,150,128,400,205,original_dense,quantum,1.330859197737679,88.28125,0.2776195330079645,True,Full dense notebook-style training.
4,150,128,400,205,original_dense,classical,1.366687898582763,69.53125,0.13520223798695952,True,Full dense notebook-style training.
4,150,128,400,206,original_dense,quantum,1.3308339571171184,88.28125,0.2730858499999158,True,Full dense notebook-style training.
4,150,128,400,206,original_dense,classical,1.366678019286955,69.53125,0.13486138998996466,True,Full dense notebook-style training.
4,150,128,400,207,original_dense,quantum,1.330809316449862,88.28125,0.27381427597720176,True,Full dense notebook-style training.
4,150,128,400,207,original_dense,classical,1.3666683841881844,69.53125,0.14206284703686833,True,Full dense notebook-style training.
4,150,128,400,208,original_dense,quantum,1.3307852613148503,88.28125,0.3252294750418514,True,Full dense notebook-style training.
4,150,128,400,208,original_dense,classical,1.3666589872180315,69.53125,0.20969591499306262,True,Full dense notebook-style training.
4,150,128,400,209,original_dense,quantum,1.3307617776421587,88.28125,0.28105843299999833,True,Full dense notebook-style training.
4,150,128,400,209,original_dense,classical,1.3666498224597354,69.53125,0.13558011199347675,True,Full dense notebook-style training.
4,150,128,400,210,original_dense,quantum,1.330738851704344,88.28125,0.2909892409807071,True,Full dense notebook-style training.
4,150,128,400,210,original_dense,classical,1.3666408841443887,69.53125,0.1458285609842278,True,Full dense notebook-style training.
4,150,128,400,211,original_dense,quantum,1.3307164701079732,88.28125,0.2753216789569706,True,Full dense notebook-style training.
4,150,128,400,211,original_dense,classical,1.3666321666472216,69.53125,0.13463558099465445,True,Full dense notebook-style training.
4,150,128,400,212,original_dense,quantum,1.33069461978538,88.28125,0.2702775109792128,True,Full dense notebook-style training.
4,150,128,400,212,original_dense,classical,1.3666236644839713,69.53125,0.13282733300002292,True,Full dense notebook-style training.
4,150,128,400,213,original_dense,quantum,1.3306732879866365,88.28125,0.2735395730123855,True,Full dense notebook-style training.
4,150,128,400,213,original_dense,classical,1.3666153723073613,69.53125,0.13147909299004823,True,Full dense notebook-style training.
4,150,128,400,214,original_dense,quantum,1.3306524622717046,88.28125,0.2894778089830652,True,Full dense notebook-style training.
4,150,128,400,214,original_dense,classical,1.366607284903655,69.53125,0.12716007104609162,True,Full dense notebook-style training.
4,150,128,400,215,original_dense,quantum,1.3306321305028033,88.28125,0.26991408597677946,True,Full dense notebook-style training.
4,150,128,400,215,original_dense,classical,1.3665993971892978,69.53125,0.14269032597076148,True,Full dense notebook-style training.
4,150,128,400,216,original_dense,quantum,1.3306122808369518,88.28125,0.27991386997746304,True,Full dense notebook-style training.
4,150,128,400,216,original_dense,classical,1.3665917042076516,69.53125,0.15150092204567045,True,Full dense notebook-style training.
4,150,128,400,217,original_dense,quantum,1.330592901718711,88.28125,0.26588199101388454,True,Full dense notebook-style training.
4,150,128,400,217,original_dense,classical,1.366584201125808,69.53125,0.15053673996590078,True,Full dense notebook-style training.
4,150,128,400,218,original_dense,quantum,1.330573981873105,88.28125,0.29705185000784695,True,Full dense notebook-style training.
4,150,128,400,218,original_dense,classical,1.3665768832314782,69.53125,0.13301089202286676,True,Full dense notebook-style training.
4,150,128,400,219,original_dense,quantum,1.3305555102987117,88.28125,0.2770794609677978,True,Full dense notebook-style training.
4,150,128,400,219,original_dense,classical,1.3665697459299646,69.53125,0.13257777696708217,True,Full dense notebook-style training.
4,150,128,400,220,original_dense,quantum,1.3305374762609297,89.0625,0.274739952001255,True,Full dense notebook-style training.
4,150,128,400,220,original_dense,classical,1.3665627847412127,69.53125,0.13336011301726103,True,Full dense notebook-style training.
4,150,128,400,221,original_dense,quantum,1.3305198692854239,89.0625,0.2768798840115778,True,Full dense notebook-style training.
4,150,128,400,221,original_dense,classical,1.3665559952969308,69.53125,0.13517281704116613,True,Full dense notebook-style training.
4,150,128,400,222,original_dense,quantum,1.3305026791517125,89.0625,0.2710248799994588,True,Full dense notebook-style training.
4,150,128,400,222,original_dense,classical,1.3665493733377854,69.53125,0.1354647669941187,True,Full dense notebook-style training.
4,150,128,400,223,original_dense,quantum,1.3304858958869394,89.0625,0.2794282190152444,True,Full dense notebook-style training.
4,150,128,400,223,original_dense,classical,1.366542914710668,70.3125,0.13326097198296338,True,Full dense notebook-style training.
4,150,128,400,224,original_dense,quantum,1.3304695097597818,89.0625,0.2728540480020456,True,Full dense notebook-style training.
4,150,128,400,224,original_dense,classical,1.366536615366032,70.3125,0.1430320370127447,True,Full dense notebook-style training.
4,150,128,400,225,original_dense,quantum,1.3304535112745206,89.0625,0.27110546501353383,True,Full dense notebook-style training.
4,150,128,400,225,original_dense,classical,1.3665304713552882,70.3125,0.12875217600958422,True,Full dense notebook-style training.
4,150,128,400,226,original_dense,quantum,1.3304378911652612,89.0625,0.2779163400409743,True,Full dense notebook-style training.
4,150,128,400,226,original_dense,classical,1.366524478828283,70.3125,0.13100289000431076,True,Full dense notebook-style training.
4,150,128,400,227,original_dense,quantum,1.3304226403902841,89.0625,0.2759264460182749,True,Full dense notebook-style training.
4,150,128,400,227,original_dense,classical,1.3665186340308224,70.3125,0.1333125550299883,True,Full dense notebook-style training.
4,150,128,400,228,original_dense,quantum,1.3304077501265488,89.0625,0.27382298099109903,True,Full dense notebook-style training.
4,150,128,400,228,original_dense,classical,1.36651293330227,70.3125,0.13355285103898495,True,Full dense notebook-style training.
4,150,128,400,229,original_dense,quantum,1.3303932117643353,89.0625,0.2744039479875937,True,Full dense notebook-style training.
4,150,128,400,229,original_dense,classical,1.3665073730731945,70.3125,0.1347840499947779,True,Full dense notebook-style training.
4,150,128,400,230,original_dense,quantum,1.3303790169020118,89.0625,0.27127807802753523,True,Full dense notebook-style training.
4,150,128,400,230,original_dense,classical,1.3665019498630997,70.3125,0.12852081196615472,True,Full dense notebook-style training.
4,150,128,400,231,original_dense,quantum,1.3303651573409316,89.0625,0.27396423200843856,True,Full dense notebook-style training.
4,150,128,400,231,original_dense,classical,1.3664966602781765,70.3125,0.13723141001537442,True,Full dense notebook-style training.
4,150,128,400,232,original_dense,quantum,1.3303516250804701,89.0625,0.26905669301049784,True,Full dense notebook-style training.
4,150,128,400,232,original_dense,classical,1.366491501009143,69.53125,0.12696111999684945,True,Full dense notebook-style training.
4,150,128,400,233,original_dense,quantum,1.3303384123131659,88.28125,0.26186755602248013,True,Full dense notebook-style training.
4,150,128,400,233,original_dense,classical,1.366486468829127,69.53125,0.1377178180264309,True,Full dense notebook-style training.
4,150,128,400,234,original_dense,quantum,1.3303255114200034,88.28125,0.27867332799360156,True,Full dense notebook-style training.
4,150,128,400,234,original_dense,classical,1.3664815605915928,69.53125,0.12913315801415592,True,Full dense notebook-style training.
4,150,128,400,235,original_dense,quantum,1.3303129149657953,88.28125,0.2781966089969501,True,Full dense notebook-style training.
4,150,128,400,235,original_dense,classical,1.3664767732283403,69.53125,0.13772454799618572,True,Full dense notebook-style training.
4,150,128,400,236,original_dense,quantum,1.3303006156946862,88.28125,0.2803587839589454,True,Full dense notebook-style training.
4,150,128,400,236,original_dense,classical,1.366472103747534,69.53125,0.1285873479791917,True,Full dense notebook-style training.
4,150,128,400,237,original_dense,quantum,1.3302886065257766,88.28125,0.267848317977041,True,Full dense notebook-style training.
4,150,128,400,237,original_dense,classical,1.366467549231798,69.53125,0.12827945599565282,True,Full dense notebook-style training.
4,150,128,400,238,original_dense,quantum,1.3302768805488348,88.28125,0.26771766401361674,True,Full dense notebook-style training.
4,150,128,400,238,original_dense,classical,1.3664631068363504,69.53125,0.1384723719675094,True,Full dense notebook-style training.
4,150,128,400,239,original_dense,quantum,1.330265431020141,88.28125,0.27000695100286976,True,Full dense notebook-style training.
4,150,128,400,239,original_dense,classical,1.3664587737871825,69.53125,0.12821020797127858,True,Full dense notebook-style training.
4,150,128,400,240,original_dense,quantum,1.3302542513584095,88.28125,0.2656687020207755,True,Full dense notebook-style training.
4,150,128,400,240,original_dense,classical,1.3664545473792928,69.53125,0.13330555602442473,True,Full dense notebook-style training.
4,150,128,400,241,original_dense,quantum,1.3302433351408334,88.28125,0.2736890359665267,True,Full dense notebook-style training.
4,150,128,400,241,original_dense,classical,1.3664504249749565,69.53125,0.13021297700470313,True,Full dense notebook-style training.
4,150,128,400,242,original_dense,quantum,1.3302326760992083,88.28125,0.26462143298704177,True,Full dense notebook-style training.
4,150,128,400,242,original_dense,classical,1.3664464040020448,69.53125,0.12912980403052643,True,Full dense notebook-style training.
4,150,128,400,243,original_dense,quantum,1.3302222681161726,88.28125,0.2629921049810946,True,Full dense notebook-style training.
4,150,128,400,243,original_dense,classical,1.3664424819523844,69.53125,0.13482823799131438,True,Full dense notebook-style training.
4,150,128,400,244,original_dense,quantum,1.3302121052215155,88.28125,0.2645070349681191,True,Full dense notebook-style training.
4,150,128,400,244,original_dense,classical,1.3664386563801576,69.53125,0.1271272680023685,True,Full dense notebook-style training.
4,150,128,400,245,original_dense,quantum,1.330202181588605,88.28125,0.3009612019523047,True,Full dense notebook-style training.
4,150,128,400,245,original_dense,classical,1.3664349249003411,69.53125,0.16477952699642628,True,Full dense notebook-style training.
4,150,128,400,246,original_dense,quantum,1.3301924915308792,88.28125,0.29825696197804064,True,Full dense notebook-style training.
4,150,128,400,246,original_dense,classical,1.3664312851871885,69.53125,0.13756723998812959,True,Full dense notebook-style training.
4,150,128,400,247,original_dense,quantum,1.330183029498437,87.5,0.3073955330182798,True,Full dense notebook-style training.
4,150,128,400,247,original_dense,classical,1.366427734972748,69.53125,0.1308037310373038,True,Full dense notebook-style training.
4,150,128,400,248,original_dense,quantum,1.3301737900747168,87.5,0.285690026008524,True,Full dense notebook-style training.
4,150,128,400,248,original_dense,classical,1.3664242720454167,69.53125,0.1551238910178654,True,Full dense notebook-style training.
4,150,128,400,249,original_dense,quantum,1.330164767973244,87.5,0.3314472279744223,True,Full dense notebook-style training.
4,150,128,400,249,original_dense,classical,1.3664208942485359,69.53125,0.13431121601024643,True,Full dense notebook-style training.
4,150,128,400,250,original_dense,quantum,1.3301559580344724,87.5,0.2760750930174254,True,Full dense notebook-style training.
4,150,128,400,250,original_dense,classical,1.3664175994790129,69.53125,0.13487468397943303,True,Full dense notebook-style training.
4,150,128,400,251,original_dense,quantum,1.3301473552226895,87.5,0.2782282190164551,True,Full dense notebook-style training.
4,150,128,400,251,original_dense,classical,1.3664143856859878,69.53125,0.13726666203001514,True,Full dense notebook-style training.
4,150,128,400,252,original_dense,quantum,1.3301389546230167,87.5,0.29884109896374866,True,Full dense notebook-style training.
4,150,128,400,252,original_dense,classical,1.3664112508695265,69.53125,0.13207546301418915,True,Full dense notebook-style training.
4,150,128,400,253,original_dense,quantum,1.3301307514384646,87.5,0.30492328997934237,True,Full dense notebook-style training.
4,150,128,400,253,original_dense,classical,1.3664081930793492,69.53125,0.14401928801089525,True,Full dense notebook-style training.
4,150,128,400,254,original_dense,quantum,1.3301227409870706,87.5,0.3071669510100037,True,Full dense notebook-style training.
4,150,128,400,254,original_dense,classical,1.366405210413591,69.53125,0.14642926899250597,True,Full dense notebook-style training.
4,150,128,400,255,original_dense,quantum,1.3301149186991092,87.5,0.31012970698066056,True,Full dense notebook-style training.
4,150,128,400,255,original_dense,classical,1.3664023010175914,69.53125,0.14189990004524589,True,Full dense notebook-style training.
4,150,128,400,256,original_dense,quantum,1.3301072801143663,87.5,0.2790913140051998,True,Full dense notebook-style training.
4,150,128,400,256,original_dense,classical,1.3663994630827199,69.53125,0.1369648859836161,True,Full dense notebook-style training.
4,150,128,400,257,original_dense,quantum,1.3300998208794792,87.5,0.28315764997387305,True,Full dense notebook-style training.
4,150,128,400,257,original_dense,classical,1.3663966948452233,69.53125,0.1393422900000587,True,Full dense notebook-style training.
4,150,128,400,258,original_dense,quantum,1.330092536745347,87.5,0.2784588829963468,True,Full dense notebook-style training.
4,150,128,400,258,original_dense,classical,1.3663939945851071,69.53125,0.13484977005282417,True,Full dense notebook-style training.
4,150,128,400,259,original_dense,quantum,1.3300854235646018,87.5,0.2739805710152723,True,Full dense notebook-style training.
4,150,128,400,259,original_dense,classical,1.3663913606250446,69.53125,0.13721636799164116,True,Full dense notebook-style training.
4,150,128,400,260,original_dense,quantum,1.3300784772891432,87.5,0.29562919499585405,True,Full dense notebook-style training.
4,150,128,400,260,original_dense,classical,1.3663887913293118,69.53125,0.14549213502323255,True,Full dense notebook-style training.
4,150,128,400,261,original_dense,quantum,1.3300716939677324,87.5,0.26831377297639847,True,Full dense notebook-style training.
4,150,128,400,261,original_dense,classical,1.36638628510275,69.53125,0.1384008009918034,True,Full dense notebook-style training.
4,150,128,400,262,original_dense,quantum,1.3300650697436491,87.5,0.3133802259690128,True,Full dense notebook-style training.
4,150,128,400,262,original_dense,classical,1.3663838403897526,69.53125,0.14374410902382806,True,Full dense notebook-style training.
4,150,128,400,263,original_dense,quantum,1.3300586008523945,87.5,0.28021831496153027,True,Full dense notebook-style training.
4,150,128,400,263,original_dense,classical,1.3663814556732816,69.53125,0.1373836409766227,True,Full dense notebook-style training.
4,150,128,400,264,original_dense,quantum,1.3300522836194704,87.5,0.27886228798888624,True,Full dense notebook-style training.
4,150,128,400,264,original_dense,classical,1.3663791294739025,69.53125,0.13383088202681392,True,Full dense notebook-style training.
4,150,128,400,265,original_dense,quantum,1.3300461144581914,87.5,0.34215415397193283,True,Full dense notebook-style training.
4,150,128,400,265,original_dense,classical,1.3663768603488526,69.53125,0.16297464695526287,True,Full dense notebook-style training.
4,150,128,400,266,original_dense,quantum,1.3300400898675717,87.5,0.28834044898394495,True,Full dense notebook-style training.
4,150,128,400,266,original_dense,classical,1.3663746468911206,69.53125,0.14880348794395104,True,Full dense notebook-style training.
4,150,128,400,267,original_dense,quantum,1.3300342064302373,87.5,0.29356242599897087,True,Full dense notebook-style training.
4,150,128,400,267,original_dense,classical,1.3663724877285617,69.53125,0.1461855040397495,True,Full dense notebook-style training.
4,150,128,400,268,original_dense,quantum,1.3300284608104214,87.5,0.2744700629846193,True,Full dense notebook-style training.
4,150,128,400,268,original_dense,classical,1.36637038152302,69.53125,0.12908303999574855,True,Full dense notebook-style training.
4,150,128,400,269,original_dense,quantum,1.3300228497519873,87.5,0.2770229270099662,True,Full dense notebook-style training.
4,150,128,400,269,original_dense,classical,1.3663683269694937,69.53125,0.13157461100490764,True,Full dense notebook-style training.
4,150,128,400,270,original_dense,quantum,1.3300173700764921,87.5,0.2622677760082297,True,Full dense notebook-style training.
4,150,128,400,270,original_dense,classical,1.3663663227953002,69.53125,0.13149531901581213,True,Full dense notebook-style training.
4,150,128,400,271,original_dense,quantum,1.3300120186813364,87.5,0.2640041830018163,True,Full dense notebook-style training.
4,150,128,400,271,original_dense,classical,1.3663643677592765,69.53125,0.1336816269904375,True,Full dense notebook-style training.
4,150,128,400,272,original_dense,quantum,1.3300067925379078,87.5,0.26893948402721435,True,Full dense notebook-style training.
4,150,128,400,272,original_dense,classical,1.3663624606509877,69.53125,0.1301786620169878,True,Full dense notebook-style training.
4,150,128,400,273,original_dense,quantum,1.3300016886898114,87.5,0.25959940103348345,True,Full dense notebook-style training.
4,150,128,400,273,original_dense,classical,1.3663606002899698,69.53125,0.12515621399506927,True,Full dense notebook-style training.
4,150,128,400,274,original_dense,quantum,1.329996704251122,87.5,0.2821852429769933,True,Full dense notebook-style training.
4,150,128,400,274,original_dense,classical,1.3663587855249817,69.53125,0.12755536299664527,True,Full dense notebook-style training.
4,150,128,400,275,original_dense,quantum,1.3299918364046872,87.5,0.2763099910225719,True,Full dense notebook-style training.
4,150,128,400,275,original_dense,classical,1.3663570152332711,69.53125,0.13946872600354254,True,Full dense notebook-style training.
4,150,128,400,276,original_dense,quantum,1.3299870824004678,87.5,0.2923777629621327,True,Full dense notebook-style training.
4,150,128,400,276,original_dense,classical,1.3663552883198755,69.53125,0.14581729500787333,True,Full dense notebook-style training.
4,150,128,400,277,original_dense,quantum,1.329982439553923,87.5,0.2970886540133506,True,Full dense notebook-style training.
4,150,128,400,277,original_dense,classical,1.3663536037169248,69.53125,0.1464061050210148,True,Full dense notebook-style training.
4,150,128,400,278,original_dense,quantum,1.3299779052444265,87.5,0.29358164803124964,True,Full dense notebook-style training.
4,150,128,400,278,original_dense,classical,1.3663519603829666,69.53125,0.14001438696868718,True,Full dense notebook-style training.
4,150,128,400,279,original_dense,quantum,1.329973476913734,87.5,0.27357016899622977,True,Full dense notebook-style training.
4,150,128,400,279,original_dense,classical,1.3663503573023137,70.3125,0.13109111896483228,True,Full dense notebook-style training.
4,150,128,400,280,original_dense,quantum,1.3299691520644814,87.5,0.2697694409871474,True,Full dense notebook-style training.
4,150,128,400,280,original_dense,classical,1.3663487934843985,70.3125,0.127917324018199,True,Full dense notebook-style training.
4,150,128,400,281,original_dense,quantum,1.3299649282587138,87.5,0.28313905402319506,True,Full dense notebook-style training.
4,150,128,400,281,original_dense,classical,1.3663472679631523,70.3125,0.13391829398460686,True,Full dense notebook-style training.
4,150,128,400,282,original_dense,quantum,1.3299608031164656,87.5,0.27511864504776895,True,Full dense notebook-style training.
4,150,128,400,282,original_dense,classical,1.3663457797963932,70.3125,0.13321226899279281,True,Full dense notebook-style training.
4,150,128,400,283,original_dense,quantum,1.329956774314351,87.5,0.27089381602127105,True,Full dense notebook-style training.
4,150,128,400,283,original_dense,classical,1.366344328065234,70.3125,0.1315999609651044,True,Full dense notebook-style training.
4,150,128,400,284,original_dense,quantum,1.3299528395842206,87.5,0.27274021797347814,True,Full dense notebook-style training.
4,150,128,400,284,original_dense,classical,1.3663429118735022,70.3125,0.13074060500366613,True,Full dense notebook-style training.
4,150,128,400,285,original_dense,quantum,1.329948996711827,87.5,0.2666610660380684,True,Full dense notebook-style training.
4,150,128,400,285,original_dense,classical,1.3663415303471786,70.3125,0.14168036094633862,True,Full dense notebook-style training.
4,150,128,400,286,original_dense,quantum,1.3299452435355203,87.5,0.31680385099025443,True,Full dense notebook-style training.
4,150,128,400,286,original_dense,classical,1.3663401826338397,70.3125,0.1386716039851308,True,Full dense notebook-style training.
4,150,128,400,287,original_dense,quantum,1.3299415779450023,87.5,0.2750741940108128,True,Full dense notebook-style training.
4,150,128,400,287,original_dense,classical,1.3663388679021282,70.3125,0.1336844689794816,True,Full dense notebook-style training.
4,150,128,400,288,original_dense,quantum,1.3299379978800792,87.5,0.27449895202880725,True,Full dense notebook-style training.
4,150,128,400,288,original_dense,classical,1.3663375853412265,70.3125,0.13171199604403228,True,Full dense notebook-style training.
4,150,128,400,289,original_dense,quantum,1.3299345013294674,87.5,0.2635114040458575,True,Full dense notebook-style training.
4,150,128,400,289,original_dense,classical,1.3663363341603494,70.3125,0.1320552349789068,True,Full dense notebook-style training.
4,150,128,400,290,original_dense,quantum,1.3299310863296145,87.5,0.3318276319769211,True,Full dense notebook-style training.
4,150,128,400,290,original_dense,classical,1.366335113588242,69.53125,0.13069166999775916,True,Full dense notebook-style training.
4,150,128,400,291,original_dense,quantum,1.329927750963558,87.5,0.25989624997600913,True,Full dense notebook-style training.
4,150,128,400,291,original_dense,classical,1.3663339228726976,69.53125,0.12561709102010354,True,Full dense notebook-style training.
4,150,128,400,292,original_dense,quantum,1.329924493359808,87.5,0.26550274196779355,True,Full dense notebook-style training.
4,150,128,400,292,original_dense,classical,1.3663327612800855,69.53125,0.1277897630352527,True,Full dense notebook-style training.
4,150,128,400,293,original_dense,quantum,1.3299213116912505,87.5,0.26452586299274117,True,Full dense notebook-style training.
4,150,128,400,293,original_dense,classical,1.3663316280948867,69.53125,0.12934843701077625,True,Full dense notebook-style training.
4,150,128,400,294,original_dense,quantum,1.3299182041740958,87.5,0.27527471201028675,True,Full dense notebook-style training.
4,150,128,400,294,original_dense,classical,1.3663305226192493,69.53125,0.13050744298379868,True,Full dense notebook-style training.
4,150,128,400,295,original_dense,quantum,1.329915169066824,87.5,0.2697067310218699,True,Full dense notebook-style training.
4,150,128,400,295,original_dense,classical,1.366329444172544,69.53125,0.1315232390188612,True,Full dense notebook-style training.
4,150,128,400,296,original_dense,quantum,1.3299122046691967,87.5,0.2696434800163843,True,Full dense notebook-style training.
4,150,128,400,296,original_dense,classical,1.366328392090943,70.3125,0.13775862799957395,True,Full dense notebook-style training.
4,150,128,400,297,original_dense,quantum,1.3299093093212397,87.5,0.2617656940128654,True,Full dense notebook-style training.
4,150,128,400,297,original_dense,classical,1.3663273657269996,70.3125,0.1271305369446054,True,Full dense notebook-style training.
4,150,128,400,298,original_dense,quantum,1.3299064814023014,87.5,0.2814630009816028,True,Full dense notebook-style training.
4,150,128,400,298,original_dense,classical,1.3663263644492414,70.3125,0.1373739190166816,True,Full dense notebook-style training.
4,150,128,400,299,original_dense,quantum,1.3299037193301029,87.5,0.28023086802568287,True,Full dense notebook-style training.
4,150,128,400,299,original_dense,classical,1.3663253876417762,70.3125,0.13090986903989688,True,Full dense notebook-style training.
4,150,128,400,300,original_dense,quantum,1.32990102155982,87.5,0.26967172499280423,True,Full dense notebook-style training.
4,150,128,400,300,original_dense,classical,1.366324434703902,70.3125,0.13199214899213985,True,Full dense notebook-style training.
4,150,128,400,301,original_dense,quantum,1.3298983865831897,87.5,0.270563272992149,True,Full dense notebook-style training.
4,150,128,400,301,original_dense,classical,1.3663235050497367,70.3125,0.13124427996808663,True,Full dense notebook-style training.
4,150,128,400,302,original_dense,quantum,1.329895812927634,87.5,0.2679834199952893,True,Full dense notebook-style training.
4,150,128,400,302,original_dense,classical,1.3663225981078462,70.3125,0.12791923101758584,True,Full dense notebook-style training.
4,150,128,400,303,original_dense,quantum,1.3298932991554109,87.5,0.2623447789810598,True,Full dense notebook-style training.
4,150,128,400,303,original_dense,classical,1.3663217133208851,70.3125,0.1279539749957621,True,Full dense notebook-style training.
4,150,128,400,304,original_dense,quantum,1.3298908438627743,87.5,0.2689693230204284,True,Full dense notebook-style training.
4,150,128,400,304,original_dense,classical,1.3663208501452502,70.3125,0.12808157899416983,True,Full dense notebook-style training.
4,150,128,400,305,original_dense,quantum,1.3298884456791698,87.5,0.28957094700308517,True,Full dense notebook-style training.
4,150,128,400,305,original_dense,classical,1.366320008050741,70.3125,0.14329380996059626,True,Full dense notebook-style training.
4,150,128,400,306,original_dense,quantum,1.3298861032664377,87.5,0.2817241420270875,True,Full dense notebook-style training.
4,150,128,400,306,original_dense,classical,1.366319186520224,70.3125,0.13395260699326172,True,Full dense notebook-style training.
4,150,128,400,307,original_dense,quantum,1.3298838153180441,87.5,0.26193311699898914,True,Full dense notebook-style training.
4,150,128,400,307,original_dense,classical,1.3663183850493112,70.3125,0.13032293104333803,True,Full dense notebook-style training.
4,150,128,400,308,original_dense,quantum,1.3298815805583173,87.5,0.27167200500844046,True,Full dense notebook-style training.
4,150,128,400,308,original_dense,classical,1.3663176031460447,70.3125,0.13395531196147203,True,Full dense notebook-style training.
4,150,128,400,309,original_dense,quantum,1.3298793977417231,87.5,0.27246726700104773,True,Full dense notebook-style training.
4,150,128,400,309,original_dense,classical,1.366316840330589,70.3125,0.13255381502676755,True,Full dense notebook-style training.
4,150,128,400,310,original_dense,quantum,1.3298772656521343,87.5,0.2707266879733652,True,Full dense notebook-style training.
4,150,128,400,310,original_dense,classical,1.366316096134926,70.3125,0.13276543002575636,True,Full dense notebook-style training.
4,150,128,400,311,original_dense,quantum,1.32987518310214,87.5,0.26525693997973576,True,Full dense notebook-style training.
4,150,128,400,311,original_dense,classical,1.366315370102573,70.3125,0.1305906450143084,True,Full dense notebook-style training.
4,150,128,400,312,original_dense,quantum,1.3298731489323536,87.5,0.27498619101243094,True,Full dense notebook-style training.
4,150,128,400,312,original_dense,classical,1.3663146617882835,70.3125,0.1305358069948852,True,Full dense notebook-style training.
4,150,128,400,313,original_dense,quantum,1.3298711620107466,87.5,0.2684827939956449,True,Full dense notebook-style training.
4,150,128,400,313,original_dense,classical,1.3663139707577805,70.3125,0.13041640096344054,True,Full dense notebook-style training.
4,150,128,400,314,original_dense,quantum,1.3298692212319987,87.5,0.2898988890228793,True,Full dense notebook-style training.
4,150,128,400,314,original_dense,classical,1.3663132965874814,70.3125,0.14326475095003843,True,Full dense notebook-style training.
4,150,128,400,315,original_dense,quantum,1.3298673255168605,87.5,0.3049903900246136,True,Full dense notebook-style training.
4,150,128,400,315,original_dense,classical,1.366312638864228,70.3125,0.12622955802362412,True,Full dense notebook-style training.
4,150,128,400,316,original_dense,quantum,1.3298654738115316,87.5,0.2615859220386483,True,Full dense notebook-style training.
4,150,128,400,316,original_dense,classical,1.3663119971850377,70.3125,0.1270441189990379,True,Full dense notebook-style training.
4,150,128,400,317,original_dense,quantum,1.3298636650870599,87.5,0.26466149801854044,True,Full dense notebook-style training.
4,150,128,400,317,original_dense,classical,1.3663113711568438,70.3125,0.12597674899734557,True,Full dense notebook-style training.
4,150,128,400,318,original_dense,quantum,1.3298618983387385,87.5,0.26001146604539827,True,Full dense notebook-style training.
4,150,128,400,318,original_dense,classical,1.3663107603962559,70.3125,0.1267534299986437,True,Full dense notebook-style training.
4,150,128,400,319,original_dense,quantum,1.3298601725855432,87.5,0.26488108502235264,True,Full dense notebook-style training.
4,150,128,400,319,original_dense,classical,1.3663101645293192,70.3125,0.12979280401486903,True,Full dense notebook-style training.
4,150,128,400,320,original_dense,quantum,1.3298584868695609,87.5,0.2624733780394308,True,Full dense notebook-style training.
4,150,128,400,320,original_dense,classical,1.3663095831912773,70.3125,0.12864552397513762,True,Full dense notebook-style training.
4,150,128,400,321,original_dense,quantum,1.329856840255435,87.5,0.2642231219797395,True,Full dense notebook-style training.
4,150,128,400,321,original_dense,classical,1.3663090160263498,70.3125,0.12535952200414613,True,Full dense notebook-style training.
4,150,128,400,322,original_dense,quantum,1.3298552318298476,87.5,0.26426940504461527,True,Full dense notebook-style training.
4,150,128,400,322,original_dense,classical,1.3663084626875053,70.3125,0.12840844702441245,True,Full dense notebook-style training.
4,150,128,400,323,original_dense,quantum,1.3298536607009732,87.5,0.25758424203377217,True,Full dense notebook-style training.
4,150,128,400,323,original_dense,classical,1.3663079228362534,70.3125,0.1258511760388501,True,Full dense notebook-style training.
4,150,128,400,324,original_dense,quantum,1.3298521259979852,87.5,0.2590543439728208,True,Full dense notebook-style training.
4,150,128,400,324,original_dense,classical,1.3663073961424246,70.3125,0.13276063901139423,True,Full dense notebook-style training.
4,150,128,400,325,original_dense,quantum,1.3298506268705463,87.5,0.28824244998395443,True,Full dense notebook-style training.
4,150,128,400,325,original_dense,classical,1.3663068822839692,70.3125,0.16912010504165664,True,Full dense notebook-style training.
4,150,128,400,326,original_dense,quantum,1.3298491624883266,87.5,0.3510978489648551,True,Full dense notebook-style training.
4,150,128,400,326,original_dense,classical,1.366306380946755,69.53125,0.13018058700254187,True,Full dense notebook-style training.
4,150,128,400,327,original_dense,quantum,1.3298477320405306,87.5,0.2708695770124905,True,Full dense notebook-style training.
4,150,128,400,327,original_dense,classical,1.3663058918243753,69.53125,0.12988489802228287,True,Full dense notebook-style training.
4,150,128,400,328,original_dense,quantum,1.329846334735427,87.5,0.26212988898623735,True,Full dense notebook-style training.
4,150,128,400,328,original_dense,classical,1.366305414617953,69.53125,0.1293228329741396,True,Full dense notebook-style training.
4,150,128,400,329,original_dense,quantum,1.3298449697999044,87.5,0.26548796403221786,True,Full dense notebook-style training.
4,150,128,400,329,original_dense,classical,1.3663049490359562,69.53125,0.12907299801008776,True,Full dense notebook-style training.
4,150,128,400,330,original_dense,quantum,1.3298436364790207,87.5,0.26877959398552775,True,Full dense notebook-style training.
4,150,128,400,330,original_dense,classical,1.3663044947940202,69.53125,0.1275792279629968,True,Full dense notebook-style training.
4,150,128,400,331,original_dense,quantum,1.3298423340355818,87.5,0.26163736602757126,True,Full dense notebook-style training.
4,150,128,400,331,original_dense,classical,1.3663040516147655,69.53125,0.13182107597822323,True,Full dense notebook-style training.
4,150,128,400,332,original_dense,quantum,1.3298410617497125,87.5,0.2656517019495368,True,Full dense notebook-style training.
4,150,128,400,332,original_dense,classical,1.3663036192276303,69.53125,0.1274175010039471,True,Full dense notebook-style training.
4,150,128,400,333,original_dense,quantum,1.3298398189184488,87.5,0.26261417800560594,True,Full dense notebook-style training.
4,150,128,400,333,original_dense,classical,1.366303197368696,69.53125,0.12780274701071903,True,Full dense notebook-style training.
4,150,128,400,334,original_dense,quantum,1.329838604855339,87.5,0.2667049969895743,True,Full dense notebook-style training.
4,150,128,400,334,original_dense,classical,1.3663027857805305,69.53125,0.13070028700167313,True,Full dense notebook-style training.
4,150,128,400,335,original_dense,quantum,1.3298374188900504,87.5,0.275143459031824,True,Full dense notebook-style training.
4,150,128,400,335,original_dense,classical,1.3663023842120212,69.53125,0.13121850899187848,True,Full dense notebook-style training.
4,150,128,400,336,original_dense,quantum,1.3298362603679905,87.5,0.28227966697886586,True,Full dense notebook-style training.
4,150,128,400,336,original_dense,classical,1.3663019924182256,69.53125,0.13541292201261967,True,Full dense notebook-style training.
4,150,128,400,337,original_dense,quantum,1.3298351286499246,87.5,0.2658056710497476,True,Full dense notebook-style training.
4,150,128,400,337,original_dense,classical,1.3663016101602126,69.53125,0.13410144700901583,True,Full dense notebook-style training.
4,150,128,400,338,original_dense,quantum,1.329834023111628,87.5,0.26160776801407337,True,Full dense notebook-style training.
4,150,128,400,338,original_dense,classical,1.366301237204918,69.53125,0.12634222896303982,True,Full dense notebook-style training.
4,150,128,400,339,original_dense,quantum,1.3298329431435165,87.5,0.2634292840375565,True,Full dense notebook-style training.
4,150,128,400,339,original_dense,classical,1.3663008733250017,69.53125,0.12609096302185208,True,Full dense notebook-style training.
4,150,128,400,340,original_dense,quantum,1.3298318881503077,87.5,0.2629413490067236,True,Full dense notebook-style training.
4,150,128,400,340,original_dense,classical,1.3663005182987016,69.53125,0.1321423000190407,True,Full dense notebook-style training.
4,150,128,400,341,original_dense,quantum,1.329830857550679,87.5,0.2696864810422994,True,Full dense notebook-style training.
4,150,128,400,341,original_dense,classical,1.3663001719096963,69.53125,0.13408971799071878,True,Full dense notebook-style training.
4,150,128,400,342,original_dense,quantum,1.32982985077694,87.5,0.2738403109833598,True,Full dense notebook-style training.
4,150,128,400,342,original_dense,classical,1.366299833946979,69.53125,0.13420056900940835,True,Full dense notebook-style training.
4,150,128,400,343,original_dense,quantum,1.3298288672747076,87.5,0.2631004099966958,True,Full dense notebook-style training.
4,150,128,400,343,original_dense,classical,1.366299504204714,69.53125,0.12805674300761893,True,Full dense notebook-style training.
4,150,128,400,344,original_dense,quantum,1.329827906502596,87.5,0.265104070014786,True,Full dense notebook-style training.
4,150,128,400,344,original_dense,classical,1.36629918248212,69.53125,0.12809623900102451,True,Full dense notebook-style training.
4,150,128,400,345,original_dense,quantum,1.3298269679319001,87.5,0.2645105490228161,True,Full dense notebook-style training.
4,150,128,400,345,original_dense,classical,1.3662988685833406,69.53125,0.12887072697049007,True,Full dense notebook-style training.
4,150,128,400,346,original_dense,quantum,1.3298260510463062,87.5,0.27119628997752443,True,Full dense notebook-style training.
4,150,128,400,346,original_dense,classical,1.3662985623173203,69.53125,0.12778921198332682,True,Full dense notebook-style training.
4,150,128,400,347,original_dense,quantum,1.3298251553415996,87.5,0.2623660189565271,True,Full dense notebook-style training.
4,150,128,400,347,original_dense,classical,1.3662982634976937,69.53125,0.12641819496639073,True,Full dense notebook-style training.
4,150,128,400,348,original_dense,quantum,1.3298242803253628,87.5,0.2618272299878299,True,Full dense notebook-style training.
4,150,128,400,348,original_dense,classical,1.3662979719426644,69.53125,0.12927143496926874,True,Full dense notebook-style training.
4,150,128,400,349,original_dense,quantum,1.3298234255167167,87.5,0.2724027109798044,True,Full dense notebook-style training.
4,150,128,400,349,original_dense,classical,1.366297687474892,69.53125,0.13182231999235228,True,Full dense notebook-style training.
4,150,128,400,350,original_dense,quantum,1.329822590446037,87.5,0.2716203949530609,True,Full dense notebook-style training.
4,150,128,400,350,original_dense,classical,1.3662974099213854,69.53125,0.139108119008597,True,Full dense notebook-style training.
4,150,128,400,351,original_dense,quantum,1.3298217746546948,87.5,0.28784531500423327,True,Full dense notebook-style training.
4,150,128,400,351,original_dense,classical,1.3662971391133936,69.53125,0.1427286799880676,True,Full dense notebook-style training.
4,150,128,400,352,original_dense,quantum,1.3298209776947894,87.5,0.2902167870197445,True,Full dense notebook-style training.
4,150,128,400,352,original_dense,classical,1.366296874886303,69.53125,0.13824209303129464,True,Full dense notebook-style training.
4,150,128,400,353,original_dense,quantum,1.3298201991288985,87.5,0.28855083999224007,True,Full dense notebook-style training.
4,150,128,400,353,original_dense,classical,1.366296617079533,69.53125,0.14358617801917717,True,Full dense notebook-style training.
4,150,128,400,354,original_dense,quantum,1.3298194385298396,87.5,0.2976686670444906,True,Full dense notebook-style training.
4,150,128,400,354,original_dense,classical,1.3662963655364422,69.53125,0.14383970003109425,True,Full dense notebook-style training.
4,150,128,400,355,original_dense,quantum,1.3298186954804139,87.5,0.2732118359999731,True,Full dense notebook-style training.
4,150,128,400,355,original_dense,classical,1.3662961201042212,69.53125,0.13362793903797865,True,Full dense notebook-style training.
4,150,128,400,356,original_dense,quantum,1.3298179695731802,87.5,0.26414175500394776,True,Full dense notebook-style training.
4,150,128,400,356,original_dense,classical,1.3662958806338081,69.53125,0.13003188703441992,True,Full dense notebook-style training.
4,150,128,400,357,original_dense,quantum,1.3298172604102216,87.5,0.26142210297985,True,Full dense notebook-style training.
4,150,128,400,357,original_dense,classical,1.3662956469797938,69.53125,0.12696304998826236,True,Full dense notebook-style training.
4,150,128,400,358,original_dense,quantum,1.3298165676029248,87.5,0.2655197869753465,True,Full dense notebook-style training.
4,150,128,400,358,original_dense,classical,1.366295419000329,69.53125,0.13244232098804787,True,Full dense notebook-style training.
4,150,128,400,359,original_dense,quantum,1.3298158907717585,87.5,0.2721427649958059,True,Full dense notebook-style training.
4,150,128,400,359,original_dense,classical,1.3662951965570376,69.53125,0.13165865500923246,True,Full dense notebook-style training.
4,150,128,400,360,original_dense,quantum,1.3298152295460555,87.5,0.26918182999361306,True,Full dense notebook-style training.
4,150,128,400,360,original_dense,classical,1.3662949795149362,69.53125,0.13220948702655733,True,Full dense notebook-style training.
4,150,128,400,361,original_dense,quantum,1.329814583563809,87.5,0.27425564598524943,True,Full dense notebook-style training.
4,150,128,400,361,original_dense,classical,1.3662947677423423,69.53125,0.13266716996440664,True,Full dense notebook-style training.
4,150,128,400,362,original_dense,quantum,1.3298139524714725,87.5,0.2795566900167614,True,Full dense notebook-style training.
4,150,128,400,362,original_dense,classical,1.3662945611107995,69.53125,0.13450743001885712,True,Full dense notebook-style training.
4,150,128,400,363,original_dense,quantum,1.3298133359237472,87.5,0.2640744690434076,True,Full dense notebook-style training.
4,150,128,400,363,original_dense,classical,1.366294359494997,69.53125,0.12619635096052662,True,Full dense notebook-style training.
4,150,128,400,364,original_dense,quantum,1.3298127335834016,87.5,0.257622083008755,True,Full dense notebook-style training.
4,150,128,400,364,original_dense,classical,1.36629416277269,69.53125,0.1268646150128916,True,Full dense notebook-style training.
4,150,128,400,365,original_dense,quantum,1.3298121451210776,87.5,0.2640821459935978,True,Full dense notebook-style training.
4,150,128,400,365,original_dense,classical,1.3662939708246251,69.53125,0.12739065202185884,True,Full dense notebook-style training.
4,150,128,400,366,original_dense,quantum,1.3298115702150997,87.5,0.2613125420175493,True,Full dense notebook-style training.
4,150,128,400,366,original_dense,classical,1.3662937835344704,69.53125,0.12595332897035405,True,Full dense notebook-style training.
4,150,128,400,367,original_dense,quantum,1.329811008551301,87.5,0.2624827830004506,True,Full dense notebook-style training.
4,150,128,400,367,original_dense,classical,1.3662936007887376,69.53125,0.13813379500061274,True,Full dense notebook-style training.
4,150,128,400,368,original_dense,quantum,1.3298104598228444,87.5,0.2865765470196493,True,Full dense notebook-style training.
4,150,128,400,368,original_dense,classical,1.3662934224767154,69.53125,0.1454990969505161,True,Full dense notebook-style training.
4,150,128,400,369,original_dense,quantum,1.329809923730051,87.5,0.28364089597016573,True,Full dense notebook-style training.
4,150,128,400,369,original_dense,classical,1.3662932484904027,69.53125,0.12954675499349833,True,Full dense notebook-style training.
4,150,128,400,370,original_dense,quantum,1.3298093999802263,87.5,0.26784271403448656,True,Full dense notebook-style training.
4,150,128,400,370,original_dense,classical,1.3662930787244405,69.53125,0.12717795401113108,True,Full dense notebook-style training.
4,150,128,400,371,original_dense,quantum,1.3298088882875065,87.5,0.27093710203189403,True,Full dense notebook-style training.
4,150,128,400,371,original_dense,classical,1.3662929130760424,69.53125,0.1426642099977471,True,Full dense notebook-style training.
4,150,128,400,372,original_dense,quantum,1.3298083883726917,87.5,0.2656044299947098,True,Full dense notebook-style training.
4,150,128,400,372,original_dense,classical,1.366292751444943,69.53125,0.12996262701926753,True,Full dense notebook-style training.
4,150,128,400,373,original_dense,quantum,1.329807899963086,87.5,0.2671185390208848,True,Full dense notebook-style training.
4,150,128,400,373,original_dense,classical,1.3662925937333223,69.53125,0.13045370200416073,True,Full dense notebook-style training.
4,150,128,400,374,original_dense,quantum,1.3298074227923526,87.5,0.26762792002409697,True,Full dense notebook-style training.
4,150,128,400,374,original_dense,classical,1.3662924398457552,69.53125,0.1300094309845008,True,Full dense notebook-style training.
4,150,128,400,375,original_dense,quantum,1.32980695660036,87.5,0.26822953700320795,True,Full dense notebook-style training.
4,150,128,400,375,original_dense,classical,1.3662922896891487,69.53125,0.13059381098719314,True,Full dense notebook-style training.
4,150,128,400,376,original_dense,quantum,1.3298065011330336,87.5,0.2662961059832014,True,Full dense notebook-style training.
4,150,128,400,376,original_dense,classical,1.3662921431726873,69.53125,0.12895974999992177,True,Full dense notebook-style training.
4,150,128,400,377,original_dense,quantum,1.3298060561422227,87.5,0.26582618802785873,True,Full dense notebook-style training.
4,150,128,400,377,original_dense,classical,1.3662920002077725,69.53125,0.1311737720388919,True,Full dense notebook-style training.
4,150,128,400,378,original_dense,quantum,1.3298056213855516,87.5,0.2682535999920219,True,Full dense notebook-style training.
4,150,128,400,378,original_dense,classical,1.3662918607079726,69.53125,0.13094775303034112,True,Full dense notebook-style training.
4,150,128,400,379,original_dense,quantum,1.3298051966262876,87.5,0.265281394997146,True,Full dense notebook-style training.
4,150,128,400,379,original_dense,classical,1.3662917245889667,69.53125,0.12882371799787506,True,Full dense notebook-style training.
4,150,128,400,380,original_dense,quantum,1.3298047816332148,87.5,0.2630552190239541,True,Full dense notebook-style training.
4,150,128,400,380,original_dense,classical,1.3662915917684992,69.53125,0.12822242901893333,True,Full dense notebook-style training.
4,150,128,400,381,original_dense,quantum,1.3298043761804927,87.5,0.26553130499087274,True,Full dense notebook-style training.
4,150,128,400,381,original_dense,classical,1.366291462166317,69.53125,0.12949420302174985,True,Full dense notebook-style training.
4,150,128,400,382,original_dense,quantum,1.3298039800475403,87.5,0.26365084800636396,True,Full dense notebook-style training.
4,150,128,400,382,original_dense,classical,1.3662913357041329,69.53125,0.12987388897454366,True,Full dense notebook-style training.
4,150,128,400,383,original_dense,quantum,1.3298035930189092,87.5,0.26625143201090395,True,Full dense notebook-style training.
4,150,128,400,383,original_dense,classical,1.36629121230557,69.53125,0.13052772299852222,True,Full dense notebook-style training.
4,150,128,400,384,original_dense,quantum,1.32980321488416,87.5,0.2701225940254517,True,Full dense notebook-style training.
4,150,128,400,384,original_dense,classical,1.3662910918961164,69.53125,0.1340733880060725,True,Full dense notebook-style training.
4,150,128,400,385,original_dense,quantum,1.3298028454377537,87.5,0.27352142200106755,True,Full dense notebook-style training.
4,150,128,400,385,original_dense,classical,1.3662909744030802,69.53125,0.13289769197581336,True,Full dense notebook-style training.
4,150,128,400,386,original_dense,quantum,1.3298024844789267,87.5,0.27102638100041077,True,Full dense notebook-style training.
4,150,128,400,386,original_dense,classical,1.366290859755547,69.53125,0.131576516025234,True,Full dense notebook-style training.
4,150,128,400,387,original_dense,quantum,1.3298021318115878,87.5,0.2698601059964858,True,Full dense notebook-style training.
4,150,128,400,387,original_dense,classical,1.3662907478843291,69.53125,0.13117618899559602,True,Full dense notebook-style training.
4,150,128,400,388,original_dense,quantum,1.3298017872441992,87.5,0.2691411200212315,True,Full dense notebook-style training.
4,150,128,400,388,original_dense,classical,1.3662906387219316,69.53125,0.13065081398235634,True,Full dense notebook-style training.
4,150,128,400,389,original_dense,quantum,1.3298014505896811,87.5,0.27074798400280997,True,Full dense notebook-style training.
4,150,128,400,389,original_dense,classical,1.3662905322025063,69.53125,0.12966400000732392,True,Full dense notebook-style training.
4,150,128,400,390,original_dense,quantum,1.3298011216652985,87.5,0.2722336259903386,True,Full dense notebook-style training.
4,150,128,400,390,original_dense,classical,1.3662904282618125,69.53125,0.13532087701605633,True,Full dense notebook-style training.
4,150,128,400,391,original_dense,quantum,1.3298008002925603,87.5,0.32160818099509925,True,Full dense notebook-style training.
4,150,128,400,391,original_dense,classical,1.366290326837177,69.53125,0.13327338598901406,True,Full dense notebook-style training.
4,150,128,400,392,original_dense,quantum,1.329800486297132,87.5,0.26541672099847347,True,Full dense notebook-style training.
4,150,128,400,392,original_dense,classical,1.3662902278674551,69.53125,0.12831811199430376,True,Full dense notebook-style training.
4,150,128,400,393,original_dense,quantum,1.3298001795087144,87.5,0.36279813502915204,True,Full dense notebook-style training.
4,150,128,400,393,original_dense,classical,1.3662901312929963,69.53125,0.14146566396811977,True,Full dense notebook-style training.
4,150,128,400,394,original_dense,quantum,1.3297998797609767,87.5,0.2752307360060513,True,Full dense notebook-style training.
4,150,128,400,394,original_dense,classical,1.366290037055603,69.53125,0.15135469799861312,True,Full dense notebook-style training.
4,150,128,400,395,original_dense,quantum,1.3297995868914416,87.5,0.3099243590258993,True,Full dense notebook-style training.
4,150,128,400,395,original_dense,classical,1.3662899450984978,69.53125,0.1448536459938623,True,Full dense notebook-style training.
4,150,128,400,396,original_dense,quantum,1.329799300741409,87.5,0.2665104329935275,True,Full dense notebook-style training.
4,150,128,400,396,original_dense,classical,1.3662898553662919,69.53125,0.1289367249701172,True,Full dense notebook-style training.
4,150,128,400,397,original_dense,quantum,1.3297990211558621,87.5,0.2650094899581745,True,Full dense notebook-style training.
4,150,128,400,397,original_dense,classical,1.36628976780494,69.53125,0.13002644100924954,True,Full dense notebook-style training.
4,150,128,400,398,original_dense,quantum,1.3297987479833797,87.5,0.2753799259662628,True,Full dense notebook-style training.
4,150,128,400,398,original_dense,classical,1.3662896823617248,69.53125,0.13698188902344555,True,Full dense notebook-style training.
4,150,128,400,399,original_dense,quantum,1.329798481076059,87.5,0.27656803803984076,True,Full dense notebook-style training.
4,150,128,400,399,original_dense,classical,1.3662895989852044,69.53125,0.1353802329977043,True,Full dense notebook-style training.
4,150,128,400,0,penny_exact_aggregate,quantum,1.4874054435338766,55.46875,0.005473225959576666,True,Exact PennyLane symbolic/CSR path with label aggregation.
4,150,128,400,0,penny_diagonal_fcim,classical,1.4360244929812858,46.875,8.307502139359713e-05,True,Exact diagonal FCIM path; no dense eigendecomposition.
4,150,128,400,1,penny_exact_aggregate,quantum,1.4837119666348362,55.46875,0.005777662037871778,True,Exact PennyLane symbolic/CSR path with label aggregation.
4,150,128,400,1,penny_diagonal_fcim,classical,1.43431320984608,46.875,7.582100806757808e-05,True,Exact diagonal FCIM path; no dense eigendecomposition.
4,150,128,400,2,penny_exact_aggregate,quantum,1.4800984175617011,55.46875,0.005371676001232117,True,Exact PennyLane symbolic/CSR path with label aggregation.
4,150,128,400,2,penny_diagonal_fcim,classical,1.432642501156026,46.875,0.00014122104039415717,True,Exact diagonal FCIM path; no dense eigendecomposition.
4,150,128,400,3,penny_exact_aggregate,quantum,1.476563418610386,56.25,0.0055856400285847485,True,Exact PennyLane symbolic/CSR path with label aggregation.
4,150,128,400,3,penny_diagonal_fcim,classical,1.4310114857614107,46.09375,8.360401261597872e-05,True,Exact diagonal FCIM path; no dense eigendecomposition.
4,150,128,400,4,penny_exact_aggregate,quantum,1.4731055990935404,58.59375,0.005273943999782205,True,Exact PennyLane symbolic/CSR path with label aggregation.
4,150,128,400,4,penny_diagonal_fcim,classical,1.429419297349774,46.09375,8.213199907913804e-05,True,Exact diagonal FCIM path; no dense eigendecomposition.
4,150,128,400,5,penny_exact_aggregate,quantum,1.4697235961091604,58.59375,0.0056398489978164434,True,Exact PennyLane symbolic/CSR path with label aggregation.
4,150,128,400,5,penny_diagonal_fcim,classical,1.4278650844229053,46.09375,7.302395533770323e-05,True,Exact diagonal FCIM path; no dense eigendecomposition.
4,150,128,400,6,penny_exact_aggregate,quantum,1.4664160552751055,60.15625,0.005251587019301951,True,Exact PennyLane symbolic/CSR path with label aggregation.
4,150,128,400,6,penny_diagonal_fcim,classical,1.4263480102599324,46.875,8.533400250598788e-05,True,Exact diagonal FCIM path; no dense eigendecomposition.
4,150,128,400,7,penny_exact_aggregate,quantum,1.4631816314293509,60.9375,0.005920158990193158,True,Exact PennyLane symbolic/CSR path with label aggregation.
4,150,128,400,7,penny_diagonal_fcim,classical,1.424867252867286,46.875,7.288402412086725e-05,True,Exact diagonal FCIM path; no dense eigendecomposition.
4,150,128,400,8,penny_exact_aggregate,quantum,1.4600189892959414,60.9375,0.005419802968390286,True,Exact PennyLane symbolic/CSR path with label aggregation.
4,150,128,400,8,penny_diagonal_fcim,classical,1.4234220049163033,47.65625,8.713104762136936e-05,True,Exact diagonal FCIM path; no dense eigendecomposition.
4,150,128,400,9,penny_exact_aggregate,quantum,1.4569268041166956,60.9375,0.005909866013098508,True,Exact PennyLane symbolic/CSR path with label aggregation.
4,150,128,400,9,penny_diagonal_fcim,classical,1.4220114736692206,47.65625,7.598398951813579e-05,True,Exact diagonal FCIM path; no dense eigendecomposition.
4,150,128,400,10,penny_exact_aggregate,quantum,1.4539037622488054,60.9375,0.005347982980310917,True,Exact PennyLane symbolic/CSR path with label aggregation.
4,150,128,400,10,penny_diagonal_fcim,classical,1.420634880894279,48.4375,0.00012049300130456686,True,Exact diagonal FCIM path; no dense eigendecomposition.
4,150,128,400,11,penny_exact_aggregate,quantum,1.4509485617285707,60.9375,0.005996902007609606,True,Exact PennyLane symbolic/CSR path with label aggregation.
4,150,128,400,11,penny_diagonal_fcim,classical,1.4192914627706426,48.4375,7.369404193013906e-05,True,Exact diagonal FCIM path; no dense eigendecomposition.
4,150,128,400,12,penny_exact_aggregate,quantum,1.4480599128015723,60.9375,0.005251510010566562,True,Exact PennyLane symbolic/CSR path with label aggregation.
4,150,128,400,12,penny_diagonal_fcim,classical,1.4179804697838159,48.4375,0.00012151600094512105,True,Exact diagonal FCIM path; no dense eigendecomposition.
4,150,128,400,13,penny_exact_aggregate,quantum,1.4452365384196941,61.71875,0.006003406946547329,True,Exact PennyLane symbolic/CSR path with label aggregation.
4,150,128,400,13,penny_diagonal_fcim,classical,1.4167011666122118,48.4375,7.298600394278765e-05,True,Exact diagonal FCIM path; no dense eigendecomposition.
4,150,128,400,14,penny_exact_aggregate,quantum,1.442477174705442,61.71875,0.005209030001424253,True,Exact PennyLane symbolic/CSR path with label aggregation.
4,150,128,400,14,penny_diagonal_fcim,classical,1.4154528320055118,48.4375,0.00011035398347303271,True,Exact diagonal FCIM path; no dense eigendecomposition.
4,150,128,400,15,penny_exact_aggregate,quantum,1.4397805713840905,61.71875,0.006092866009566933,True,Exact PennyLane symbolic/CSR path with label aggregation.
4,150,128,400,15,penny_diagonal_fcim,classical,1.4142347586554236,48.4375,0.00010939402272924781,True,Exact diagonal FCIM path; no dense eigendecomposition.
4,150,128,400,16,penny_exact_aggregate,quantum,1.4371454921842535,61.71875,0.010619500011671335,True,Exact PennyLane symbolic/CSR path with label aggregation.
4,150,128,400,16,penny_diagonal_fcim,classical,1.4130462530594352,48.4375,0.0001258759875781834,True,Exact diagonal FCIM path; no dense eigendecomposition.
4,150,128,400,17,penny_exact_aggregate,quantum,1.4345707152075056,61.71875,0.009315703995525837,True,Exact PennyLane symbolic/CSR path with label aggregation.
4,150,128,400,17,penny_diagonal_fcim,classical,1.4118866353781192,49.21875,8.276099106296897e-05,True,Exact diagonal FCIM path; no dense eigendecomposition.
4,150,128,400,18,penny_exact_aggregate,quantum,1.4320550332677615,62.5,0.005498032958712429,True,Exact PennyLane symbolic/CSR path with label aggregation.
4,150,128,400,18,penny_diagonal_fcim,classical,1.4107552392865408,50.0,8.43689776957035e-05,True,Exact diagonal FCIM path; no dense eigendecomposition.
4,150,128,400,19,penny_exact_aggregate,quantum,1.4295972542011226,63.28125,0.005285263992846012,True,Exact PennyLane symbolic/CSR path with label aggregation.
4,150,128,400,19,penny_diagonal_fcim,classical,1.4096514118202856,50.0,8.284399518743157e-05,True,Exact diagonal FCIM path; no dense eigendecomposition.
4,150,128,400,20,penny_exact_aggregate,quantum,1.4271962011469885,63.28125,0.005487160990014672,True,Exact PennyLane symbolic/CSR path with label aggregation.
4,150,128,400,20,penny_diagonal_fcim,classical,1.4085745132166045,50.0,7.774803088977933e-05,True,Exact diagonal FCIM path; no dense eigendecomposition.
4,150,128,400,21,penny_exact_aggregate,quantum,1.4248507128012116,63.28125,0.00529970700154081,True,Exact PennyLane symbolic/CSR path with label aggregation.
4,150,128,400,21,penny_diagonal_fcim,classical,1.4075239167511553,50.78125,7.44190183468163e-05,True,Exact diagonal FCIM path; no dense eigendecomposition.
4,150,128,400,22,penny_exact_aggregate,quantum,1.4225596436421513,63.28125,0.006135803007055074,True,Exact PennyLane symbolic/CSR path with label aggregation.
4,150,128,400,22,penny_diagonal_fcim,classical,1.406499008570791,50.78125,7.204600842669606e-05,True,Exact diagonal FCIM path; no dense eigendecomposition.
4,150,128,400,23,penny_exact_aggregate,quantum,1.4203218641304518,63.28125,0.005225180007982999,True,Exact PennyLane symbolic/CSR path with label aggregation.
4,150,128,400,23,penny_diagonal_fcim,classical,1.4054991875228324,50.78125,7.641199044883251e-05,True,Exact diagonal FCIM path; no dense eigendecomposition.
4,150,128,400,24,penny_exact_aggregate,quantum,1.4181362608834582,63.28125,0.006105139036662877,True,Exact PennyLane symbolic/CSR path with label aggregation.
4,150,128,400,24,penny_diagonal_fcim,classical,1.4045238649812322,52.34375,7.41099938750267e-05,True,Exact diagonal FCIM path; no dense eigendecomposition.
4,150,128,400,25,penny_exact_aggregate,quantum,1.4160017368251188,63.28125,0.005302742007188499,True,Exact PennyLane symbolic/CSR path with label aggregation.
4,150,128,400,25,penny_diagonal_fcim,classical,1.4035724646700278,52.34375,7.529702270403504e-05,True,Exact diagonal FCIM path; no dense eigendecomposition.
4,150,128,400,26,penny_exact_aggregate,quantum,1.4139172113123069,63.28125,0.006065051013138145,True,Exact PennyLane symbolic/CSR path with label aggregation.
4,150,128,400,26,penny_diagonal_fcim,classical,1.40264442248445,51.5625,7.541803643107414e-05,True,Exact diagonal FCIM path; no dense eigendecomposition.
4,150,128,400,27,penny_exact_aggregate,quantum,1.411881620238454,63.28125,0.005295058013871312,True,Exact PennyLane symbolic/CSR path with label aggregation.
4,150,128,400,27,penny_diagonal_fcim,classical,1.4017391863100421,52.34375,6.856204709038138e-05,True,Exact diagonal FCIM path; no dense eigendecomposition.
4,150,128,400,28,penny_exact_aggregate,quantum,1.4098939161154171,64.0625,0.006104204047005624,True,Exact PennyLane symbolic/CSR path with label aggregation.
4,150,128,400,28,penny_diagonal_fcim,classical,1.4008562158401252,53.125,7.605302380397916e-05,True,Exact diagonal FCIM path; no dense eigendecomposition.
4,150,128,400,29,penny_exact_aggregate,quantum,1.4079530681344745,64.0625,0.005228929978329688,True,Exact PennyLane symbolic/CSR path with label aggregation.
4,150,128,400,29,penny_diagonal_fcim,classical,1.3999949823919224,53.125,6.679905345663428e-05,True,Exact diagonal FCIM path; no dense eigendecomposition.
4,150,128,400,30,penny_exact_aggregate,quantum,1.4060580622073828,64.0625,0.006083271000534296,True,Exact PennyLane symbolic/CSR path with label aggregation.
4,150,128,400,30,penny_diagonal_fcim,classical,1.3991549687216405,53.125,7.846800144761801e-05,True,Exact diagonal FCIM path; no dense eigendecomposition.
4,150,128,400,31,penny_exact_aggregate,quantum,1.4042079009884016,64.0625,0.0053082340164110065,True,Exact PennyLane symbolic/CSR path with label aggregation.
4,150,128,400,31,penny_diagonal_fcim,classical,1.3983356688387905,53.90625,9.292399045079947e-05,True,Exact diagonal FCIM path; no dense eigendecomposition.
4,150,128,400,32,penny_exact_aggregate,quantum,1.4024016038781526,64.84375,0.006031149998307228,True,Exact PennyLane symbolic/CSR path with label aggregation.
4,150,128,400,32,penny_diagonal_fcim,classical,1.397536587820014,53.90625,7.767300121486187e-05,True,Exact diagonal FCIM path; no dense eigendecomposition.
4,150,128,400,33,penny_exact_aggregate,quantum,1.4006382070102494,65.625,0.005552318005356938,True,Exact PennyLane symbolic/CSR path with label aggregation.
4,150,128,400,33,penny_diagonal_fcim,classical,1.3967572416226612,53.90625,7.10780150257051e-05,True,Exact diagonal FCIM path; no dense eigendecomposition.
4,150,128,400,34,penny_exact_aggregate,quantum,1.3989167632215356,65.625,0.005973440012894571,True,Exact PennyLane symbolic/CSR path with label aggregation.
4,150,128,400,34,penny_diagonal_fcim,classical,1.3959971568983502,53.90625,7.920700591057539e-05,True,Exact diagonal FCIM path; no dense eigendecomposition.
4,150,128,400,35,penny_exact_aggregate,quantum,1.3972363420068132,65.625,0.0053059260244481266,True,Exact PennyLane symbolic/CSR path with label aggregation.
4,150,128,400,35,penny_diagonal_fcim,classical,1.3952558708067375,55.46875,6.718799704685807e-05,True,Exact diagonal FCIM path; no dense eigendecomposition.
4,150,128,400,36,penny_exact_aggregate,quantum,1.395596029458908,66.40625,0.005987319978885353,True,Exact PennyLane symbolic/CSR path with label aggregation.
4,150,128,400,36,penny_diagonal_fcim,classical,1.3945329308296925,54.6875,7.68229947425425e-05,True,Exact diagonal FCIM path; no dense eigendecomposition.
4,150,128,400,37,penny_exact_aggregate,quantum,1.3939949281948947,66.40625,0.0055488719954155385,True,Exact PennyLane symbolic/CSR path with label aggregation.
4,150,128,400,37,penny_diagonal_fcim,classical,1.3938278945860738,53.90625,7.458694744855165e-05,True,Exact diagonal FCIM path; no dense eigendecomposition.
4,150,128,400,38,penny_exact_aggregate,quantum,1.3924321572693033,66.40625,0.006067024020012468,True,Exact PennyLane symbolic/CSR path with label aggregation.
4,150,128,400,38,penny_diagonal_fcim,classical,1.393140329647284,53.90625,7.950799772515893e-05,True,Exact diagonal FCIM path; no dense eigendecomposition.
4,150,128,400,39,penny_exact_aggregate,quantum,1.3909068520750898,66.40625,0.006101700011640787,True,Exact PennyLane symbolic/CSR path with label aggregation.
4,150,128,400,39,penny_diagonal_fcim,classical,1.3924698133537656,53.90625,7.677695248275995e-05,True,Exact diagonal FCIM path; no dense eigendecomposition.
4,150,128,400,40,penny_exact_aggregate,quantum,1.3894181642331516,66.40625,0.006050199037417769,True,Exact PennyLane symbolic/CSR path with label aggregation.
4,150,128,400,40,penny_diagonal_fcim,classical,1.3918159326325992,54.6875,7.85250449553132e-05,True,Exact diagonal FCIM path; no dense eigendecomposition.
4,150,128,400,41,penny_exact_aggregate,quantum,1.3879652614711362,67.96875,0.005298597970977426,True,Exact PennyLane symbolic/CSR path with label aggregation.
4,150,128,400,41,penny_diagonal_fcim,classical,1.3911782838163353,54.6875,6.759900134056807e-05,True,Exact diagonal FCIM path; no dense eigendecomposition.
4,150,128,400,42,penny_exact_aggregate,quantum,1.3865473274922553,68.75,0.005485786008648574,True,Exact PennyLane symbolic/CSR path with label aggregation.
4,150,128,400,42,penny_diagonal_fcim,classical,1.3905564724632034,54.6875,7.918401388451457e-05,True,Exact diagonal FCIM path; no dense eigendecomposition.
4,150,128,400,43,penny_exact_aggregate,quantum,1.3851635618348506,68.75,0.005437545012682676,True,Exact PennyLane symbolic/CSR path with label aggregation.
4,150,128,400,43,penny_diagonal_fcim,classical,1.3899501131788103,54.6875,6.801699055358768e-05,True,Exact diagonal FCIM path; no dense eigendecomposition.
4,150,128,400,44,penny_exact_aggregate,quantum,1.3838131797233362,68.75,0.005251983006019145,True,Exact PennyLane symbolic/CSR path with label aggregation.
4,150,128,400,44,penny_diagonal_fcim,classical,1.389358829439443,54.6875,7.981702219694853e-05,True,Exact diagonal FCIM path; no dense eigendecomposition.
4,150,128,400,45,penny_exact_aggregate,quantum,1.382495411911234,68.75,0.005428344011306763,True,Exact PennyLane symbolic/CSR path with label aggregation.
4,150,128,400,45,penny_diagonal_fcim,classical,1.3887822534170795,54.6875,7.262901635840535e-05,True,Exact diagonal FCIM path; no dense eigendecomposition.
4,150,128,400,46,penny_exact_aggregate,quantum,1.3812095045168953,68.75,0.005279662029352039,True,Exact PennyLane symbolic/CSR path with label aggregation.
4,150,128,400,46,penny_diagonal_fcim,classical,1.3882200258061976,54.6875,0.0001432689605280757,True,Exact diagonal FCIM path; no dense eigendecomposition.
4,150,128,400,47,penny_exact_aggregate,quantum,1.3799547188525385,68.75,0.005325927981175482,True,Exact PennyLane symbolic/CSR path with label aggregation.
4,150,128,400,47,penny_diagonal_fcim,classical,1.387671795652468,55.46875,7.212202763184905e-05,True,Exact diagonal FCIM path; no dense eigendecomposition.
4,150,128,400,48,penny_exact_aggregate,quantum,1.378730331247196,69.53125,0.00546433700947091,True,Exact PennyLane symbolic/CSR path with label aggregation.
4,150,128,400,48,penny_diagonal_fcim,classical,1.3871372201834093,55.46875,8.079502731561661e-05,True,Exact diagonal FCIM path; no dense eigendecomposition.
4,150,128,400,49,penny_exact_aggregate,quantum,1.377535632864117,69.53125,0.005560665973462164,True,Exact PennyLane symbolic/CSR path with label aggregation.
4,150,128,400,49,penny_diagonal_fcim,classical,1.3866159646410727,55.46875,7.414596620947123e-05,True,Exact diagonal FCIM path; no dense eigendecomposition.
4,150,128,400,50,penny_exact_aggregate,quantum,1.376369929513177,69.53125,0.005228216992691159,True,Exact PennyLane symbolic/CSR path with label aggregation.
4,150,128,400,50,penny_diagonal_fcim,classical,1.3861077021168193,55.46875,7.717602420598269e-05,True,Exact diagonal FCIM path; no dense eigendecomposition.
4,150,128,400,51,penny_exact_aggregate,quantum,1.3752325414588205,70.3125,0.005441910005174577,True,Exact PennyLane symbolic/CSR path with label aggregation.
4,150,128,400,51,penny_diagonal_fcim,classical,1.3856121133882437,56.25,7.904099766165018e-05,True,Exact diagonal FCIM path; no dense eigendecomposition.
4,150,128,400,52,penny_exact_aggregate,quantum,1.3741228032240018,71.875,0.00531230098567903,True,Exact PennyLane symbolic/CSR path with label aggregation.
4,150,128,400,52,penny_diagonal_fcim,classical,1.3851288867582963,57.03125,7.703201845288277e-05,True,Exact diagonal FCIM path; no dense eigendecomposition.
4,150,128,400,53,penny_exact_aggregate,quantum,1.3730400633906363,71.875,0.005462307017296553,True,Exact PennyLane symbolic/CSR path with label aggregation.
4,150,128,400,53,penny_diagonal_fcim,classical,1.384657717896642,57.03125,7.383699994534254e-05,True,Exact diagonal FCIM path; no dense eigendecomposition.
4,150,128,400,54,penny_exact_aggregate,quantum,1.371983684396965,71.875,0.005311513028573245,True,Exact PennyLane symbolic/CSR path with label aggregation.
4,150,128,400,54,penny_diagonal_fcim,classical,1.3841983096832973,58.59375,6.716104689985514e-05,True,Exact diagonal FCIM path; no dense eigendecomposition.
4,150,128,400,55,penny_exact_aggregate,quantum,1.3709530423323106,72.65625,0.007878575997892767,True,Exact PennyLane symbolic/CSR path with label aggregation.
4,150,128,400,55,penny_diagonal_fcim,classical,1.3837503720545747,58.59375,8.356402395293117e-05,True,Exact diagonal FCIM path; no dense eigendecomposition.
4,150,128,400,56,penny_exact_aggregate,quantum,1.3699475267295729,72.65625,0.005464715010020882,True,Exact PennyLane symbolic/CSR path with label aggregation.
4,150,128,400,56,penny_diagonal_fcim,classical,1.3833136218513609,58.59375,7.518701022490859e-05,True,Exact diagonal FCIM path; no dense eigendecomposition.
4,150,128,400,57,penny_exact_aggregate,quantum,1.368966540355899,72.65625,0.00550747400848195,True,Exact PennyLane symbolic/CSR path with label aggregation.
4,150,128,400,57,penny_diagonal_fcim,classical,1.382887782669752,57.8125,8.050398901104927e-05,True,Exact diagonal FCIM path; no dense eigendecomposition.
4,150,128,400,58,penny_exact_aggregate,quantum,1.3680094990018734,75.0,0.00546623399714008,True,Exact PennyLane symbolic/CSR path with label aggregation.
4,150,128,400,58,penny_diagonal_fcim,classical,1.3824725847140642,58.59375,6.947101792320609e-05,True,Exact diagonal FCIM path; no dense eigendecomposition.
4,150,128,400,59,penny_exact_aggregate,quantum,1.3670758312695517,75.0,0.005441574030555785,True,Exact PennyLane symbolic/CSR path with label aggregation.
4,150,128,400,59,penny_diagonal_fcim,classical,1.3820677646522297,58.59375,7.524399552494287e-05,True,Exact diagonal FCIM path; no dense eigendecomposition.
4,150,128,400,60,penny_exact_aggregate,quantum,1.3661649783597023,75.0,0.005278002005070448,True,Exact PennyLane symbolic/CSR path with label aggregation.
4,150,128,400,60,penny_diagonal_fcim,classical,1.38167306547359,58.59375,6.938801379874349e-05,True,Exact diagonal FCIM path; no dense eigendecomposition.
4,150,128,400,61,penny_exact_aggregate,quantum,1.365276393858528,76.5625,0.005638943985104561,True,Exact PennyLane symbolic/CSR path with label aggregation.
4,150,128,400,61,penny_diagonal_fcim,classical,1.3812882363490928,58.59375,7.850996917113662e-05,True,Exact diagonal FCIM path; no dense eigendecomposition.
4,150,128,400,62,penny_exact_aggregate,quantum,1.36440954352418,76.5625,0.005303126992657781,True,Exact PennyLane symbolic/CSR path with label aggregation.
4,150,128,400,62,penny_diagonal_fcim,classical,1.3809130324938927,58.59375,7.228099275380373e-05,True,Exact diagonal FCIM path; no dense eigendecomposition.
4,150,128,400,63,penny_exact_aggregate,quantum,1.3635639050733184,75.78125,0.005325438978616148,True,Exact PennyLane symbolic/CSR path with label aggregation.
4,150,128,400,63,penny_diagonal_fcim,classical,1.3805472150323563,58.59375,9.036000119522214e-05,True,Exact diagonal FCIM path; no dense eigendecomposition.
4,150,128,400,64,penny_exact_aggregate,quantum,1.3627389679679753,75.78125,0.005341540963854641,True,Exact PennyLane symbolic/CSR path with label aggregation.
4,150,128,400,64,penny_diagonal_fcim,classical,1.3801905508654668,59.375,7.144501432776451e-05,True,Exact diagonal FCIM path; no dense eigendecomposition.
4,150,128,400,65,penny_exact_aggregate,quantum,1.3619342332029762,76.5625,0.005384457006584853,True,Exact PennyLane symbolic/CSR path with label aggregation.
4,150,128,400,65,penny_diagonal_fcim,classical,1.3798428125406241,60.15625,8.241995237767696e-05,True,Exact diagonal FCIM path; no dense eigendecomposition.
4,150,128,400,66,penny_exact_aggregate,quantum,1.3611492130941092,77.34375,0.005377093970309943,True,Exact PennyLane symbolic/CSR path with label aggregation.
4,150,128,400,66,penny_diagonal_fcim,classical,1.3795037781238288,60.9375,6.918900180608034e-05,True,Exact diagonal FCIM path; no dense eigendecomposition.
4,150,128,400,67,penny_exact_aggregate,quantum,1.360383431067282,77.34375,0.005263967032078654,True,Exact PennyLane symbolic/CSR path with label aggregation.
4,150,128,400,67,penny_diagonal_fcim,classical,1.379173231074237,61.71875,7.625197758898139e-05,True,Exact diagonal FCIM path; no dense eigendecomposition.
4,150,128,400,68,penny_exact_aggregate,quantum,1.3596364214488306,77.34375,0.00548567995429039,True,Exact PennyLane symbolic/CSR path with label aggregation.
4,150,128,400,68,penny_diagonal_fcim,classical,1.3788509601210803,60.9375,7.069099228829145e-05,True,Exact diagonal FCIM path; no dense eigendecomposition.
4,150,128,400,69,penny_exact_aggregate,quantum,1.3589077292571825,77.34375,0.005277673015370965,True,Exact PennyLane symbolic/CSR path with label aggregation.
4,150,128,400,69,penny_diagonal_fcim,classical,1.3785367591429232,60.9375,7.545697735622525e-05,True,Exact diagonal FCIM path; no dense eigendecomposition.
4,150,128,400,70,penny_exact_aggregate,quantum,1.3581969099960176,78.125,0.00555709598120302,True,Exact PennyLane symbolic/CSR path with label aggregation.
4,150,128,400,70,penny_diagonal_fcim,classical,1.3782304270492536,60.15625,7.637200178578496e-05,True,Exact diagonal FCIM path; no dense eigendecomposition.
4,150,128,400,71,penny_exact_aggregate,quantum,1.3575035294490987,78.125,0.005297727009747177,True,Exact PennyLane symbolic/CSR path with label aggregation.
4,150,128,400,71,penny_diagonal_fcim,classical,1.3779317676643745,59.375,7.088301936164498e-05,True,Exact diagonal FCIM path; no dense eigendecomposition.
4,150,128,400,72,penny_exact_aggregate,quantum,1.3568271634768956,78.125,0.005639107956085354,True,Exact PennyLane symbolic/CSR path with label aggregation.
4,150,128,400,72,penny_diagonal_fcim,classical,1.3776405896135868,59.375,7.596000796183944e-05,True,Exact diagonal FCIM path; no dense eigendecomposition.
4,150,128,400,73,penny_exact_aggregate,quantum,1.3561673978151438,78.90625,0.005463639972731471,True,Exact PennyLane symbolic/CSR path with label aggregation.
4,150,128,400,73,penny_diagonal_fcim,classical,1.3773567062116356,59.375,6.897200364619493e-05,True,Exact diagonal FCIM path; no dense eigendecomposition.
4,150,128,400,74,penny_exact_aggregate,quantum,1.3555238278754462,78.90625,0.005935331981163472,True,Exact PennyLane symbolic/CSR path with label aggregation.
4,150,128,400,74,penny_diagonal_fcim,classical,1.3770799353533965,59.375,7.468101102858782e-05,True,Exact diagonal FCIM path; no dense eigendecomposition.
4,150,128,400,75,penny_exact_aggregate,quantum,1.3548960585480339,78.90625,0.005517902027349919,True,Exact PennyLane symbolic/CSR path with label aggregation.
4,150,128,400,75,penny_diagonal_fcim,classical,1.3768100994067787,59.375,6.698298966512084e-05,True,Exact diagonal FCIM path; no dense eigendecomposition.
4,150,128,400,76,penny_exact_aggregate,quantum,1.3542837040067757,78.90625,0.005461051012389362,True,Exact PennyLane symbolic/CSR path with label aggregation.
4,150,128,400,76,penny_diagonal_fcim,classical,1.3765470251078207,59.375,7.89840123616159e-05,True,Exact diagonal FCIM path; no dense eigendecomposition.
4,150,128,400,77,penny_exact_aggregate,quantum,1.3536863875165221,78.90625,0.005534786032512784,True,Exact PennyLane symbolic/CSR path with label aggregation.
4,150,128,400,77,penny_diagonal_fcim,classical,1.3762905434579487,59.375,6.879499414935708e-05,True,Exact diagonal FCIM path; no dense eigendecomposition.
4,150,128,400,78,penny_exact_aggregate,quantum,1.3531037412428872,78.90625,0.005396408960223198,True,Exact PennyLane symbolic/CSR path with label aggregation.
4,150,128,400,78,penny_diagonal_fcim,classical,1.3760404896233718,60.15625,7.895799353718758e-05,True,Exact diagonal FCIM path; no dense eigendecomposition.
4,150,128,400,79,penny_exact_aggregate,quantum,1.35253540606449,80.46875,0.005470937001518905,True,Exact PennyLane symbolic/CSR path with label aggregation.
4,150,128,400,79,penny_diagonal_fcim,classical,1.3757967028365878,60.9375,7.007602835074067e-05,True,Exact diagonal FCIM path; no dense eigendecomposition.
4,150,128,400,80,penny_exact_aggregate,quantum,1.3519810313877743,80.46875,0.005238835990894586,True,Exact PennyLane symbolic/CSR path with label aggregation.
4,150,128,400,80,penny_diagonal_fcim,classical,1.3755590262999657,60.9375,9.817798854783177e-05,True,Exact diagonal FCIM path; no dense eigendecomposition.
4,150,128,400,81,penny_exact_aggregate,quantum,1.3514402749644145,80.46875,0.005733922007493675,True,Exact PennyLane symbolic/CSR path with label aggregation.
4,150,128,400,81,penny_diagonal_fcim,classical,1.3753273070913825,60.9375,7.041299249976873e-05,True,Exact diagonal FCIM path; no dense eigendecomposition.
4,150,128,400,82,penny_exact_aggregate,quantum,1.3509128027113895,81.25,0.005444284004624933,True,Exact PennyLane symbolic/CSR path with label aggregation.
4,150,128,400,82,penny_diagonal_fcim,classical,1.3751013960718792,60.9375,7.994601037353277e-05,True,Exact diagonal FCIM path; no dense eigendecomposition.
4,150,128,400,83,penny_exact_aggregate,quantum,1.3503982885337429,82.03125,0.005610490974504501,True,Exact PennyLane symbolic/CSR path with label aggregation.
4,150,128,400,83,penny_diagonal_fcim,classical,1.374881147795305,60.9375,7.894396549090743e-05,True,Exact diagonal FCIM path; no dense eigendecomposition.
4,150,128,400,84,penny_exact_aggregate,quantum,1.349896414150073,82.8125,0.005430397985037416,True,Exact PennyLane symbolic/CSR path with label aggregation.
4,150,128,400,84,penny_diagonal_fcim,classical,1.3746664204199242,61.71875,8.404202526435256e-05,True,Exact diagonal FCIM path; no dense eigendecomposition.
4,150,128,400,85,penny_exact_aggregate,quantum,1.349406868920779,82.8125,0.005481362983118743,True,Exact PennyLane symbolic/CSR path with label aggregation.
4,150,128,400,85,penny_diagonal_fcim,classical,1.374457075621951,62.5,7.380201714113355e-05,True,Exact diagonal FCIM path; no dense eigendecomposition.
4,150,128,400,86,penny_exact_aggregate,quantum,1.3489293496790924,82.8125,0.005251591966953129,True,Exact PennyLane symbolic/CSR path with label aggregation.
4,150,128,400,86,penny_diagonal_fcim,classical,1.3742529785109818,62.5,7.650797488167882e-05,True,Exact diagonal FCIM path; no dense eigendecomposition.
4,150,128,400,87,penny_exact_aggregate,quantum,1.348463560564903,82.8125,0.00570291600888595,True,Exact PennyLane symbolic/CSR path with label aggregation.
4,150,128,400,87,penny_diagonal_fcim,classical,1.374053997547294,61.71875,7.381400791928172e-05,True,Exact diagonal FCIM path; no dense eigendecomposition.
4,150,128,400,88,penny_exact_aggregate,quantum,1.3480092128613954,82.8125,0.0052339520188979805,True,Exact PennyLane symbolic/CSR path with label aggregation.
4,150,128,400,88,penny_diagonal_fcim,classical,1.373860004460978,61.71875,7.469102274626493e-05,True,Exact diagonal FCIM path; no dense eigendecomposition.
4,150,128,400,89,penny_exact_aggregate,quantum,1.3475660248344994,82.8125,0.005435382016003132,True,Exact PennyLane symbolic/CSR path with label aggregation.
4,150,128,400,89,penny_diagonal_fcim,classical,1.373670874172876,62.5,0.00011018197983503342,True,Exact diagonal FCIM path; no dense eigendecomposition.
4,150,128,400,90,penny_exact_aggregate,quantum,1.3471337215751769,82.8125,0.005460818996652961,True,Exact PennyLane symbolic/CSR path with label aggregation.
4,150,128,400,90,penny_diagonal_fcim,classical,1.3734864847172903,62.5,7.017701864242554e-05,True,Exact diagonal FCIM path; no dense eigendecomposition.
4,150,128,400,91,penny_exact_aggregate,quantum,1.3467120348445147,82.8125,0.0054622309980914,True,Exact PennyLane symbolic/CSR path with label aggregation.
4,150,128,400,91,penny_diagonal_fcim,classical,1.373306717166432,62.5,0.00011612300295382738,True,Exact diagonal FCIM path; no dense eigendecomposition.
4,150,128,400,92,penny_exact_aggregate,quantum,1.3463007029216456,82.8125,0.005356087000109255,True,Exact PennyLane symbolic/CSR path with label aggregation.
4,150,128,400,92,penny_diagonal_fcim,classical,1.373131455556579,63.28125,6.493995897471905e-05,True,Exact diagonal FCIM path; no dense eigendecomposition.
4,150,128,400,93,penny_exact_aggregate,quantum,1.3458994704544778,82.8125,0.005492701020557433,True,Exact PennyLane symbolic/CSR path with label aggregation.
4,150,128,400,93,penny_diagonal_fcim,classical,1.3729605868159132,63.28125,7.966102566570044e-05,True,Exact diagonal FCIM path; no dense eigendecomposition.
4,150,128,400,94,penny_exact_aggregate,quantum,1.345508088313223,82.8125,0.005556718970183283,True,Exact PennyLane symbolic/CSR path with label aggregation.
4,150,128,400,94,penny_diagonal_fcim,classical,1.372794000694002,63.28125,8.303701179102063e-05,True,Exact diagonal FCIM path; no dense eigendecomposition.
4,150,128,400,95,penny_exact_aggregate,quantum,1.3451263134467157,82.8125,0.005456927989143878,True,Exact PennyLane symbolic/CSR path with label aggregation.
4,150,128,400,95,penny_diagonal_fcim,classical,1.372631589692896,63.28125,7.749500218778849e-05,True,Exact diagonal FCIM path; no dense eigendecomposition.
4,150,128,400,96,penny_exact_aggregate,quantum,1.3447539087415004,82.8125,0.0055731229949742556,True,Exact PennyLane symbolic/CSR path with label aggregation.
4,150,128,400,96,penny_diagonal_fcim,classical,1.3724732489998113,63.28125,7.395399734377861e-05,True,Exact diagonal FCIM path; no dense eigendecomposition.
4,150,128,400,97,penny_exact_aggregate,quantum,1.3443906428836647,82.8125,0.00536116398870945,True,Exact PennyLane symbolic/CSR path with label aggregation.
4,150,128,400,97,penny_diagonal_fcim,classical,1.3723188764213659,62.5,8.929497562348843e-05,True,Exact diagonal FCIM path; no dense eigendecomposition.
4,150,128,400,98,penny_exact_aggregate,quantum,1.3440362902234175,82.8125,0.0059508830308914185,True,Exact PennyLane symbolic/CSR path with label aggregation.
4,150,128,400,98,penny_diagonal_fcim,classical,1.3721683723193407,63.28125,0.00010691297939047217,True,Exact diagonal FCIM path; no dense eigendecomposition.
4,150,128,400,99,penny_exact_aggregate,quantum,1.343690630642361,82.8125,0.005920665978919715,True,Exact PennyLane symbolic/CSR path with label aggregation.
4,150,128,400,99,penny_diagonal_fcim,classical,1.372021639547932,63.28125,8.194096153602004e-05,True,Exact diagonal FCIM path; no dense eigendecomposition.
4,150,128,400,100,penny_exact_aggregate,quantum,1.3433534494234483,82.8125,0.005762832006439567,True,Exact PennyLane symbolic/CSR path with label aggregation.
4,150,128,400,100,penny_diagonal_fcim,classical,1.3718785833924687,63.28125,6.880401633679867e-05,True,Exact diagonal FCIM path; no dense eigendecomposition.
4,150,128,400,101,penny_exact_aggregate,quantum,1.3430245371236045,82.8125,0.005301671975757927,True,Exact PennyLane symbolic/CSR path with label aggregation.
4,150,128,400,101,penny_diagonal_fcim,classical,1.3717391115095647,63.28125,8.457701187580824e-05,True,Exact diagonal FCIM path; no dense eigendecomposition.
4,150,128,400,102,penny_exact_aggregate,quantum,1.3427036894489575,82.8125,0.005678831017576158,True,Exact PennyLane symbolic/CSR path with label aggregation.
4,150,128,400,102,penny_diagonal_fcim,classical,1.3716031338686752,63.28125,7.425900548696518e-05,True,Exact diagonal FCIM path; no dense eigendecomposition.
4,150,128,400,103,penny_exact_aggregate,quantum,1.342390707132689,82.8125,0.005267269967589527,True,Exact PennyLane symbolic/CSR path with label aggregation.
4,150,128,400,103,penny_diagonal_fcim,classical,1.3714705626950274,63.28125,7.959402864798903e-05,True,Exact diagonal FCIM path; no dense eigendecomposition.
4,150,128,400,104,penny_exact_aggregate,quantum,1.3420853958154257,82.8125,0.005815843993332237,True,Exact PennyLane symbolic/CSR path with label aggregation.
4,150,128,400,104,penny_diagonal_fcim,classical,1.3713413124139047,63.28125,7.137900684028864e-05,True,Exact diagonal FCIM path; no dense eigendecomposition.
4,150,128,400,105,penny_exact_aggregate,quantum,1.3417875659281826,82.8125,0.005259380966890603,True,Exact PennyLane symbolic/CSR path with label aggregation.
4,150,128,400,105,penny_diagonal_fcim,classical,1.3712152995962423,63.28125,8.040998363867402e-05,True,Exact diagonal FCIM path; no dense eigendecomposition.
4,150,128,400,106,penny_exact_aggregate,quantum,1.3414970325777993,82.8125,0.005921645031776279,True,Exact PennyLane symbolic/CSR path with label aggregation.
4,150,128,400,106,penny_diagonal_fcim,classical,1.3710924429055211,62.5,7.020897464826703e-05,True,Exact diagonal FCIM path; no dense eigendecomposition.
4,150,128,400,107,penny_exact_aggregate,quantum,1.3412136154348357,82.8125,0.005533399002160877,True,Exact PennyLane symbolic/CSR path with label aggregation.
4,150,128,400,107,penny_diagonal_fcim,classical,1.3709726630459234,62.5,8.087599417194724e-05,True,Exact diagonal FCIM path; no dense eigendecomposition.
4,150,128,400,108,penny_exact_aggregate,quantum,1.3409371386239135,82.8125,0.005868162028491497,True,Exact PennyLane symbolic/CSR path with label aggregation.
4,150,128,400,108,penny_diagonal_fcim,classical,1.3708558827117248,62.5,7.788400398567319e-05,True,Exact diagonal FCIM path; no dense eigendecomposition.
4,150,128,400,109,penny_exact_aggregate,quantum,1.3406674306164283,83.59375,0.0055392300128005445,True,Exact PennyLane symbolic/CSR path with label aggregation.
4,150,128,400,109,penny_diagonal_fcim,classical,1.3707420265378991,62.5,7.669301703572273e-05,True,Exact diagonal FCIM path; no dense eigendecomposition.
4,150,128,400,110,penny_exact_aggregate,quantum,1.3404043241256463,83.59375,0.005615131987724453,True,Exact PennyLane symbolic/CSR path with label aggregation.
4,150,128,400,110,penny_diagonal_fcim,classical,1.370631021051906,63.28125,7.631798507645726e-05,True,Exact diagonal FCIM path; no dense eigendecomposition.
4,150,128,400,111,penny_exact_aggregate,quantum,1.3401476560040995,83.59375,0.005270964989904314,True,Exact PennyLane symbolic/CSR path with label aggregation.
4,150,128,400,111,penny_diagonal_fcim,classical,1.3705227946266378,63.28125,7.648399332538247e-05,True,Exact diagonal FCIM path; no dense eigendecomposition.
4,150,128,400,112,penny_exact_aggregate,quantum,1.3398972671432798,82.8125,0.005873538029845804,True,Exact PennyLane symbolic/CSR path with label aggregation.
4,150,128,400,112,penny_diagonal_fcim,classical,1.3704172774345003,63.28125,7.593102054670453e-05,True,Exact diagonal FCIM path; no dense eigendecomposition.
4,150,128,400,113,penny_exact_aggregate,quantum,1.3396530023755648,82.8125,0.005253006995189935,True,Exact PennyLane symbolic/CSR path with label aggregation.
4,150,128,400,113,penny_diagonal_fcim,classical,1.3703144014025996,64.0625,7.831701077520847e-05,True,Exact diagonal FCIM path; no dense eigendecomposition.
4,150,128,400,114,penny_exact_aggregate,quantum,1.3394147103783727,82.8125,0.005632151034660637,True,Exact PennyLane symbolic/CSR path with label aggregation.
4,150,128,400,114,penny_diagonal_fcim,classical,1.370214100169017,64.0625,7.60799739509821e-05,True,Exact diagonal FCIM path; no dense eigendecomposition.
4,150,128,400,115,penny_exact_aggregate,quantum,1.339182243580458,83.59375,0.005299547978211194,True,Exact PennyLane symbolic/CSR path with label aggregation.
4,150,128,400,115,penny_diagonal_fcim,classical,1.370116309040136,64.0625,7.060403004288673e-05,True,Exact diagonal FCIM path; no dense eigendecomposition.
4,150,128,400,116,penny_exact_aggregate,quantum,1.338955458070373,83.59375,0.0055088120279833674,True,Exact PennyLane symbolic/CSR path with label aggregation.
4,150,128,400,116,penny_diagonal_fcim,classical,1.3700209649490154,63.28125,7.634703069925308e-05,True,Exact diagonal FCIM path; no dense eigendecomposition.
4,150,128,400,117,penny_exact_aggregate,quantum,1.3387342135069868,82.8125,0.005506500951014459,True,Exact PennyLane symbolic/CSR path with label aggregation.
4,150,128,400,117,penny_diagonal_fcim,classical,1.3699280064147632,63.28125,6.708799628540874e-05,True,Exact diagonal FCIM path; no dense eigendecomposition.
4,150,128,400,118,penny_exact_aggregate,quantum,1.3385183730320946,82.8125,0.005759230989497155,True,Exact PennyLane symbolic/CSR path with label aggregation.
4,150,128,400,118,penny_diagonal_fcim,classical,1.3698373735029106,64.0625,8.160102879628539e-05,True,Exact diagonal FCIM path; no dense eigendecomposition.
4,150,128,400,119,penny_exact_aggregate,quantum,1.338307803185017,82.8125,0.005472098011523485,True,Exact PennyLane symbolic/CSR path with label aggregation.
4,150,128,400,119,penny_diagonal_fcim,classical,1.3697490077867451,64.0625,6.713898619636893e-05,True,Exact diagonal FCIM path; no dense eigendecomposition.
4,150,128,400,120,penny_exact_aggregate,quantum,1.3381023738191926,82.8125,0.005543210019823164,True,Exact PennyLane symbolic/CSR path with label aggregation.
4,150,128,400,120,penny_diagonal_fcim,classical,1.3696628523095933,64.0625,7.827498484402895e-05,True,Exact diagonal FCIM path; no dense eigendecomposition.
4,150,128,400,121,penny_exact_aggregate,quantum,1.3379019580207165,82.8125,0.005465799011290073,True,Exact PennyLane symbolic/CSR path with label aggregation.
4,150,128,400,121,penny_diagonal_fcim,classical,1.369578851548026,64.0625,6.840901914983988e-05,True,Exact diagonal FCIM path; no dense eigendecomposition.
4,150,128,400,122,penny_exact_aggregate,quantum,1.337706432028758,82.8125,0.00531809200765565,True,Exact PennyLane symbolic/CSR path with label aggregation.
4,150,128,400,122,penny_diagonal_fcim,classical,1.3694969513759627,64.0625,8.098199032247066e-05,True,Exact diagonal FCIM path; no dense eigendecomposition.
4,150,128,400,123,penny_exact_aggregate,quantum,1.337515675157881,82.8125,0.0055692719761282206,True,Exact PennyLane symbolic/CSR path with label aggregation.
4,150,128,400,123,penny_diagonal_fcim,classical,1.3694170990296612,64.0625,6.960495375096798e-05,True,Exact diagonal FCIM path; no dense eigendecomposition.
4,150,128,400,124,penny_exact_aggregate,quantum,1.3373295697221605,82.8125,0.0054721590131521225,True,Exact PennyLane symbolic/CSR path with label aggregation.
4,150,128,400,124,penny_diagonal_fcim,classical,1.3693392430735662,64.0625,0.00013480096822604537,True,Exact diagonal FCIM path; no dense eigendecomposition.
4,150,128,400,125,penny_exact_aggregate,quantum,1.3371480009611152,82.8125,0.005934724002145231,True,Exact PennyLane symbolic/CSR path with label aggregation.
4,150,128,400,125,penny_diagonal_fcim,classical,1.3692633333669968,64.0625,7.859099423512816e-05,True,Exact diagonal FCIM path; no dense eigendecomposition.
4,150,128,400,126,penny_exact_aggregate,quantum,1.3369708569673762,82.8125,0.005550789006520063,True,Exact PennyLane symbolic/CSR path with label aggregation.
4,150,128,400,126,penny_diagonal_fcim,classical,1.3691893210316588,64.0625,8.406600682064891e-05,True,Exact diagonal FCIM path; no dense eigendecomposition.
4,150,128,400,127,penny_exact_aggregate,quantum,1.3367980286160983,82.8125,0.005347746016923338,True,Exact PennyLane symbolic/CSR path with label aggregation.
4,150,128,400,127,penny_diagonal_fcim,classical,1.3691171584199553,64.84375,6.965600186958909e-05,True,Exact diagonal FCIM path; no dense eigendecomposition.
4,150,128,400,128,penny_exact_aggregate,quantum,1.3366294094960303,82.8125,0.005263261962682009,True,Exact PennyLane symbolic/CSR path with label aggregation.
4,150,128,400,128,penny_diagonal_fcim,classical,1.3690467990840824,65.625,8.26059840619564e-05,True,Exact diagonal FCIM path; no dense eigendecomposition.
4,150,128,400,129,penny_exact_aggregate,quantum,1.3364648958422523,82.8125,0.0054087500320747495,True,Exact PennyLane symbolic/CSR path with label aggregation.
4,150,128,400,129,penny_diagonal_fcim,classical,1.36897819774589,65.625,7.317704148590565e-05,True,Exact diagonal FCIM path; no dense eigendecomposition.
4,150,128,400,130,penny_exact_aggregate,quantum,1.3363043864705253,82.03125,0.005247674009297043,True,Exact PennyLane symbolic/CSR path with label aggregation.
4,150,128,400,130,penny_diagonal_fcim,classical,1.368911310267485,65.625,7.743900641798973e-05,True,Exact diagonal FCIM path; no dense eigendecomposition.
4,150,128,400,131,penny_exact_aggregate,quantum,1.3361477827132058,82.03125,0.005438299034722149,True,Exact PennyLane symbolic/CSR path with label aggregation.
4,150,128,400,131,penny_diagonal_fcim,classical,1.3688460936225688,65.625,7.623102283105254e-05,True,Exact diagonal FCIM path; no dense eigendecomposition.
4,150,128,400,132,penny_exact_aggregate,quantum,1.335994988356723,82.03125,0.0052461340092122555,True,Exact PennyLane symbolic/CSR path with label aggregation.
4,150,128,400,132,penny_diagonal_fcim,classical,1.3687825058684817,66.40625,7.130700396373868e-05,True,Exact diagonal FCIM path; no dense eigendecomposition.
4,150,128,400,133,penny_exact_aggregate,quantum,1.3358459095805544,82.8125,0.005441106972284615,True,Exact PennyLane symbolic/CSR path with label aggregation.
4,150,128,400,133,penny_diagonal_fcim,classical,1.3687205061189445,66.40625,8.016900392249227e-05,True,Exact diagonal FCIM path; no dense eigendecomposition.
4,150,128,400,134,penny_exact_aggregate,quantum,1.3357004548976947,82.8125,0.005280659010168165,True,Exact PennyLane symbolic/CSR path with label aggregation.
4,150,128,400,134,penny_diagonal_fcim,classical,1.3686600545174752,67.1875,9.575398871675134e-05,True,Exact diagonal FCIM path; no dense eigendecomposition.
4,150,128,400,135,penny_exact_aggregate,quantum,1.3355585350965482,82.8125,0.005416553001850843,True,Exact PennyLane symbolic/CSR path with label aggregation.
4,150,128,400,135,penny_diagonal_fcim,classical,1.3686011122114707,67.1875,7.834000280126929e-05,True,Exact diagonal FCIM path; no dense eigendecomposition.
4,150,128,400,136,penny_exact_aggregate,quantum,1.3354200631842628,82.8125,0.005326838989276439,True,Exact PennyLane symbolic/CSR path with label aggregation.
4,150,128,400,136,penny_diagonal_fcim,classical,1.3685436413269305,67.1875,6.639497587457299e-05,True,Exact diagonal FCIM path; no dense eigendecomposition.
4,150,128,400,137,penny_exact_aggregate,quantum,1.3352849543314262,82.8125,0.005266706983093172,True,Exact PennyLane symbolic/CSR path with label aggregation.
4,150,128,400,137,penny_diagonal_fcim,classical,1.3684876049438133,67.1875,8.028704905882478e-05,True,Exact diagonal FCIM path; no dense eigendecomposition.
4,150,128,400,138,penny_exact_aggregate,quantum,1.3351531258181115,82.8125,0.005315600021276623,True,Exact PennyLane symbolic/CSR path with label aggregation.
4,150,128,400,138,penny_diagonal_fcim,classical,1.3684329670720077,67.1875,6.71760062687099e-05,True,Exact diagonal FCIM path; no dense eigendecomposition.
4,150,128,400,139,penny_exact_aggregate,quantum,1.3350244969812692,82.8125,0.00527159299235791,True,Exact PennyLane symbolic/CSR path with label aggregation.
4,150,128,400,139,penny_diagonal_fcim,classical,1.3683796926279013,67.1875,8.24080198071897e-05,True,Exact diagonal FCIM path; no dense eigendecomposition.
4,150,128,400,140,penny_exact_aggregate,quantum,1.3348989891633725,84.375,0.005448870011605322,True,Exact PennyLane symbolic/CSR path with label aggregation.
4,150,128,400,140,penny_diagonal_fcim,classical,1.3683277474115374,67.1875,7.72500061430037e-05,True,Exact diagonal FCIM path; no dense eigendecomposition.
4,150,128,400,141,penny_exact_aggregate,quantum,1.3347765256623598,84.375,0.005319634976331145,True,Exact PennyLane symbolic/CSR path with label aggregation.
4,150,128,400,141,penny_diagonal_fcim,classical,1.3682770980843424,67.1875,7.592502515763044e-05,True,Exact diagonal FCIM path; no dense eigendecomposition.
4,150,128,400,142,penny_exact_aggregate,quantum,1.3346570316827846,84.375,0.005597047042101622,True,Exact PennyLane symbolic/CSR path with label aggregation.
4,150,128,400,142,penny_diagonal_fcim,classical,1.3682277121474091,67.1875,7.826898945495486e-05,True,Exact diagonal FCIM path; no dense eigendecomposition.
4,150,128,400,143,penny_exact_aggregate,quantum,1.3345404342881757,84.375,0.005323027027770877,True,Exact PennyLane symbolic/CSR path with label aggregation.
4,150,128,400,143,penny_diagonal_fcim,classical,1.3681795579203269,67.1875,7.548800203949213e-05,True,Exact diagonal FCIM path; no dense eigendecomposition.
4,150,128,400,144,penny_exact_aggregate,quantum,1.334426662354585,85.15625,0.005502908956259489,True,Exact PennyLane symbolic/CSR path with label aggregation.
4,150,128,400,144,penny_diagonal_fcim,classical,1.3681326045205378,67.1875,7.616303628310561e-05,True,Exact diagonal FCIM path; no dense eigendecomposition.
4,150,128,400,145,penny_exact_aggregate,quantum,1.334315646525262,85.15625,0.005264832987450063,True,Exact PennyLane symbolic/CSR path with label aggregation.
4,150,128,400,145,penny_diagonal_fcim,classical,1.3680868218432145,67.1875,7.114897016435862e-05,True,Exact diagonal FCIM path; no dense eigendecomposition.
4,150,128,400,146,penny_exact_aggregate,quantum,1.3342073191664712,85.15625,0.005474252044223249,True,Exact PennyLane symbolic/CSR path with label aggregation.
4,150,128,400,146,penny_diagonal_fcim,classical,1.3680421805416412,67.1875,8.023303234949708e-05,True,Exact diagonal FCIM path; no dense eigendecomposition.
4,150,128,400,147,penny_exact_aggregate,quantum,1.3341016143243918,85.15625,0.005327196035068482,True,Exact PennyLane symbolic/CSR path with label aggregation.
4,150,128,400,147,penny_diagonal_fcim,classical,1.3679986520080858,67.1875,7.03480327501893e-05,True,Exact diagonal FCIM path; no dense eigendecomposition.
4,150,128,400,148,penny_exact_aggregate,quantum,1.3339984676830852,85.15625,0.0053685910534113646,True,Exact PennyLane symbolic/CSR path with label aggregation.
4,150,128,400,148,penny_diagonal_fcim,classical,1.3679562083551553,67.1875,9.652902372181416e-05,True,Exact diagonal FCIM path; no dense eigendecomposition.
4,150,128,400,149,penny_exact_aggregate,quantum,1.333897816523523,85.15625,0.005348314996808767,True,Exact PennyLane symbolic/CSR path with label aggregation.
4,150,128,400,149,penny_diagonal_fcim,classical,1.367914822397616,67.1875,6.989698158577085e-05,True,Exact diagonal FCIM path; no dense eigendecomposition.
4,150,128,400,150,penny_exact_aggregate,quantum,1.3337995996836116,85.9375,0.0053197809611447155,True,Exact PennyLane symbolic/CSR path with label aggregation.
4,150,128,400,150,penny_diagonal_fcim,classical,1.367874467634674,67.1875,8.206098573282361e-05,True,Exact diagonal FCIM path; no dense eigendecomposition.
4,150,128,400,151,penny_exact_aggregate,quantum,1.3337037575192279,85.9375,0.005416660977061838,True,Exact PennyLane symbolic/CSR path with label aggregation.
4,150,128,400,151,penny_diagonal_fcim,classical,1.3678351182327002,67.1875,7.14989728294313e-05,True,Exact diagonal FCIM path; no dense eigendecomposition.
4,150,128,400,152,penny_exact_aggregate,quantum,1.3336102318662229,85.9375,0.005285607010591775,True,Exact PennyLane symbolic/CSR path with label aggregation.
4,150,128,400,152,penny_diagonal_fcim,classical,1.3677967490083889,67.1875,8.658901788294315e-05,True,Exact diagonal FCIM path; no dense eigendecomposition.
4,150,128,400,153,penny_exact_aggregate,quantum,1.3335189660033673,85.9375,0.005465537018608302,True,Exact PennyLane symbolic/CSR path with label aggregation.
4,150,128,400,153,penny_diagonal_fcim,classical,1.367759335412341,67.1875,7.415999425575137e-05,True,Exact diagonal FCIM path; no dense eigendecomposition.
4,150,128,400,154,penny_exact_aggregate,quantum,1.3334299046162266,85.9375,0.005272764014080167,True,Exact PennyLane symbolic/CSR path with label aggregation.
4,150,128,400,154,penny_diagonal_fcim,classical,1.3677228535130619,67.1875,7.520202780142426e-05,True,Exact diagonal FCIM path; no dense eigendecomposition.
4,150,128,400,155,penny_exact_aggregate,quantum,1.3333429937619385,85.9375,0.0053528479766100645,True,Exact PennyLane symbolic/CSR path with label aggregation.
4,150,128,400,155,penny_diagonal_fcim,classical,1.3676872799813604,67.1875,7.109995931386948e-05,True,Exact diagonal FCIM path; no dense eigendecomposition.
4,150,128,400,156,penny_exact_aggregate,quantum,1.3332581808348754,85.9375,0.005315285001415759,True,Exact PennyLane symbolic/CSR path with label aggregation.
4,150,128,400,156,penny_diagonal_fcim,classical,1.367652592075142,67.1875,7.676100358366966e-05,True,Exact diagonal FCIM path; no dense eigendecomposition.
4,150,128,400,157,penny_exact_aggregate,quantum,1.3331754145331542,85.9375,0.005521867016796023,True,Exact PennyLane symbolic/CSR path with label aggregation.
4,150,128,400,157,penny_diagonal_fcim,classical,1.3676187676245841,67.1875,7.816503057256341e-05,True,Exact diagonal FCIM path; no dense eigendecomposition.
4,150,128,400,158,penny_exact_aggregate,quantum,1.3330946448259917,85.9375,0.005406610027421266,True,Exact PennyLane symbolic/CSR path with label aggregation.
4,150,128,400,158,penny_diagonal_fcim,classical,1.3675857850176893,67.1875,8.710799738764763e-05,True,Exact diagonal FCIM path; no dense eigendecomposition.
4,150,128,400,159,penny_exact_aggregate,quantum,1.3330158229218896,85.9375,0.005425941955763847,True,Exact PennyLane symbolic/CSR path with label aggregation.
4,150,128,400,159,penny_diagonal_fcim,classical,1.367553623186196,67.1875,7.737096166238189e-05,True,Exact diagonal FCIM path; no dense eigendecomposition.
4,150,128,400,160,penny_exact_aggregate,quantum,1.3329389012375912,85.9375,0.005344732024241239,True,Exact PennyLane symbolic/CSR path with label aggregation.
4,150,128,400,160,penny_diagonal_fcim,classical,1.3675222615918514,67.1875,7.091002771630883e-05,True,Exact diagonal FCIM path; no dense eigendecomposition.
4,150,128,400,161,penny_exact_aggregate,quantum,1.3328638333678429,85.9375,0.00548347202129662,True,Exact PennyLane symbolic/CSR path with label aggregation.
4,150,128,400,161,penny_diagonal_fcim,classical,1.367491680213027,67.1875,8.509401232004166e-05,True,Exact diagonal FCIM path; no dense eigendecomposition.
4,150,128,400,162,penny_exact_aggregate,quantum,1.3327905740558967,85.15625,0.0053625720320269465,True,Exact PennyLane symbolic/CSR path with label aggregation.
4,150,128,400,162,penny_diagonal_fcim,classical,1.3674618595316725,67.1875,6.967299850657582e-05,True,Exact diagonal FCIM path; no dense eigendecomposition.
4,150,128,400,163,penny_exact_aggregate,quantum,1.3327190791647614,85.15625,0.005354504042770714,True,Exact PennyLane symbolic/CSR path with label aggregation.
4,150,128,400,163,penny_diagonal_fcim,classical,1.367432780520601,67.96875,8.539698319509625e-05,True,Exact diagonal FCIM path; no dense eigendecomposition.
4,150,128,400,164,penny_exact_aggregate,quantum,1.332649305649178,85.15625,0.0053378689917735755,True,Exact PennyLane symbolic/CSR path with label aggregation.
4,150,128,400,164,penny_diagonal_fcim,classical,1.367404424631094,67.96875,7.072597509250045e-05,True,Exact diagonal FCIM path; no dense eigendecomposition.
4,150,128,400,165,penny_exact_aggregate,quantum,1.3325812115282925,85.15625,0.005283941049128771,True,Exact PennyLane symbolic/CSR path with label aggregation.
4,150,128,400,165,penny_diagonal_fcim,classical,1.3673767737808171,67.96875,8.084200089797378e-05,True,Exact diagonal FCIM path; no dense eigendecomposition.
4,150,128,400,166,penny_exact_aggregate,quantum,1.332514755859024,85.9375,0.0056395240244455636,True,Exact PennyLane symbolic/CSR path with label aggregation.
4,150,128,400,166,penny_diagonal_fcim,classical,1.3673498103420476,67.96875,8.220103336498141e-05,True,Exact diagonal FCIM path; no dense eigendecomposition.
4,150,128,400,167,penny_exact_aggregate,quantum,1.3324498987100954,85.9375,0.005322208977304399,True,Exact PennyLane symbolic/CSR path with label aggregation.
4,150,128,400,167,penny_diagonal_fcim,classical,1.367323517130193,67.96875,8.328503463417292e-05,True,Exact diagonal FCIM path; no dense eigendecomposition.
4,150,128,400,168,penny_exact_aggregate,quantum,1.3323866011367174,85.9375,0.005466599017381668,True,Exact PennyLane symbolic/CSR path with label aggregation.
4,150,128,400,168,penny_diagonal_fcim,classical,1.367297877392602,67.96875,7.564999395981431e-05,True,Exact diagonal FCIM path; no dense eigendecomposition.
4,150,128,400,169,penny_exact_aggregate,quantum,1.3323248251559234,85.9375,0.005280731013044715,True,Exact PennyLane symbolic/CSR path with label aggregation.
4,150,128,400,169,penny_diagonal_fcim,classical,1.3672728747976608,67.96875,7.694802479818463e-05,True,Exact diagonal FCIM path; no dense eigendecomposition.
4,150,128,400,170,penny_exact_aggregate,quantum,1.3322645337225072,85.9375,0.00547112402273342,True,Exact PennyLane symbolic/CSR path with label aggregation.
4,150,128,400,170,penny_diagonal_fcim,classical,1.3672484934241618,67.96875,9.206298273056746e-05,True,Exact diagonal FCIM path; no dense eigendecomposition.
4,150,128,400,171,penny_exact_aggregate,quantum,1.3322056907055744,85.9375,0.0053220169502310455,True,Exact PennyLane symbolic/CSR path with label aggregation.
4,150,128,400,171,penny_diagonal_fcim,classical,1.367224717750942,67.96875,7.56240333430469e-05,True,Exact diagonal FCIM path; no dense eigendecomposition.
4,150,128,400,172,penny_exact_aggregate,quantum,1.3321482608656874,85.9375,0.005458767001982778,True,Exact PennyLane symbolic/CSR path with label aggregation.
4,150,128,400,172,penny_diagonal_fcim,classical,1.3672015326467863,68.75,7.915799506008625e-05,True,Exact diagonal FCIM path; no dense eigendecomposition.
4,150,128,400,173,penny_exact_aggregate,quantum,1.3320922098325838,85.9375,0.005280565994326025,True,Exact PennyLane symbolic/CSR path with label aggregation.
4,150,128,400,173,penny_diagonal_fcim,classical,1.36717892336058,68.75,6.908999057486653e-05,True,Exact diagonal FCIM path; no dense eigendecomposition.
4,150,128,400,174,penny_exact_aggregate,quantum,1.332037504083456,85.9375,0.005358210008125752,True,Exact PennyLane symbolic/CSR path with label aggregation.
4,150,128,400,174,penny_diagonal_fcim,classical,1.3671568755117183,68.75,8.104403968900442e-05,True,Exact diagonal FCIM path; no dense eigendecomposition.
4,150,128,400,175,penny_exact_aggregate,quantum,1.3319841109217747,85.9375,0.0053296759724617004,True,Exact PennyLane symbolic/CSR path with label aggregation.
4,150,128,400,175,penny_diagonal_fcim,classical,1.3671353750807522,68.75,7.031403947621584e-05,True,Exact diagonal FCIM path; no dense eigendecomposition.
4,150,128,400,176,penny_exact_aggregate,quantum,1.3319319984566538,85.9375,0.005428917007520795,True,Exact PennyLane symbolic/CSR path with label aggregation.
4,150,128,400,176,penny_diagonal_fcim,classical,1.367114408400274,68.75,8.019199594855309e-05,True,Exact diagonal FCIM path; no dense eigendecomposition.
4,150,128,400,177,penny_exact_aggregate,quantum,1.3318811355827307,85.9375,0.005294061033055186,True,Exact PennyLane symbolic/CSR path with label aggregation.
4,150,128,400,177,penny_diagonal_fcim,classical,1.367093962146033,69.53125,6.866100011393428e-05,True,Exact diagonal FCIM path; no dense eigendecomposition.
4,150,128,400,178,penny_exact_aggregate,quantum,1.3318314919605547,85.9375,0.005266872001811862,True,Exact PennyLane symbolic/CSR path with label aggregation.
4,150,128,400,178,penny_diagonal_fcim,classical,1.3670740233282754,69.53125,0.00011518702376633883,True,Exact diagonal FCIM path; no dense eigendecomposition.
4,150,128,400,179,penny_exact_aggregate,quantum,1.3317830379974667,85.9375,0.005388299992773682,True,Exact PennyLane symbolic/CSR path with label aggregation.
4,150,128,400,179,penny_diagonal_fcim,classical,1.3670545792833053,69.53125,7.649598410353065e-05,True,Exact diagonal FCIM path; no dense eigendecomposition.
4,150,128,400,180,penny_exact_aggregate,quantum,1.3317357448289713,85.9375,0.005278656957671046,True,Exact PennyLane symbolic/CSR path with label aggregation.
4,150,128,400,180,penny_diagonal_fcim,classical,1.3670356176652563,69.53125,7.731199730187654e-05,True,Exact diagonal FCIM path; no dense eigendecomposition.
4,150,128,400,181,penny_exact_aggregate,quantum,1.3316895843005603,85.9375,0.005431328958366066,True,Exact PennyLane symbolic/CSR path with label aggregation.
4,150,128,400,181,penny_diagonal_fcim,classical,1.367017126438074,69.53125,7.437501335516572e-05,True,Exact diagonal FCIM path; no dense eigendecomposition.
4,150,128,400,182,penny_exact_aggregate,quantum,1.3316445289500172,85.9375,0.005233609001152217,True,Exact PennyLane symbolic/CSR path with label aggregation.
4,150,128,400,182,penny_diagonal_fcim,classical,1.3669990938677004,69.53125,8.154602255672216e-05,True,Exact diagonal FCIM path; no dense eigendecomposition.
4,150,128,400,183,penny_exact_aggregate,quantum,1.3316005519901506,85.9375,0.005769772978965193,True,Exact PennyLane symbolic/CSR path with label aggregation.
4,150,128,400,183,penny_diagonal_fcim,classical,1.3669815085144563,69.53125,8.090597111731768e-05,True,Exact diagonal FCIM path; no dense eigendecomposition.
4,150,128,400,184,penny_exact_aggregate,quantum,1.3315576272919671,85.9375,0.005432692996691912,True,Exact PennyLane symbolic/CSR path with label aggregation.
4,150,128,400,184,penny_diagonal_fcim,classical,1.3669643592256167,69.53125,7.913698209449649e-05,True,Exact diagonal FCIM path; no dense eigendecomposition.
4,150,128,400,185,penny_exact_aggregate,quantum,1.3315157293682742,86.71875,0.005547622975427657,True,Exact PennyLane symbolic/CSR path with label aggregation.
4,150,128,400,185,penny_diagonal_fcim,classical,1.3669476351281733,69.53125,9.788596071302891e-05,True,Exact diagonal FCIM path; no dense eigendecomposition.
4,150,128,400,186,penny_exact_aggregate,quantum,1.33147483335769,86.71875,0.005310084961820394,True,Exact PennyLane symbolic/CSR path with label aggregation.
4,150,128,400,186,penny_diagonal_fcim,classical,1.3669313256217814,69.53125,8.162303129211068e-05,True,Exact diagonal FCIM path; no dense eigendecomposition.
4,150,128,400,187,penny_exact_aggregate,quantum,1.331434915009058,88.28125,0.005597381037659943,True,Exact PennyLane symbolic/CSR path with label aggregation.
4,150,128,400,187,penny_diagonal_fcim,classical,1.3669154203718858,69.53125,7.559300865978003e-05,True,Exact diagonal FCIM path; no dense eigendecomposition.
4,150,128,400,188,penny_exact_aggregate,quantum,1.3313959506662563,89.0625,0.005305372993461788,True,Exact PennyLane symbolic/CSR path with label aggregation.
4,150,128,400,188,penny_diagonal_fcim,classical,1.3668999093030183,69.53125,6.842799484729767e-05,True,Exact diagonal FCIM path; no dense eigendecomposition.
4,150,128,400,189,penny_exact_aggregate,quantum,1.3313579172533903,89.0625,0.00561651901807636,True,Exact PennyLane symbolic/CSR path with label aggregation.
4,150,128,400,189,penny_diagonal_fcim,classical,1.3668847825922674,69.53125,7.979501970112324e-05,True,Exact diagonal FCIM path; no dense eigendecomposition.
4,150,128,400,190,penny_exact_aggregate,quantum,1.3313207922603487,89.0625,0.005969658959656954,True,Exact PennyLane symbolic/CSR path with label aggregation.
4,150,128,400,190,penny_diagonal_fcim,classical,1.3668700306629122,69.53125,7.425301009789109e-05,True,Exact diagonal FCIM path; no dense eigendecomposition.
4,150,128,400,191,penny_exact_aggregate,quantum,1.3312845537287468,89.0625,0.005776544974651188,True,Exact PennyLane symbolic/CSR path with label aggregation.
4,150,128,400,191,penny_diagonal_fcim,classical,1.366855644178218,69.53125,8.033501217141747e-05,True,Exact diagonal FCIM path; no dense eigendecomposition.
4,150,128,400,192,penny_exact_aggregate,quantum,1.3312491802381876,89.0625,0.005519694997929037,True,Exact PennyLane symbolic/CSR path with label aggregation.
4,150,128,400,192,penny_diagonal_fcim,classical,1.3668416140353867,69.53125,6.799399852752686e-05,True,Exact diagonal FCIM path; no dense eigendecomposition.
4,150,128,400,193,penny_exact_aggregate,quantum,1.331214650892913,89.0625,0.005578704993240535,True,Exact PennyLane symbolic/CSR path with label aggregation.
4,150,128,400,193,penny_diagonal_fcim,classical,1.366827931359666,69.53125,7.961899973452091e-05,True,Exact diagonal FCIM path; no dense eigendecomposition.
4,150,128,400,194,penny_exact_aggregate,quantum,1.3311809453087493,89.0625,0.005496247962582856,True,Exact PennyLane symbolic/CSR path with label aggregation.
4,150,128,400,194,penny_diagonal_fcim,classical,1.3668145874986006,69.53125,6.647501140832901e-05,True,Exact diagonal FCIM path; no dense eigendecomposition.
4,150,128,400,195,penny_exact_aggregate,quantum,1.331148043600411,89.0625,0.005549331021029502,True,Exact PennyLane symbolic/CSR path with label aggregation.
4,150,128,400,195,penny_diagonal_fcim,classical,1.3668015740164328,69.53125,8.175097173079848e-05,True,Exact diagonal FCIM path; no dense eigendecomposition.
4,150,128,400,196,penny_exact_aggregate,quantum,1.3311159263691086,89.0625,0.005968002020381391,True,Exact PennyLane symbolic/CSR path with label aggregation.
4,150,128,400,196,penny_diagonal_fcim,classical,1.366788882688647,69.53125,6.864999886602163e-05,True,Exact diagonal FCIM path; no dense eigendecomposition.
4,150,128,400,197,penny_exact_aggregate,quantum,1.3310845746904771,89.0625,0.005670304992236197,True,Exact PennyLane symbolic/CSR path with label aggregation.
4,150,128,400,197,penny_diagonal_fcim,classical,1.3667765054966454,69.53125,7.678201654925942e-05,True,Exact diagonal FCIM path; no dense eigendecomposition.
4,150,128,400,198,penny_exact_aggregate,quantum,1.3310539701027992,89.0625,0.00551815697690472,True,Exact PennyLane symbolic/CSR path with label aggregation.
4,150,128,400,198,penny_diagonal_fcim,classical,1.3667644346225671,69.53125,6.736500654369593e-05,True,Exact diagonal FCIM path; no dense eigendecomposition.
4,150,128,400,199,penny_exact_aggregate,quantum,1.3310240945955367,88.28125,0.005422860966064036,True,Exact PennyLane symbolic/CSR path with label aggregation.
4,150,128,400,199,penny_diagonal_fcim,classical,1.3667526624442299,69.53125,8.170300861820579e-05,True,Exact diagonal FCIM path; no dense eigendecomposition.
4,150,128,400,200,penny_exact_aggregate,quantum,1.3309949305981366,88.28125,0.00604324002051726,True,Exact PennyLane symbolic/CSR path with label aggregation.
4,150,128,400,200,penny_diagonal_fcim,classical,1.3667411815302073,69.53125,8.699798490852118e-05,True,Exact diagonal FCIM path; no dense eigendecomposition.
4,150,128,400,201,penny_exact_aggregate,quantum,1.330966460969133,88.28125,0.005414375977125019,True,Exact PennyLane symbolic/CSR path with label aggregation.
4,150,128,400,201,penny_diagonal_fcim,classical,1.366729984635025,69.53125,8.172099478542805e-05,True,Exact diagonal FCIM path; no dense eigendecomposition.
4,150,128,400,202,penny_exact_aggregate,quantum,1.330938668985505,88.28125,0.005629074992612004,True,Exact PennyLane symbolic/CSR path with label aggregation.
4,150,128,400,202,penny_diagonal_fcim,classical,1.3667190646944811,69.53125,7.568398723378778e-05,True,Exact diagonal FCIM path; no dense eigendecomposition.
4,150,128,400,203,penny_exact_aggregate,quantum,1.330911538332329,88.28125,0.005376530985813588,True,Exact PennyLane symbolic/CSR path with label aggregation.
4,150,128,400,203,penny_diagonal_fcim,classical,1.366708414821085,69.53125,8.08140030130744e-05,True,Exact diagonal FCIM path; no dense eigendecomposition.
4,150,128,400,204,penny_exact_aggregate,quantum,1.3308850530926573,88.28125,0.005456350976601243,True,Exact PennyLane symbolic/CSR path with label aggregation.
4,150,128,400,204,penny_diagonal_fcim,classical,1.366698028299611,69.53125,7.707299664616585e-05,True,Exact diagonal FCIM path; no dense eigendecomposition.
4,150,128,400,205,penny_exact_aggregate,quantum,1.330859197737679,88.28125,0.005406407988630235,True,Exact PennyLane symbolic/CSR path with label aggregation.
4,150,128,400,205,penny_diagonal_fcim,classical,1.3666878985827637,69.53125,7.760501466691494e-05,True,Exact diagonal FCIM path; no dense eigendecomposition.
4,150,128,400,206,penny_exact_aggregate,quantum,1.3308339571171177,88.28125,0.005463443987537175,True,Exact PennyLane symbolic/CSR path with label aggregation.
4,150,128,400,206,penny_diagonal_fcim,classical,1.3666780192869548,69.53125,8.122902363538742e-05,True,Exact diagonal FCIM path; no dense eigendecomposition.
4,150,128,400,207,penny_exact_aggregate,quantum,1.3308093164498622,88.28125,0.005434402031823993,True,Exact PennyLane symbolic/CSR path with label aggregation.
4,150,128,400,207,penny_diagonal_fcim,classical,1.366668384188185,69.53125,7.908802945166826e-05,True,Exact diagonal FCIM path; no dense eigendecomposition.
4,150,128,400,208,penny_exact_aggregate,quantum,1.330785261314849,88.28125,0.005535992968361825,True,Exact PennyLane symbolic/CSR path with label aggregation.
4,150,128,400,208,penny_diagonal_fcim,classical,1.366658987218031,69.53125,7.43749551475048e-05,True,Exact diagonal FCIM path; no dense eigendecomposition.
4,150,128,400,209,penny_exact_aggregate,quantum,1.330761777642159,88.28125,0.005481612985022366,True,Exact PennyLane symbolic/CSR path with label aggregation.
4,150,128,400,209,penny_diagonal_fcim,classical,1.366649822459735,69.53125,8.570298086851835e-05,True,Exact diagonal FCIM path; no dense eigendecomposition.
4,150,128,400,210,penny_exact_aggregate,quantum,1.3307388517043437,88.28125,0.005520894017536193,True,Exact PennyLane symbolic/CSR path with label aggregation.
4,150,128,400,210,penny_diagonal_fcim,classical,1.366640884144389,69.53125,7.930496940389276e-05,True,Exact diagonal FCIM path; no dense eigendecomposition.
4,150,128,400,211,penny_exact_aggregate,quantum,1.3307164701079726,88.28125,0.005592625995632261,True,Exact PennyLane symbolic/CSR path with label aggregation.
4,150,128,400,211,penny_diagonal_fcim,classical,1.3666321666472205,69.53125,7.474998710677028e-05,True,Exact diagonal FCIM path; no dense eigendecomposition.
4,150,128,400,212,penny_exact_aggregate,quantum,1.3306946197853806,88.28125,0.005401381989941001,True,Exact PennyLane symbolic/CSR path with label aggregation.
4,150,128,400,212,penny_diagonal_fcim,classical,1.366623664483971,69.53125,8.045497816056013e-05,True,Exact diagonal FCIM path; no dense eigendecomposition.
4,150,128,400,213,penny_exact_aggregate,quantum,1.3306732879866374,88.28125,0.005588630971033126,True,Exact PennyLane symbolic/CSR path with label aggregation.
4,150,128,400,213,penny_diagonal_fcim,classical,1.366615372307362,69.53125,7.062801159918308e-05,True,Exact diagonal FCIM path; no dense eigendecomposition.
4,150,128,400,214,penny_exact_aggregate,quantum,1.3306524622717066,88.28125,0.005332675005774945,True,Exact PennyLane symbolic/CSR path with label aggregation.
4,150,128,400,214,penny_diagonal_fcim,classical,1.3666072849036552,69.53125,7.947103586047888e-05,True,Exact diagonal FCIM path; no dense eigendecomposition.
4,150,128,400,215,penny_exact_aggregate,quantum,1.330632130502803,88.28125,0.0055406090104952455,True,Exact PennyLane symbolic/CSR path with label aggregation.
4,150,128,400,215,penny_diagonal_fcim,classical,1.3665993971892978,69.53125,7.071899017319083e-05,True,Exact diagonal FCIM path; no dense eigendecomposition.
4,150,128,400,216,penny_exact_aggregate,quantum,1.3306122808369518,88.28125,0.005332143045961857,True,Exact PennyLane symbolic/CSR path with label aggregation.
4,150,128,400,216,penny_diagonal_fcim,classical,1.366591704207652,69.53125,8.008198346942663e-05,True,Exact diagonal FCIM path; no dense eigendecomposition.
4,150,128,400,217,penny_exact_aggregate,quantum,1.3305929017187113,88.28125,0.005544121959246695,True,Exact PennyLane symbolic/CSR path with label aggregation.
4,150,128,400,217,penny_diagonal_fcim,classical,1.3665842011258085,69.53125,7.204199209809303e-05,True,Exact diagonal FCIM path; no dense eigendecomposition.
4,150,128,400,218,penny_exact_aggregate,quantum,1.3305739818731053,88.28125,0.005417357955593616,True,Exact PennyLane symbolic/CSR path with label aggregation.
4,150,128,400,218,penny_diagonal_fcim,classical,1.366576883231478,69.53125,7.95450177974999e-05,True,Exact diagonal FCIM path; no dense eigendecomposition.
4,150,128,400,219,penny_exact_aggregate,quantum,1.3305555102987119,88.28125,0.005527676024939865,True,Exact PennyLane symbolic/CSR path with label aggregation.
4,150,128,400,219,penny_diagonal_fcim,classical,1.3665697459299642,69.53125,7.11899483576417e-05,True,Exact diagonal FCIM path; no dense eigendecomposition.
4,150,128,400,220,penny_exact_aggregate,quantum,1.3305374762609312,89.0625,0.005386826989706606,True,Exact PennyLane symbolic/CSR path with label aggregation.
4,150,128,400,220,penny_diagonal_fcim,classical,1.3665627847412125,69.53125,8.412898750975728e-05,True,Exact diagonal FCIM path; no dense eigendecomposition.
4,150,128,400,221,penny_exact_aggregate,quantum,1.3305198692854248,89.0625,0.005661664996296167,True,Exact PennyLane symbolic/CSR path with label aggregation.
4,150,128,400,221,penny_diagonal_fcim,classical,1.3665559952969306,69.53125,8.046702714636922e-05,True,Exact diagonal FCIM path; no dense eigendecomposition.
4,150,128,400,222,penny_exact_aggregate,quantum,1.3305026791517132,89.0625,0.005409576988313347,True,Exact PennyLane symbolic/CSR path with label aggregation.
4,150,128,400,222,penny_diagonal_fcim,classical,1.3665493733377856,69.53125,7.918698247522116e-05,True,Exact diagonal FCIM path; no dense eigendecomposition.
4,150,128,400,223,penny_exact_aggregate,quantum,1.3304858958869388,89.0625,0.0057625650078989565,True,Exact PennyLane symbolic/CSR path with label aggregation.
4,150,128,400,223,penny_diagonal_fcim,classical,1.3665429147106685,70.3125,7.860199548304081e-05,True,Exact diagonal FCIM path; no dense eigendecomposition.
4,150,128,400,224,penny_exact_aggregate,quantum,1.3304695097597805,89.0625,0.0053281880100257695,True,Exact PennyLane symbolic/CSR path with label aggregation.
4,150,128,400,224,penny_diagonal_fcim,classical,1.3665366153660314,70.3125,7.52449850551784e-05,True,Exact diagonal FCIM path; no dense eigendecomposition.
4,150,128,400,225,penny_exact_aggregate,quantum,1.3304535112745204,89.0625,0.005615556030534208,True,Exact PennyLane symbolic/CSR path with label aggregation.
4,150,128,400,225,penny_diagonal_fcim,classical,1.3665304713552882,70.3125,7.999601075425744e-05,True,Exact diagonal FCIM path; no dense eigendecomposition.
4,150,128,400,226,penny_exact_aggregate,quantum,1.330437891165261,89.0625,0.005424001021310687,True,Exact PennyLane symbolic/CSR path with label aggregation.
4,150,128,400,226,penny_diagonal_fcim,classical,1.3665244788282833,70.3125,7.54839857108891e-05,True,Exact diagonal FCIM path; no dense eigendecomposition.
4,150,128,400,227,penny_exact_aggregate,quantum,1.330422640390284,89.0625,0.005502622050698847,True,Exact PennyLane symbolic/CSR path with label aggregation.
4,150,128,400,227,penny_diagonal_fcim,classical,1.3665186340308226,70.3125,7.964699761942029e-05,True,Exact diagonal FCIM path; no dense eigendecomposition.
4,150,128,400,228,penny_exact_aggregate,quantum,1.3304077501265485,89.0625,0.0053801690228283405,True,Exact PennyLane symbolic/CSR path with label aggregation.
4,150,128,400,228,penny_diagonal_fcim,classical,1.366512933302269,70.3125,7.731298683211207e-05,True,Exact diagonal FCIM path; no dense eigendecomposition.
4,150,128,400,229,penny_exact_aggregate,quantum,1.3303932117643358,89.0625,0.005483446002472192,True,Exact PennyLane symbolic/CSR path with label aggregation.
4,150,128,400,229,penny_diagonal_fcim,classical,1.3665073730731951,70.3125,7.29270395822823e-05,True,Exact diagonal FCIM path; no dense eigendecomposition.
4,150,128,400,230,penny_exact_aggregate,quantum,1.330379016902012,89.0625,0.005456998012959957,True,Exact PennyLane symbolic/CSR path with label aggregation.
4,150,128,400,230,penny_diagonal_fcim,classical,1.3665019498630995,70.3125,7.018400356173515e-05,True,Exact diagonal FCIM path; no dense eigendecomposition.
4,150,128,400,231,penny_exact_aggregate,quantum,1.3303651573409323,89.0625,0.005669813021086156,True,Exact PennyLane symbolic/CSR path with label aggregation.
4,150,128,400,231,penny_diagonal_fcim,classical,1.366496660278176,70.3125,8.180196164175868e-05,True,Exact diagonal FCIM path; no dense eigendecomposition.
4,150,128,400,232,penny_exact_aggregate,quantum,1.33035162508047,89.0625,0.005643471027724445,True,Exact PennyLane symbolic/CSR path with label aggregation.
4,150,128,400,232,penny_diagonal_fcim,classical,1.3664915010091434,69.53125,7.280398858711123e-05,True,Exact diagonal FCIM path; no dense eigendecomposition.
4,150,128,400,233,penny_exact_aggregate,quantum,1.330338412313166,88.28125,0.005476804974023253,True,Exact PennyLane symbolic/CSR path with label aggregation.
4,150,128,400,233,penny_diagonal_fcim,classical,1.3664864688291265,69.53125,7.925799582153559e-05,True,Exact diagonal FCIM path; no dense eigendecomposition.
4,150,128,400,234,penny_exact_aggregate,quantum,1.3303255114200037,88.28125,0.006169818982016295,True,Exact PennyLane symbolic/CSR path with label aggregation.
4,150,128,400,234,penny_diagonal_fcim,classical,1.3664815605915925,69.53125,7.256900426000357e-05,True,Exact diagonal FCIM path; no dense eigendecomposition.
4,150,128,400,235,penny_exact_aggregate,quantum,1.3303129149657953,88.28125,0.005493863020092249,True,Exact PennyLane symbolic/CSR path with label aggregation.
4,150,128,400,235,penny_diagonal_fcim,classical,1.3664767732283392,69.53125,0.00010025396477431059,True,Exact diagonal FCIM path; no dense eigendecomposition.
4,150,128,400,236,penny_exact_aggregate,quantum,1.3303006156946862,88.28125,0.005643727956339717,True,Exact PennyLane symbolic/CSR path with label aggregation.
4,150,128,400,236,penny_diagonal_fcim,classical,1.3664721037475336,69.53125,8.065300062298775e-05,True,Exact diagonal FCIM path; no dense eigendecomposition.
4,150,128,400,237,penny_exact_aggregate,quantum,1.330288606525776,88.28125,0.00551806902512908,True,Exact PennyLane symbolic/CSR path with label aggregation.
4,150,128,400,237,penny_diagonal_fcim,classical,1.3664675492317986,69.53125,8.153897942975163e-05,True,Exact diagonal FCIM path; no dense eigendecomposition.
4,150,128,400,238,penny_exact_aggregate,quantum,1.3302768805488348,88.28125,0.005646608013194054,True,Exact PennyLane symbolic/CSR path with label aggregation.
4,150,128,400,238,penny_diagonal_fcim,classical,1.3664631068363509,69.53125,6.931100506335497e-05,True,Exact diagonal FCIM path; no dense eigendecomposition.
4,150,128,400,239,penny_exact_aggregate,quantum,1.3302654310201407,88.28125,0.005385370983276516,True,Exact PennyLane symbolic/CSR path with label aggregation.
4,150,128,400,239,penny_diagonal_fcim,classical,1.366458773787183,69.53125,7.845903746783733e-05,True,Exact diagonal FCIM path; no dense eigendecomposition.
4,150,128,400,240,penny_exact_aggregate,quantum,1.3302542513584092,88.28125,0.005565293016843498,True,Exact PennyLane symbolic/CSR path with label aggregation.
4,150,128,400,240,penny_diagonal_fcim,classical,1.3664545473792924,69.53125,6.88529689796269e-05,True,Exact diagonal FCIM path; no dense eigendecomposition.
4,150,128,400,241,penny_exact_aggregate,quantum,1.3302433351408327,88.28125,0.0054487710003741086,True,Exact PennyLane symbolic/CSR path with label aggregation.
4,150,128,400,241,penny_diagonal_fcim,classical,1.3664504249749558,69.53125,8.130102651193738e-05,True,Exact diagonal FCIM path; no dense eigendecomposition.
4,150,128,400,242,penny_exact_aggregate,quantum,1.3302326760992094,88.28125,0.005687894998118281,True,Exact PennyLane symbolic/CSR path with label aggregation.
4,150,128,400,242,penny_diagonal_fcim,classical,1.3664464040020445,69.53125,7.578195072710514e-05,True,Exact diagonal FCIM path; no dense eigendecomposition.
4,150,128,400,243,penny_exact_aggregate,quantum,1.330222268116172,88.28125,0.005386278033256531,True,Exact PennyLane symbolic/CSR path with label aggregation.
4,150,128,400,243,penny_diagonal_fcim,classical,1.3664424819523846,69.53125,0.00013012101408094168,True,Exact diagonal FCIM path; no dense eigendecomposition.
4,150,128,400,244,penny_exact_aggregate,quantum,1.3302121052215168,88.28125,0.005719467997550964,True,Exact PennyLane symbolic/CSR path with label aggregation.
4,150,128,400,244,penny_diagonal_fcim,classical,1.3664386563801574,69.53125,7.494300371035933e-05,True,Exact diagonal FCIM path; no dense eigendecomposition.
4,150,128,400,245,penny_exact_aggregate,quantum,1.3302021815886054,88.28125,0.0052897779969498515,True,Exact PennyLane symbolic/CSR path with label aggregation.
4,150,128,400,245,penny_diagonal_fcim,classical,1.3664349249003411,69.53125,7.900298805907369e-05,True,Exact diagonal FCIM path; no dense eigendecomposition.
4,150,128,400,246,penny_exact_aggregate,quantum,1.330192491530879,88.28125,0.005708773038350046,True,Exact PennyLane symbolic/CSR path with label aggregation.
4,150,128,400,246,penny_diagonal_fcim,classical,1.3664312851871885,69.53125,7.738301064819098e-05,True,Exact diagonal FCIM path; no dense eigendecomposition.
4,150,128,400,247,penny_exact_aggregate,quantum,1.3301830294984374,87.5,0.005274639988783747,True,Exact PennyLane symbolic/CSR path with label aggregation.
4,150,128,400,247,penny_diagonal_fcim,classical,1.3664277349727478,69.53125,7.553299656137824e-05,True,Exact diagonal FCIM path; no dense eigendecomposition.
4,150,128,400,248,penny_exact_aggregate,quantum,1.3301737900747173,87.5,0.005745865986682475,True,Exact PennyLane symbolic/CSR path with label aggregation.
4,150,128,400,248,penny_diagonal_fcim,classical,1.3664242720454172,69.53125,7.852300768718123e-05,True,Exact diagonal FCIM path; no dense eigendecomposition.
4,150,128,400,249,penny_exact_aggregate,quantum,1.3301647679732453,87.5,0.00534195703221485,True,Exact PennyLane symbolic/CSR path with label aggregation.
4,150,128,400,249,penny_diagonal_fcim,classical,1.3664208942485359,69.53125,7.50029576011002e-05,True,Exact diagonal FCIM path; no dense eigendecomposition.
4,150,128,400,250,penny_exact_aggregate,quantum,1.3301559580344717,87.5,0.005526469962205738,True,Exact PennyLane symbolic/CSR path with label aggregation.
4,150,128,400,250,penny_diagonal_fcim,classical,1.366417599479013,69.53125,7.364497287198901e-05,True,Exact diagonal FCIM path; no dense eigendecomposition.
4,150,128,400,251,penny_exact_aggregate,quantum,1.3301473552226901,87.5,0.005289360997267067,True,Exact PennyLane symbolic/CSR path with label aggregation.
4,150,128,400,251,penny_diagonal_fcim,classical,1.366414385685988,69.53125,0.00010440900223329663,True,Exact diagonal FCIM path; no dense eigendecomposition.
4,150,128,400,252,penny_exact_aggregate,quantum,1.3301389546230171,87.5,0.005768048984464258,True,Exact PennyLane symbolic/CSR path with label aggregation.
4,150,128,400,252,penny_diagonal_fcim,classical,1.3664112508695268,69.53125,7.945002289488912e-05,True,Exact diagonal FCIM path; no dense eigendecomposition.
4,150,128,400,253,penny_exact_aggregate,quantum,1.3301307514384644,87.5,0.005486403009854257,True,Exact PennyLane symbolic/CSR path with label aggregation.
4,150,128,400,253,penny_diagonal_fcim,classical,1.3664081930793492,69.53125,8.635199628770351e-05,True,Exact diagonal FCIM path; no dense eigendecomposition.
4,150,128,400,254,penny_exact_aggregate,quantum,1.3301227409870706,87.5,0.005768864008132368,True,Exact PennyLane symbolic/CSR path with label aggregation.
4,150,128,400,254,penny_diagonal_fcim,classical,1.3664052104135906,69.53125,7.940700743347406e-05,True,Exact diagonal FCIM path; no dense eigendecomposition.
4,150,128,400,255,penny_exact_aggregate,quantum,1.3301149186991097,87.5,0.0054867229773662984,True,Exact PennyLane symbolic/CSR path with label aggregation.
4,150,128,400,255,penny_diagonal_fcim,classical,1.3664023010175912,69.53125,7.89809855632484e-05,True,Exact diagonal FCIM path; no dense eigendecomposition.
4,150,128,400,256,penny_exact_aggregate,quantum,1.3301072801143667,87.5,0.005573481961619109,True,Exact PennyLane symbolic/CSR path with label aggregation.
4,150,128,400,256,penny_diagonal_fcim,classical,1.36639946308272,69.53125,0.0001023770309984684,True,Exact diagonal FCIM path; no dense eigendecomposition.
4,150,128,400,257,penny_exact_aggregate,quantum,1.3300998208794796,87.5,0.005504163971636444,True,Exact PennyLane symbolic/CSR path with label aggregation.
4,150,128,400,257,penny_diagonal_fcim,classical,1.366396694845223,69.53125,6.731197936460376e-05,True,Exact diagonal FCIM path; no dense eigendecomposition.
4,150,128,400,258,penny_exact_aggregate,quantum,1.3300925367453482,87.5,0.005536559969186783,True,Exact PennyLane symbolic/CSR path with label aggregation.
4,150,128,400,258,penny_diagonal_fcim,classical,1.3663939945851071,69.53125,8.01829737611115e-05,True,Exact diagonal FCIM path; no dense eigendecomposition.
4,150,128,400,259,penny_exact_aggregate,quantum,1.330085423564602,87.5,0.005568970984313637,True,Exact PennyLane symbolic/CSR path with label aggregation.
4,150,128,400,259,penny_diagonal_fcim,classical,1.366391360625045,69.53125,6.816699169576168e-05,True,Exact diagonal FCIM path; no dense eigendecomposition.
4,150,128,400,260,penny_exact_aggregate,quantum,1.3300784772891432,87.5,0.005471177981235087,True,Exact PennyLane symbolic/CSR path with label aggregation.
4,150,128,400,260,penny_diagonal_fcim,classical,1.3663887913293125,69.53125,8.073600474745035e-05,True,Exact diagonal FCIM path; no dense eigendecomposition.
4,150,128,400,261,penny_exact_aggregate,quantum,1.3300716939677337,87.5,0.005551794019993395,True,Exact PennyLane symbolic/CSR path with label aggregation.
4,150,128,400,261,penny_diagonal_fcim,classical,1.3663862851027502,69.53125,7.031502900645137e-05,True,Exact diagonal FCIM path; no dense eigendecomposition.
4,150,128,400,262,penny_exact_aggregate,quantum,1.3300650697436487,87.5,0.005527776025701314,True,Exact PennyLane symbolic/CSR path with label aggregation.
4,150,128,400,262,penny_diagonal_fcim,classical,1.3663838403897526,69.53125,8.906697621569037e-05,True,Exact diagonal FCIM path; no dense eigendecomposition.
4,150,128,400,263,penny_exact_aggregate,quantum,1.3300586008523951,87.5,0.005563037993852049,True,Exact PennyLane symbolic/CSR path with label aggregation.
4,150,128,400,263,penny_diagonal_fcim,classical,1.3663814556732812,69.53125,7.078400813043118e-05,True,Exact diagonal FCIM path; no dense eigendecomposition.
4,150,128,400,264,penny_exact_aggregate,quantum,1.3300522836194704,87.5,0.005300557008013129,True,Exact PennyLane symbolic/CSR path with label aggregation.
4,150,128,400,264,penny_diagonal_fcim,classical,1.366379129473903,69.53125,0.00012131599942222238,True,Exact diagonal FCIM path; no dense eigendecomposition.
4,150,128,400,265,penny_exact_aggregate,quantum,1.3300461144581925,87.5,0.006251749990042299,True,Exact PennyLane symbolic/CSR path with label aggregation.
4,150,128,400,265,penny_diagonal_fcim,classical,1.3663768603488529,69.53125,7.213099161162972e-05,True,Exact diagonal FCIM path; no dense eigendecomposition.
4,150,128,400,266,penny_exact_aggregate,quantum,1.3300400898675715,87.5,0.005535012984182686,True,Exact PennyLane symbolic/CSR path with label aggregation.
4,150,128,400,266,penny_diagonal_fcim,classical,1.366374646891121,69.53125,0.0001310589723289013,True,Exact diagonal FCIM path; no dense eigendecomposition.
4,150,128,400,267,penny_exact_aggregate,quantum,1.3300342064302364,87.5,0.006569271034095436,True,Exact PennyLane symbolic/CSR path with label aggregation.
4,150,128,400,267,penny_diagonal_fcim,classical,1.3663724877285608,69.53125,7.41640105843544e-05,True,Exact diagonal FCIM path; no dense eigendecomposition.
4,150,128,400,268,penny_exact_aggregate,quantum,1.3300284608104223,87.5,0.005452719982713461,True,Exact PennyLane symbolic/CSR path with label aggregation.
4,150,128,400,268,penny_diagonal_fcim,classical,1.3663703815230197,69.53125,8.188898209482431e-05,True,Exact diagonal FCIM path; no dense eigendecomposition.
4,150,128,400,269,penny_exact_aggregate,quantum,1.3300228497519873,87.5,0.005411944002844393,True,Exact PennyLane symbolic/CSR path with label aggregation.
4,150,128,400,269,penny_diagonal_fcim,classical,1.3663683269694937,69.53125,7.183599518612027e-05,True,Exact diagonal FCIM path; no dense eigendecomposition.
4,150,128,400,270,penny_exact_aggregate,quantum,1.3300173700764932,87.5,0.005444477952551097,True,Exact PennyLane symbolic/CSR path with label aggregation.
4,150,128,400,270,penny_diagonal_fcim,classical,1.3663663227953007,69.53125,8.135702228173614e-05,True,Exact diagonal FCIM path; no dense eigendecomposition.
4,150,128,400,271,penny_exact_aggregate,quantum,1.3300120186813364,87.5,0.005576098978053778,True,Exact PennyLane symbolic/CSR path with label aggregation.
4,150,128,400,271,penny_diagonal_fcim,classical,1.366364367759276,69.53125,6.928999209776521e-05,True,Exact diagonal FCIM path; no dense eigendecomposition.
4,150,128,400,272,penny_exact_aggregate,quantum,1.330006792537909,87.5,0.005488424969371408,True,Exact PennyLane symbolic/CSR path with label aggregation.
4,150,128,400,272,penny_diagonal_fcim,classical,1.3663624606509877,69.53125,8.702202467247844e-05,True,Exact diagonal FCIM path; no dense eigendecomposition.
4,150,128,400,273,penny_exact_aggregate,quantum,1.3300016886898114,87.5,0.005444432026706636,True,Exact PennyLane symbolic/CSR path with label aggregation.
4,150,128,400,273,penny_diagonal_fcim,classical,1.3663606002899709,69.53125,7.294205715879798e-05,True,Exact diagonal FCIM path; no dense eigendecomposition.
4,150,128,400,274,penny_exact_aggregate,quantum,1.3299967042511223,87.5,0.005401709000580013,True,Exact PennyLane symbolic/CSR path with label aggregation.
4,150,128,400,274,penny_diagonal_fcim,classical,1.366358785524982,69.53125,7.590098539367318e-05,True,Exact diagonal FCIM path; no dense eigendecomposition.
4,150,128,400,275,penny_exact_aggregate,quantum,1.3299918364046879,87.5,0.005554807023145258,True,Exact PennyLane symbolic/CSR path with label aggregation.
4,150,128,400,275,penny_diagonal_fcim,classical,1.3663570152332718,69.53125,7.327197818085551e-05,True,Exact diagonal FCIM path; no dense eigendecomposition.
4,150,128,400,276,penny_exact_aggregate,quantum,1.3299870824004687,87.5,0.005392550025135279,True,Exact PennyLane symbolic/CSR path with label aggregation.
4,150,128,400,276,penny_diagonal_fcim,classical,1.3663552883198764,69.53125,7.678801193833351e-05,True,Exact diagonal FCIM path; no dense eigendecomposition.
4,150,128,400,277,penny_exact_aggregate,quantum,1.329982439553922,87.5,0.0056815160205587745,True,Exact PennyLane symbolic/CSR path with label aggregation.
4,150,128,400,277,penny_diagonal_fcim,classical,1.3663536037169248,69.53125,7.582904072478414e-05,True,Exact diagonal FCIM path; no dense eigendecomposition.
4,150,128,400,278,penny_exact_aggregate,quantum,1.3299779052444256,87.5,0.005225048982538283,True,Exact PennyLane symbolic/CSR path with label aggregation.
4,150,128,400,278,penny_diagonal_fcim,classical,1.3663519603829668,69.53125,7.832504343241453e-05,True,Exact diagonal FCIM path; no dense eigendecomposition.
4,150,128,400,279,penny_exact_aggregate,quantum,1.3299734769137337,87.5,0.005568513995967805,True,Exact PennyLane symbolic/CSR path with label aggregation.
4,150,128,400,279,penny_diagonal_fcim,classical,1.3663503573023132,70.3125,7.333100074902177e-05,True,Exact diagonal FCIM path; no dense eigendecomposition.
4,150,128,400,280,penny_exact_aggregate,quantum,1.3299691520644823,87.5,0.0053101739613339305,True,Exact PennyLane symbolic/CSR path with label aggregation.
4,150,128,400,280,penny_diagonal_fcim,classical,1.3663487934843983,70.3125,7.022300269454718e-05,True,Exact diagonal FCIM path; no dense eigendecomposition.
4,150,128,400,281,penny_exact_aggregate,quantum,1.329964928258715,87.5,0.005441572982817888,True,Exact PennyLane symbolic/CSR path with label aggregation.
4,150,128,400,281,penny_diagonal_fcim,classical,1.3663472679631519,70.3125,7.696897955611348e-05,True,Exact diagonal FCIM path; no dense eigendecomposition.
4,150,128,400,282,penny_exact_aggregate,quantum,1.3299608031164647,87.5,0.005492550029885024,True,Exact PennyLane symbolic/CSR path with label aggregation.
4,150,128,400,282,penny_diagonal_fcim,classical,1.3663457797963932,70.3125,6.984802894294262e-05,True,Exact diagonal FCIM path; no dense eigendecomposition.
4,150,128,400,283,penny_exact_aggregate,quantum,1.3299567743143499,87.5,0.005618643015623093,True,Exact PennyLane symbolic/CSR path with label aggregation.
4,150,128,400,283,penny_diagonal_fcim,classical,1.3663443280652339,70.3125,7.626804290339351e-05,True,Exact diagonal FCIM path; no dense eigendecomposition.
4,150,128,400,284,penny_exact_aggregate,quantum,1.3299528395842228,87.5,0.005446058989036828,True,Exact PennyLane symbolic/CSR path with label aggregation.
4,150,128,400,284,penny_diagonal_fcim,classical,1.3663429118735029,70.3125,7.31120235286653e-05,True,Exact diagonal FCIM path; no dense eigendecomposition.
4,150,128,400,285,penny_exact_aggregate,quantum,1.3299489967118263,87.5,0.005436821025796235,True,Exact PennyLane symbolic/CSR path with label aggregation.
4,150,128,400,285,penny_diagonal_fcim,classical,1.3663415303471784,70.3125,7.558194920420647e-05,True,Exact diagonal FCIM path; no dense eigendecomposition.
4,150,128,400,286,penny_exact_aggregate,quantum,1.3299452435355206,87.5,0.005922821001149714,True,Exact PennyLane symbolic/CSR path with label aggregation.
4,150,128,400,286,penny_diagonal_fcim,classical,1.366340182633839,70.3125,7.273699156939983e-05,True,Exact diagonal FCIM path; no dense eigendecomposition.
4,150,128,400,287,penny_exact_aggregate,quantum,1.3299415779450028,87.5,0.0058393500512465835,True,Exact PennyLane symbolic/CSR path with label aggregation.
4,150,128,400,287,penny_diagonal_fcim,classical,1.3663388679021276,70.3125,9.704200783744454e-05,True,Exact diagonal FCIM path; no dense eigendecomposition.
4,150,128,400,288,penny_exact_aggregate,quantum,1.3299379978800783,87.5,0.005415341001935303,True,Exact PennyLane symbolic/CSR path with label aggregation.
4,150,128,400,288,penny_diagonal_fcim,classical,1.3663375853412267,70.3125,7.025199010968208e-05,True,Exact diagonal FCIM path; no dense eigendecomposition.
4,150,128,400,289,penny_exact_aggregate,quantum,1.3299345013294679,87.5,0.005570656969211996,True,Exact PennyLane symbolic/CSR path with label aggregation.
4,150,128,400,289,penny_diagonal_fcim,classical,1.3663363341603498,70.3125,7.990299491211772e-05,True,Exact diagonal FCIM path; no dense eigendecomposition.
4,150,128,400,290,penny_exact_aggregate,quantum,1.329931086329616,87.5,0.005318536015693098,True,Exact PennyLane symbolic/CSR path with label aggregation.
4,150,128,400,290,penny_diagonal_fcim,classical,1.3663351135882422,69.53125,7.07210274413228e-05,True,Exact diagonal FCIM path; no dense eigendecomposition.
4,150,128,400,291,penny_exact_aggregate,quantum,1.3299277509635594,87.5,0.005858049960806966,True,Exact PennyLane symbolic/CSR path with label aggregation.
4,150,128,400,291,penny_diagonal_fcim,classical,1.3663339228726976,69.53125,7.867999374866486e-05,True,Exact diagonal FCIM path; no dense eigendecomposition.
4,150,128,400,292,penny_exact_aggregate,quantum,1.3299244933598082,87.5,0.00550428096903488,True,Exact PennyLane symbolic/CSR path with label aggregation.
4,150,128,400,292,penny_diagonal_fcim,classical,1.3663327612800853,69.53125,6.757600931450725e-05,True,Exact diagonal FCIM path; no dense eigendecomposition.
4,150,128,400,293,penny_exact_aggregate,quantum,1.329921311691252,87.5,0.005278442986309528,True,Exact PennyLane symbolic/CSR path with label aggregation.
4,150,128,400,293,penny_diagonal_fcim,classical,1.3663316280948867,69.53125,7.991300662979484e-05,True,Exact diagonal FCIM path; no dense eigendecomposition.
4,150,128,400,294,penny_exact_aggregate,quantum,1.3299182041740947,87.5,0.005337723006960005,True,Exact PennyLane symbolic/CSR path with label aggregation.
4,150,128,400,294,penny_diagonal_fcim,classical,1.3663305226192488,69.53125,7.215200457721949e-05,True,Exact diagonal FCIM path; no dense eigendecomposition.
4,150,128,400,295,penny_exact_aggregate,quantum,1.329915169066826,87.5,0.005341985961422324,True,Exact PennyLane symbolic/CSR path with label aggregation.
4,150,128,400,295,penny_diagonal_fcim,classical,1.3663294441725442,69.53125,8.904800051823258e-05,True,Exact diagonal FCIM path; no dense eigendecomposition.
4,150,128,400,296,penny_exact_aggregate,quantum,1.329912204669197,87.5,0.005428547039628029,True,Exact PennyLane symbolic/CSR path with label aggregation.
4,150,128,400,296,penny_diagonal_fcim,classical,1.3663283920909437,70.3125,7.620500400662422e-05,True,Exact diagonal FCIM path; no dense eigendecomposition.
4,150,128,400,297,penny_exact_aggregate,quantum,1.329909309321239,87.5,0.005322471959516406,True,Exact PennyLane symbolic/CSR path with label aggregation.
4,150,128,400,297,penny_diagonal_fcim,classical,1.3663273657270003,70.3125,7.595901843160391e-05,True,Exact diagonal FCIM path; no dense eigendecomposition.
4,150,128,400,298,penny_exact_aggregate,quantum,1.3299064814023003,87.5,0.0054267969680950046,True,Exact PennyLane symbolic/CSR path with label aggregation.
4,150,128,400,298,penny_diagonal_fcim,classical,1.3663263644492418,70.3125,7.811601972207427e-05,True,Exact diagonal FCIM path; no dense eigendecomposition.
4,150,128,400,299,penny_exact_aggregate,quantum,1.3299037193301022,87.5,0.00528681802097708,True,Exact PennyLane symbolic/CSR path with label aggregation.
4,150,128,400,299,penny_diagonal_fcim,classical,1.3663253876417756,70.3125,7.675896631553769e-05,True,Exact diagonal FCIM path; no dense eigendecomposition.
4,150,128,400,300,penny_exact_aggregate,quantum,1.32990102155982,87.5,0.005434251972474158,True,Exact PennyLane symbolic/CSR path with label aggregation.
4,150,128,400,300,penny_diagonal_fcim,classical,1.3663244347039019,70.3125,7.722096052020788e-05,True,Exact diagonal FCIM path; no dense eigendecomposition.
4,150,128,400,301,penny_exact_aggregate,quantum,1.3298983865831893,87.5,0.00533047498902306,True,Exact PennyLane symbolic/CSR path with label aggregation.
4,150,128,400,301,penny_diagonal_fcim,classical,1.366323505049737,70.3125,8.483498822897673e-05,True,Exact diagonal FCIM path; no dense eigendecomposition.
4,150,128,400,302,penny_exact_aggregate,quantum,1.3298958129276344,87.5,0.00549173098988831,True,Exact PennyLane symbolic/CSR path with label aggregation.
4,150,128,400,302,penny_diagonal_fcim,classical,1.366322598107846,70.3125,7.703097071498632e-05,True,Exact diagonal FCIM path; no dense eigendecomposition.
4,150,128,400,303,penny_exact_aggregate,quantum,1.3298932991554102,87.5,0.0052808320033364,True,Exact PennyLane symbolic/CSR path with label aggregation.
4,150,128,400,303,penny_diagonal_fcim,classical,1.3663217133208845,70.3125,7.684697629883885e-05,True,Exact diagonal FCIM path; no dense eigendecomposition.
4,150,128,400,304,penny_exact_aggregate,quantum,1.3298908438627737,87.5,0.005317463946994394,True,Exact PennyLane symbolic/CSR path with label aggregation.
4,150,128,400,304,penny_diagonal_fcim,classical,1.3663208501452502,70.3125,7.711700163781643e-05,True,Exact diagonal FCIM path; no dense eigendecomposition.
4,150,128,400,305,penny_exact_aggregate,quantum,1.329888445679169,87.5,0.005914283043239266,True,Exact PennyLane symbolic/CSR path with label aggregation.
4,150,128,400,305,penny_diagonal_fcim,classical,1.366320008050741,70.3125,6.979203317314386e-05,True,Exact diagonal FCIM path; no dense eigendecomposition.
4,150,128,400,306,penny_exact_aggregate,quantum,1.3298861032664377,87.5,0.005329453037120402,True,Exact PennyLane symbolic/CSR path with label aggregation.
4,150,128,400,306,penny_diagonal_fcim,classical,1.366319186520224,70.3125,7.902603829279542e-05,True,Exact diagonal FCIM path; no dense eigendecomposition.
4,150,128,400,307,penny_exact_aggregate,quantum,1.3298838153180428,87.5,0.0054739530314691365,True,Exact PennyLane symbolic/CSR path with label aggregation.
4,150,128,400,307,penny_diagonal_fcim,classical,1.3663183850493112,70.3125,7.00770178809762e-05,True,Exact diagonal FCIM path; no dense eigendecomposition.
4,150,128,400,308,penny_exact_aggregate,quantum,1.3298815805583168,87.5,0.0060301710036583245,True,Exact PennyLane symbolic/CSR path with label aggregation.
4,150,128,400,308,penny_diagonal_fcim,classical,1.3663176031460453,70.3125,0.0001243489678017795,True,Exact diagonal FCIM path; no dense eigendecomposition.
4,150,128,400,309,penny_exact_aggregate,quantum,1.3298793977417231,87.5,0.005812217015773058,True,Exact PennyLane symbolic/CSR path with label aggregation.
4,150,128,400,309,penny_diagonal_fcim,classical,1.366316840330589,70.3125,7.157900836318731e-05,True,Exact diagonal FCIM path; no dense eigendecomposition.
4,150,128,400,310,penny_exact_aggregate,quantum,1.3298772656521345,87.5,0.005583113990724087,True,Exact PennyLane symbolic/CSR path with label aggregation.
4,150,128,400,310,penny_diagonal_fcim,classical,1.366316096134927,70.3125,7.935595931485295e-05,True,Exact diagonal FCIM path; no dense eigendecomposition.
4,150,128,400,311,penny_exact_aggregate,quantum,1.3298751831021407,87.5,0.005591250024735928,True,Exact PennyLane symbolic/CSR path with label aggregation.
4,150,128,400,311,penny_diagonal_fcim,classical,1.3663153701025728,70.3125,6.81260135024786e-05,True,Exact diagonal FCIM path; no dense eigendecomposition.
4,150,128,400,312,penny_exact_aggregate,quantum,1.329873148932354,87.5,0.00710821698885411,True,Exact PennyLane symbolic/CSR path with label aggregation.
4,150,128,400,312,penny_diagonal_fcim,classical,1.3663146617882838,70.3125,7.93539802543819e-05,True,Exact diagonal FCIM path; no dense eigendecomposition.
4,150,128,400,313,penny_exact_aggregate,quantum,1.3298711620107466,87.5,0.0055447249906137586,True,Exact PennyLane symbolic/CSR path with label aggregation.
4,150,128,400,313,penny_diagonal_fcim,classical,1.3663139707577812,70.3125,0.00010369898518547416,True,Exact diagonal FCIM path; no dense eigendecomposition.
4,150,128,400,314,penny_exact_aggregate,quantum,1.3298692212319985,87.5,0.007130851037800312,True,Exact PennyLane symbolic/CSR path with label aggregation.
4,150,128,400,314,penny_diagonal_fcim,classical,1.3663132965874811,70.3125,7.780099986121058e-05,True,Exact diagonal FCIM path; no dense eigendecomposition.
4,150,128,400,315,penny_exact_aggregate,quantum,1.3298673255168607,87.5,0.005490112002007663,True,Exact PennyLane symbolic/CSR path with label aggregation.
4,150,128,400,315,penny_diagonal_fcim,classical,1.366312638864228,70.3125,0.0001358439913019538,True,Exact diagonal FCIM path; no dense eigendecomposition.
4,150,128,400,316,penny_exact_aggregate,quantum,1.3298654738115334,87.5,0.0061526630306616426,True,Exact PennyLane symbolic/CSR path with label aggregation.
4,150,128,400,316,penny_diagonal_fcim,classical,1.3663119971850373,70.3125,0.00010083400411531329,True,Exact diagonal FCIM path; no dense eigendecomposition.
4,150,128,400,317,penny_exact_aggregate,quantum,1.3298636650870603,87.5,0.00540411495603621,True,Exact PennyLane symbolic/CSR path with label aggregation.
4,150,128,400,317,penny_diagonal_fcim,classical,1.3663113711568438,70.3125,7.782696047797799e-05,True,Exact diagonal FCIM path; no dense eigendecomposition.
4,150,128,400,318,penny_exact_aggregate,quantum,1.3298618983387387,87.5,0.005849123990628868,True,Exact PennyLane symbolic/CSR path with label aggregation.
4,150,128,400,318,penny_diagonal_fcim,classical,1.3663107603962568,70.3125,9.471800876781344e-05,True,Exact diagonal FCIM path; no dense eigendecomposition.
4,150,128,400,319,penny_exact_aggregate,quantum,1.3298601725855446,87.5,0.005570179026108235,True,Exact PennyLane symbolic/CSR path with label aggregation.
4,150,128,400,319,penny_diagonal_fcim,classical,1.3663101645293194,70.3125,7.606198778375983e-05,True,Exact diagonal FCIM path; no dense eigendecomposition.
4,150,128,400,320,penny_exact_aggregate,quantum,1.3298584868695604,87.5,0.005660611030180007,True,Exact PennyLane symbolic/CSR path with label aggregation.
4,150,128,400,320,penny_diagonal_fcim,classical,1.3663095831912773,70.3125,7.338100112974644e-05,True,Exact diagonal FCIM path; no dense eigendecomposition.
4,150,128,400,321,penny_exact_aggregate,quantum,1.3298568402554363,87.5,0.005729391006752849,True,Exact PennyLane symbolic/CSR path with label aggregation.
4,150,128,400,321,penny_diagonal_fcim,classical,1.3663090160263491,70.3125,7.489603012800217e-05,True,Exact diagonal FCIM path; no dense eigendecomposition.
4,150,128,400,322,penny_exact_aggregate,quantum,1.3298552318298467,87.5,0.006228448997717351,True,Exact PennyLane symbolic/CSR path with label aggregation.
4,150,128,400,322,penny_diagonal_fcim,classical,1.3663084626875055,70.3125,7.186504080891609e-05,True,Exact diagonal FCIM path; no dense eigendecomposition.
4,150,128,400,323,penny_exact_aggregate,quantum,1.3298536607009748,87.5,0.00651704496704042,True,Exact PennyLane symbolic/CSR path with label aggregation.
4,150,128,400,323,penny_diagonal_fcim,classical,1.3663079228362536,70.3125,8.313299622386694e-05,True,Exact diagonal FCIM path; no dense eigendecomposition.
4,150,128,400,324,penny_exact_aggregate,quantum,1.329852125997986,87.5,0.005511885043233633,True,Exact PennyLane symbolic/CSR path with label aggregation.
4,150,128,400,324,penny_diagonal_fcim,classical,1.3663073961424246,70.3125,7.056898903101683e-05,True,Exact diagonal FCIM path; no dense eigendecomposition.
4,150,128,400,325,penny_exact_aggregate,quantum,1.3298506268705466,87.5,0.006655553006567061,True,Exact PennyLane symbolic/CSR path with label aggregation.
4,150,128,400,325,penny_diagonal_fcim,classical,1.366306882283969,70.3125,8.232396794483066e-05,True,Exact diagonal FCIM path; no dense eigendecomposition.
4,150,128,400,326,penny_exact_aggregate,quantum,1.329849162488327,87.5,0.005554464005399495,True,Exact PennyLane symbolic/CSR path with label aggregation.
4,150,128,400,326,penny_diagonal_fcim,classical,1.3663063809467553,69.53125,6.791797932237387e-05,True,Exact diagonal FCIM path; no dense eigendecomposition.
4,150,128,400,327,penny_exact_aggregate,quantum,1.3298477320405293,87.5,0.006930932984687388,True,Exact PennyLane symbolic/CSR path with label aggregation.
4,150,128,400,327,penny_diagonal_fcim,classical,1.3663058918243753,69.53125,8.099200204014778e-05,True,Exact diagonal FCIM path; no dense eigendecomposition.
4,150,128,400,328,penny_exact_aggregate,quantum,1.3298463347354268,87.5,0.005550116999074817,True,Exact PennyLane symbolic/CSR path with label aggregation.
4,150,128,400,328,penny_diagonal_fcim,classical,1.3663054146179525,69.53125,7.376098074018955e-05,True,Exact diagonal FCIM path; no dense eigendecomposition.
4,150,128,400,329,penny_exact_aggregate,quantum,1.3298449697999044,87.5,0.005659835005644709,True,Exact PennyLane symbolic/CSR path with label aggregation.
4,150,128,400,329,penny_diagonal_fcim,classical,1.366304949035956,69.53125,7.917097536846995e-05,True,Exact diagonal FCIM path; no dense eigendecomposition.
4,150,128,400,330,penny_exact_aggregate,quantum,1.3298436364790214,87.5,0.005520085978787392,True,Exact PennyLane symbolic/CSR path with label aggregation.
4,150,128,400,330,penny_diagonal_fcim,classical,1.36630449479402,69.53125,7.052498403936625e-05,True,Exact diagonal FCIM path; no dense eigendecomposition.
4,150,128,400,331,penny_exact_aggregate,quantum,1.3298423340355825,87.5,0.006826178985647857,True,Exact PennyLane symbolic/CSR path with label aggregation.
4,150,128,400,331,penny_diagonal_fcim,classical,1.3663040516147658,69.53125,7.989304140210152e-05,True,Exact diagonal FCIM path; no dense eigendecomposition.
4,150,128,400,332,penny_exact_aggregate,quantum,1.3298410617497132,87.5,0.006188514002133161,True,Exact PennyLane symbolic/CSR path with label aggregation.
4,150,128,400,332,penny_diagonal_fcim,classical,1.3663036192276299,69.53125,7.000501500442624e-05,True,Exact diagonal FCIM path; no dense eigendecomposition.
4,150,128,400,333,penny_exact_aggregate,quantum,1.3298398189184488,87.5,0.007533850963227451,True,Exact PennyLane symbolic/CSR path with label aggregation.
4,150,128,400,333,penny_diagonal_fcim,classical,1.3663031973686963,69.53125,7.602502591907978e-05,True,Exact diagonal FCIM path; no dense eigendecomposition.
4,150,128,400,334,penny_exact_aggregate,quantum,1.3298386048553394,87.5,0.005494648008607328,True,Exact PennyLane symbolic/CSR path with label aggregation.
4,150,128,400,334,penny_diagonal_fcim,classical,1.3663027857805303,69.53125,0.00013537501217797399,True,Exact diagonal FCIM path; no dense eigendecomposition.
4,150,128,400,335,penny_exact_aggregate,quantum,1.3298374188900517,87.5,0.006670389964710921,True,Exact PennyLane symbolic/CSR path with label aggregation.
4,150,128,400,335,penny_diagonal_fcim,classical,1.3663023842120214,69.53125,7.961399387568235e-05,True,Exact diagonal FCIM path; no dense eigendecomposition.
4,150,128,400,336,penny_exact_aggregate,quantum,1.3298362603679896,87.5,0.005559284996706992,True,Exact PennyLane symbolic/CSR path with label aggregation.
4,150,128,400,336,penny_diagonal_fcim,classical,1.3663019924182254,69.53125,0.00013637804659083486,True,Exact diagonal FCIM path; no dense eigendecomposition.
4,150,128,400,337,penny_exact_aggregate,quantum,1.3298351286499241,87.5,0.005785095971077681,True,Exact PennyLane symbolic/CSR path with label aggregation.
4,150,128,400,337,penny_diagonal_fcim,classical,1.3663016101602121,69.53125,7.238303078338504e-05,True,Exact diagonal FCIM path; no dense eigendecomposition.
4,150,128,400,338,penny_exact_aggregate,quantum,1.3298340231116281,87.5,0.00529336096951738,True,Exact PennyLane symbolic/CSR path with label aggregation.
4,150,128,400,338,penny_diagonal_fcim,classical,1.3663012372049184,69.53125,7.60069815441966e-05,True,Exact diagonal FCIM path; no dense eigendecomposition.
4,150,128,400,339,penny_exact_aggregate,quantum,1.3298329431435163,87.5,0.00567397999111563,True,Exact PennyLane symbolic/CSR path with label aggregation.
4,150,128,400,339,penny_diagonal_fcim,classical,1.3663008733250015,69.53125,7.347803330048919e-05,True,Exact diagonal FCIM path; no dense eigendecomposition.
4,150,128,400,340,penny_exact_aggregate,quantum,1.3298318881503075,87.5,0.005377174005843699,True,Exact PennyLane symbolic/CSR path with label aggregation.
4,150,128,400,340,penny_diagonal_fcim,classical,1.3663005182987007,69.53125,7.6334981713444e-05,True,Exact diagonal FCIM path; no dense eigendecomposition.
4,150,128,400,341,penny_exact_aggregate,quantum,1.3298308575506792,87.5,0.005675186985172331,True,Exact PennyLane symbolic/CSR path with label aggregation.
4,150,128,400,341,penny_diagonal_fcim,classical,1.3663001719096965,69.53125,7.42310076020658e-05,True,Exact diagonal FCIM path; no dense eigendecomposition.
4,150,128,400,342,penny_exact_aggregate,quantum,1.3298298507769397,87.5,0.005839151970576495,True,Exact PennyLane symbolic/CSR path with label aggregation.
4,150,128,400,342,penny_diagonal_fcim,classical,1.3662998339469783,69.53125,7.614295464009047e-05,True,Exact diagonal FCIM path; no dense eigendecomposition.
4,150,128,400,343,penny_exact_aggregate,quantum,1.3298288672747076,87.5,0.005585880018770695,True,Exact PennyLane symbolic/CSR path with label aggregation.
4,150,128,400,343,penny_diagonal_fcim,classical,1.366299504204714,69.53125,7.349299266934395e-05,True,Exact diagonal FCIM path; no dense eigendecomposition.
4,150,128,400,344,penny_exact_aggregate,quantum,1.3298279065025955,87.5,0.006109455018304288,True,Exact PennyLane symbolic/CSR path with label aggregation.
4,150,128,400,344,penny_diagonal_fcim,classical,1.36629918248212,69.53125,0.00015105196507647634,True,Exact diagonal FCIM path; no dense eigendecomposition.
4,150,128,400,345,penny_exact_aggregate,quantum,1.3298269679318997,87.5,0.005533911054953933,True,Exact PennyLane symbolic/CSR path with label aggregation.
4,150,128,400,345,penny_diagonal_fcim,classical,1.36629886858334,69.53125,7.098104106262326e-05,True,Exact diagonal FCIM path; no dense eigendecomposition.
4,150,128,400,346,penny_exact_aggregate,quantum,1.3298260510463074,87.5,0.006525308010168374,True,Exact PennyLane symbolic/CSR path with label aggregation.
4,150,128,400,346,penny_diagonal_fcim,classical,1.3662985623173203,69.53125,8.432299364358187e-05,True,Exact diagonal FCIM path; no dense eigendecomposition.
4,150,128,400,347,penny_exact_aggregate,quantum,1.3298251553415987,87.5,0.005869273969437927,True,Exact PennyLane symbolic/CSR path with label aggregation.
4,150,128,400,347,penny_diagonal_fcim,classical,1.3662982634976943,69.53125,7.813196862116456e-05,True,Exact diagonal FCIM path; no dense eigendecomposition.
4,150,128,400,348,penny_exact_aggregate,quantum,1.3298242803253617,87.5,0.006513973989058286,True,Exact PennyLane symbolic/CSR path with label aggregation.
4,150,128,400,348,penny_diagonal_fcim,classical,1.3662979719426644,69.53125,8.277304004877806e-05,True,Exact diagonal FCIM path; no dense eigendecomposition.
4,150,128,400,349,penny_exact_aggregate,quantum,1.3298234255167158,87.5,0.005544721963815391,True,Exact PennyLane symbolic/CSR path with label aggregation.
4,150,128,400,349,penny_diagonal_fcim,classical,1.3662976874748916,69.53125,6.927200593054295e-05,True,Exact diagonal FCIM path; no dense eigendecomposition.
4,150,128,400,350,penny_exact_aggregate,quantum,1.3298225904460383,87.5,0.006426533975172788,True,Exact PennyLane symbolic/CSR path with label aggregation.
4,150,128,400,350,penny_diagonal_fcim,classical,1.3662974099213847,69.53125,8.238101145252585e-05,True,Exact diagonal FCIM path; no dense eigendecomposition.
4,150,128,400,351,penny_exact_aggregate,quantum,1.3298217746546948,87.5,0.006046512979082763,True,Exact PennyLane symbolic/CSR path with label aggregation.
4,150,128,400,351,penny_diagonal_fcim,classical,1.3662971391133933,69.53125,6.888300413265824e-05,True,Exact diagonal FCIM path; no dense eigendecomposition.
4,150,128,400,352,penny_exact_aggregate,quantum,1.3298209776947885,87.5,0.006499973009340465,True,Exact PennyLane symbolic/CSR path with label aggregation.
4,150,128,400,352,penny_diagonal_fcim,classical,1.3662968748863027,69.53125,8.063000859692693e-05,True,Exact diagonal FCIM path; no dense eigendecomposition.
4,150,128,400,353,penny_exact_aggregate,quantum,1.3298201991288996,87.5,0.00551262404769659,True,Exact PennyLane symbolic/CSR path with label aggregation.
4,150,128,400,353,penny_diagonal_fcim,classical,1.3662966170795339,69.53125,6.989302346482873e-05,True,Exact diagonal FCIM path; no dense eigendecomposition.
4,150,128,400,354,penny_exact_aggregate,quantum,1.3298194385298403,87.5,0.006787736027035862,True,Exact PennyLane symbolic/CSR path with label aggregation.
4,150,128,400,354,penny_diagonal_fcim,classical,1.366296365536442,69.53125,7.738498970866203e-05,True,Exact diagonal FCIM path; no dense eigendecomposition.
4,150,128,400,355,penny_exact_aggregate,quantum,1.3298186954804136,87.5,0.00548911199439317,True,Exact PennyLane symbolic/CSR path with label aggregation.
4,150,128,400,355,penny_diagonal_fcim,classical,1.366296120104221,69.53125,6.889697397127748e-05,True,Exact diagonal FCIM path; no dense eigendecomposition.
4,150,128,400,356,penny_exact_aggregate,quantum,1.3298179695731798,87.5,0.006934233999345452,True,Exact PennyLane symbolic/CSR path with label aggregation.
4,150,128,400,356,penny_diagonal_fcim,classical,1.3662958806338084,69.53125,7.819902384653687e-05,True,Exact diagonal FCIM path; no dense eigendecomposition.
4,150,128,400,357,penny_exact_aggregate,quantum,1.3298172604102212,87.5,0.005474168050568551,True,Exact PennyLane symbolic/CSR path with label aggregation.
4,150,128,400,357,penny_diagonal_fcim,classical,1.3662956469797938,69.53125,6.597302854061127e-05,True,Exact diagonal FCIM path; no dense eigendecomposition.
4,150,128,400,358,penny_exact_aggregate,quantum,1.329816567602926,87.5,0.0070325370179489255,True,Exact PennyLane symbolic/CSR path with label aggregation.
4,150,128,400,358,penny_diagonal_fcim,classical,1.3662954190003285,69.53125,9.381200652569532e-05,True,Exact diagonal FCIM path; no dense eigendecomposition.
4,150,128,400,359,penny_exact_aggregate,quantum,1.3298158907717583,87.5,0.005603484984021634,True,Exact PennyLane symbolic/CSR path with label aggregation.
4,150,128,400,359,penny_diagonal_fcim,classical,1.3662951965570378,69.53125,8.224399061873555e-05,True,Exact diagonal FCIM path; no dense eigendecomposition.
4,150,128,400,360,penny_exact_aggregate,quantum,1.3298152295460546,87.5,0.006846603995654732,True,Exact PennyLane symbolic/CSR path with label aggregation.
4,150,128,400,360,penny_diagonal_fcim,classical,1.3662949795149357,69.53125,7.600500248372555e-05,True,Exact diagonal FCIM path; no dense eigendecomposition.
4,150,128,400,361,penny_exact_aggregate,quantum,1.3298145835638098,87.5,0.005489250004757196,True,Exact PennyLane symbolic/CSR path with label aggregation.
4,150,128,400,361,penny_diagonal_fcim,classical,1.366294767742342,69.53125,9.698100620880723e-05,True,Exact diagonal FCIM path; no dense eigendecomposition.
4,150,128,400,362,penny_exact_aggregate,quantum,1.3298139524714716,87.5,0.006500691000837833,True,Exact PennyLane symbolic/CSR path with label aggregation.
4,150,128,400,362,penny_diagonal_fcim,classical,1.3662945611107995,69.53125,7.659400580450892e-05,True,Exact diagonal FCIM path; no dense eigendecomposition.
4,150,128,400,363,penny_exact_aggregate,quantum,1.329813335923747,87.5,0.0055058320285752416,True,Exact PennyLane symbolic/CSR path with label aggregation.
4,150,128,400,363,penny_diagonal_fcim,classical,1.3662943594949968,69.53125,0.00011102895950898528,True,Exact diagonal FCIM path; no dense eigendecomposition.
4,150,128,400,364,penny_exact_aggregate,quantum,1.3298127335834025,87.5,0.006503902026452124,True,Exact PennyLane symbolic/CSR path with label aggregation.
4,150,128,400,364,penny_diagonal_fcim,classical,1.3662941627726894,69.53125,7.553299656137824e-05,True,Exact diagonal FCIM path; no dense eigendecomposition.
4,150,128,400,365,penny_exact_aggregate,quantum,1.3298121451210778,87.5,0.005527671019081026,True,Exact PennyLane symbolic/CSR path with label aggregation.
4,150,128,400,365,penny_diagonal_fcim,classical,1.3662939708246253,69.53125,0.000135894981212914,True,Exact diagonal FCIM path; no dense eigendecomposition.
4,150,128,400,366,penny_exact_aggregate,quantum,1.3298115702151003,87.5,0.005976014013867825,True,Exact PennyLane symbolic/CSR path with label aggregation.
4,150,128,400,366,penny_diagonal_fcim,classical,1.3662937835344704,69.53125,7.616303628310561e-05,True,Exact diagonal FCIM path; no dense eigendecomposition.
4,150,128,400,367,penny_exact_aggregate,quantum,1.3298110085513017,87.5,0.0054884140263311565,True,Exact PennyLane symbolic/CSR path with label aggregation.
4,150,128,400,367,penny_diagonal_fcim,classical,1.3662936007887372,69.53125,0.00011728302342817187,True,Exact diagonal FCIM path; no dense eigendecomposition.
4,150,128,400,368,penny_exact_aggregate,quantum,1.3298104598228448,87.5,0.005544591986108571,True,Exact PennyLane symbolic/CSR path with label aggregation.
4,150,128,400,368,penny_diagonal_fcim,classical,1.3662934224767154,69.53125,7.348402868956327e-05,True,Exact diagonal FCIM path; no dense eigendecomposition.
4,150,128,400,369,penny_exact_aggregate,quantum,1.3298099237300507,87.5,0.0055076509597711265,True,Exact PennyLane symbolic/CSR path with label aggregation.
4,150,128,400,369,penny_diagonal_fcim,classical,1.366293248490403,69.53125,7.70650221966207e-05,True,Exact diagonal FCIM path; no dense eigendecomposition.
4,150,128,400,370,penny_exact_aggregate,quantum,1.3298093999802254,87.5,0.005603397963568568,True,Exact PennyLane symbolic/CSR path with label aggregation.
4,150,128,400,370,penny_diagonal_fcim,classical,1.3662930787244398,69.53125,8.051499025896192e-05,True,Exact diagonal FCIM path; no dense eigendecomposition.
4,150,128,400,371,penny_exact_aggregate,quantum,1.329808888287507,87.5,0.005397933011408895,True,Exact PennyLane symbolic/CSR path with label aggregation.
4,150,128,400,371,penny_diagonal_fcim,classical,1.3662929130760428,69.53125,7.771200034767389e-05,True,Exact diagonal FCIM path; no dense eigendecomposition.
4,150,128,400,372,penny_exact_aggregate,quantum,1.3298083883726917,87.5,0.005633060995023698,True,Exact PennyLane symbolic/CSR path with label aggregation.
4,150,128,400,372,penny_diagonal_fcim,classical,1.3662927514449428,69.53125,7.630803156644106e-05,True,Exact diagonal FCIM path; no dense eigendecomposition.
4,150,128,400,373,penny_exact_aggregate,quantum,1.329807899963086,87.5,0.005348211037926376,True,Exact PennyLane symbolic/CSR path with label aggregation.
4,150,128,400,373,penny_diagonal_fcim,classical,1.3662925937333221,69.53125,7.963599637150764e-05,True,Exact diagonal FCIM path; no dense eigendecomposition.
4,150,128,400,374,penny_exact_aggregate,quantum,1.3298074227923533,87.5,0.005608057021163404,True,Exact PennyLane symbolic/CSR path with label aggregation.
4,150,128,400,374,penny_diagonal_fcim,classical,1.366292439845755,69.53125,7.926003308966756e-05,True,Exact diagonal FCIM path; no dense eigendecomposition.
4,150,128,400,375,penny_exact_aggregate,quantum,1.329806956600359,87.5,0.005359626957215369,True,Exact PennyLane symbolic/CSR path with label aggregation.
4,150,128,400,375,penny_diagonal_fcim,classical,1.366292289689149,69.53125,7.728097261860967e-05,True,Exact diagonal FCIM path; no dense eigendecomposition.
4,150,128,400,376,penny_exact_aggregate,quantum,1.3298065011330331,87.5,0.005669623962603509,True,Exact PennyLane symbolic/CSR path with label aggregation.
4,150,128,400,376,penny_diagonal_fcim,classical,1.3662921431726869,69.53125,7.920298958197236e-05,True,Exact diagonal FCIM path; no dense eigendecomposition.
4,150,128,400,377,penny_exact_aggregate,quantum,1.329806056142223,87.5,0.005347160971723497,True,Exact PennyLane symbolic/CSR path with label aggregation.
4,150,128,400,377,penny_diagonal_fcim,classical,1.366292000207772,69.53125,7.777003338560462e-05,True,Exact diagonal FCIM path; no dense eigendecomposition.
4,150,128,400,378,penny_exact_aggregate,quantum,1.3298056213855514,87.5,0.005655628978274763,True,Exact PennyLane symbolic/CSR path with label aggregation.
4,150,128,400,378,penny_diagonal_fcim,classical,1.366291860707972,69.53125,7.716298568993807e-05,True,Exact diagonal FCIM path; no dense eigendecomposition.
4,150,128,400,379,penny_exact_aggregate,quantum,1.329805196626289,87.5,0.005803128995466977,True,Exact PennyLane symbolic/CSR path with label aggregation.
4,150,128,400,379,penny_diagonal_fcim,classical,1.3662917245889676,69.53125,7.846200605854392e-05,True,Exact diagonal FCIM path; no dense eigendecomposition.
4,150,128,400,380,penny_exact_aggregate,quantum,1.329804781633215,87.5,0.005696429987438023,True,Exact PennyLane symbolic/CSR path with label aggregation.
4,150,128,400,380,penny_diagonal_fcim,classical,1.366291591768499,69.53125,7.265701424330473e-05,True,Exact diagonal FCIM path; no dense eigendecomposition.
4,150,128,400,381,penny_exact_aggregate,quantum,1.3298043761804923,87.5,0.006082499981857836,True,Exact PennyLane symbolic/CSR path with label aggregation.
4,150,128,400,381,penny_diagonal_fcim,classical,1.3662914621663176,69.53125,7.7195989433676e-05,True,Exact diagonal FCIM path; no dense eigendecomposition.
4,150,128,400,382,penny_exact_aggregate,quantum,1.3298039800475414,87.5,0.005922716984059662,True,Exact PennyLane symbolic/CSR path with label aggregation.
4,150,128,400,382,penny_diagonal_fcim,classical,1.3662913357041333,69.53125,7.556797936558723e-05,True,Exact diagonal FCIM path; no dense eigendecomposition.
4,150,128,400,383,penny_exact_aggregate,quantum,1.329803593018909,87.5,0.006526299985125661,True,Exact PennyLane symbolic/CSR path with label aggregation.
4,150,128,400,383,penny_diagonal_fcim,classical,1.36629121230557,69.53125,0.00012146699009463191,True,Exact diagonal FCIM path; no dense eigendecomposition.
4,150,128,400,384,penny_exact_aggregate,quantum,1.3298032148841603,87.5,0.006087101006414741,True,Exact PennyLane symbolic/CSR path with label aggregation.
4,150,128,400,384,penny_diagonal_fcim,classical,1.3662910918961164,69.53125,7.36539950594306e-05,True,Exact diagonal FCIM path; no dense eigendecomposition.
4,150,128,400,385,penny_exact_aggregate,quantum,1.329802845437753,87.5,0.006501092982944101,True,Exact PennyLane symbolic/CSR path with label aggregation.
4,150,128,400,385,penny_diagonal_fcim,classical,1.3662909744030807,69.53125,8.050602627918124e-05,True,Exact diagonal FCIM path; no dense eigendecomposition.
4,150,128,400,386,penny_exact_aggregate,quantum,1.3298024844789271,87.5,0.005519673984963447,True,Exact PennyLane symbolic/CSR path with label aggregation.
4,150,128,400,386,penny_diagonal_fcim,classical,1.3662908597555465,69.53125,6.97649666108191e-05,True,Exact diagonal FCIM path; no dense eigendecomposition.
4,150,128,400,387,penny_exact_aggregate,quantum,1.3298021318115882,87.5,0.006585360039025545,True,Exact PennyLane symbolic/CSR path with label aggregation.
4,150,128,400,387,penny_diagonal_fcim,classical,1.366290747884329,69.53125,8.423399413004518e-05,True,Exact diagonal FCIM path; no dense eigendecomposition.
4,150,128,400,388,penny_exact_aggregate,quantum,1.3298017872441994,87.5,0.005553139024414122,True,Exact PennyLane symbolic/CSR path with label aggregation.
4,150,128,400,388,penny_diagonal_fcim,classical,1.3662906387219316,69.53125,7.166998693719506e-05,True,Exact diagonal FCIM path; no dense eigendecomposition.
4,150,128,400,389,penny_exact_aggregate,quantum,1.3298014505896814,87.5,0.006509812956210226,True,Exact PennyLane symbolic/CSR path with label aggregation.
4,150,128,400,389,penny_diagonal_fcim,classical,1.3662905322025067,69.53125,8.136604446917772e-05,True,Exact diagonal FCIM path; no dense eigendecomposition.
4,150,128,400,390,penny_exact_aggregate,quantum,1.3298011216652983,87.5,0.005567453044932336,True,Exact PennyLane symbolic/CSR path with label aggregation.
4,150,128,400,390,penny_diagonal_fcim,classical,1.366290428261813,69.53125,6.882898742333055e-05,True,Exact diagonal FCIM path; no dense eigendecomposition.
4,150,128,400,391,penny_exact_aggregate,quantum,1.3298008002925612,87.5,0.006523135001771152,True,Exact PennyLane symbolic/CSR path with label aggregation.
4,150,128,400,391,penny_diagonal_fcim,classical,1.366290326837177,69.53125,9.807402966544032e-05,True,Exact diagonal FCIM path; no dense eigendecomposition.
4,150,128,400,392,penny_exact_aggregate,quantum,1.329800486297131,87.5,0.005526082997675985,True,Exact PennyLane symbolic/CSR path with label aggregation.
4,150,128,400,392,penny_diagonal_fcim,classical,1.3662902278674556,69.53125,7.338705472648144e-05,True,Exact diagonal FCIM path; no dense eigendecomposition.
4,150,128,400,393,penny_exact_aggregate,quantum,1.329800179508715,87.5,0.006679016980342567,True,Exact PennyLane symbolic/CSR path with label aggregation.
4,150,128,400,393,penny_diagonal_fcim,classical,1.3662901312929958,69.53125,9.454099927097559e-05,True,Exact diagonal FCIM path; no dense eigendecomposition.
4,150,128,400,394,penny_exact_aggregate,quantum,1.329799879760976,87.5,0.005490738025400788,True,Exact PennyLane symbolic/CSR path with label aggregation.
4,150,128,400,394,penny_diagonal_fcim,classical,1.3662900370556026,69.53125,7.021095370873809e-05,True,Exact diagonal FCIM path; no dense eigendecomposition.
4,150,128,400,395,penny_exact_aggregate,quantum,1.3297995868914416,87.5,0.0067288680002093315,True,Exact PennyLane symbolic/CSR path with label aggregation.
4,150,128,400,395,penny_diagonal_fcim,classical,1.3662899450984982,69.53125,8.199299918487668e-05,True,Exact diagonal FCIM path; no dense eigendecomposition.
4,150,128,400,396,penny_exact_aggregate,quantum,1.3297993007414082,87.5,0.005481583997607231,True,Exact PennyLane symbolic/CSR path with label aggregation.
4,150,128,400,396,penny_diagonal_fcim,classical,1.3662898553662912,69.53125,6.945000495761633e-05,True,Exact diagonal FCIM path; no dense eigendecomposition.
4,150,128,400,397,penny_exact_aggregate,quantum,1.3297990211558615,87.5,0.0068142819800414145,True,Exact PennyLane symbolic/CSR path with label aggregation.
4,150,128,400,397,penny_diagonal_fcim,classical,1.366289767804941,69.53125,7.880700286477804e-05,True,Exact diagonal FCIM path; no dense eigendecomposition.
4,150,128,400,398,penny_exact_aggregate,quantum,1.32979874798338,87.5,0.005420203029643744,True,Exact PennyLane symbolic/CSR path with label aggregation.
4,150,128,400,398,penny_diagonal_fcim,classical,1.3662896823617245,69.53125,6.716098869219422e-05,True,Exact diagonal FCIM path; no dense eigendecomposition.
4,150,128,400,399,penny_exact_aggregate,quantum,1.3297984810760588,87.5,0.0067652189754880965,True,Exact PennyLane symbolic/CSR path with label aggregation.
4,150,128,400,399,penny_diagonal_fcim,classical,1.3662895989852042,69.53125,9.391398634761572e-05,True,Exact diagonal FCIM path; no dense eigendecomposition.
4,150,128,400,0,penny_chebyshev_matrix_free,quantum,1.4874053001403809,55.46875,0.05470674595562741,True,Approximate matrix-free Chebyshev path; adaptive degree=10.
4,150,128,400,1,penny_chebyshev_matrix_free,quantum,1.4837119579315186,55.46875,0.05391482700360939,True,Approximate matrix-free Chebyshev path; adaptive degree=10.
4,150,128,400,2,penny_chebyshev_matrix_free,quantum,1.4800981283187866,55.46875,0.0540278060361743,True,Approximate matrix-free Chebyshev path; adaptive degree=10.
4,150,128,400,3,penny_chebyshev_matrix_free,quantum,1.4765632152557373,56.25,0.05102456297026947,True,Approximate matrix-free Chebyshev path; adaptive degree=10.
4,150,128,400,4,penny_chebyshev_matrix_free,quantum,1.4731050729751587,58.59375,0.054896391986403614,True,Approximate matrix-free Chebyshev path; adaptive degree=10.
4,150,128,400,5,penny_chebyshev_matrix_free,quantum,1.4697234630584717,58.59375,0.05270205199485645,True,Approximate matrix-free Chebyshev path; adaptive degree=10.
4,150,128,400,6,penny_chebyshev_matrix_free,quantum,1.4664156436920166,60.15625,0.053528364980593324,True,Approximate matrix-free Chebyshev path; adaptive degree=10.
4,150,128,400,7,penny_chebyshev_matrix_free,quantum,1.4631811380386353,60.9375,0.0540784010081552,True,Approximate matrix-free Chebyshev path; adaptive degree=10.
4,150,128,400,8,penny_chebyshev_matrix_free,quantum,1.460018515586853,60.9375,0.05388593900715932,True,Approximate matrix-free Chebyshev path; adaptive degree=10.
4,150,128,400,9,penny_chebyshev_matrix_free,quantum,1.4569262266159058,60.9375,0.05505651899147779,True,Approximate matrix-free Chebyshev path; adaptive degree=10.
4,150,128,400,10,penny_chebyshev_matrix_free,quantum,1.4539037942886353,60.9375,0.04876131901983172,True,Approximate matrix-free Chebyshev path; adaptive degree=10.
4,150,128,400,11,penny_chebyshev_matrix_free,quantum,1.4509479999542236,60.9375,0.050454023003112525,True,Approximate matrix-free Chebyshev path; adaptive degree=10.
4,150,128,400,12,penny_chebyshev_matrix_free,quantum,1.4480595588684082,60.9375,0.05315408302703872,True,Approximate matrix-free Chebyshev path; adaptive degree=10.
4,150,128,400,13,penny_chebyshev_matrix_free,quantum,1.4452362060546875,61.71875,0.05384686595061794,True,Approximate matrix-free Chebyshev path; adaptive degree=10.
4,150,128,400,14,penny_chebyshev_matrix_free,quantum,1.4424768686294556,61.71875,0.05496691301232204,True,Approximate matrix-free Chebyshev path; adaptive degree=10.
4,150,128,400,15,penny_chebyshev_matrix_free,quantum,1.4397804737091064,61.71875,0.048224699043203145,True,Approximate matrix-free Chebyshev path; adaptive degree=10.
4,150,128,400,16,penny_chebyshev_matrix_free,quantum,1.4371448755264282,61.71875,0.04859745502471924,True,Approximate matrix-free Chebyshev path; adaptive degree=10.
4,150,128,400,17,penny_chebyshev_matrix_free,quantum,1.4345701932907104,61.71875,0.048908429977018386,True,Approximate matrix-free Chebyshev path; adaptive degree=10.
4,150,128,400,18,penny_chebyshev_matrix_free,quantum,1.4320546388626099,62.5,0.04834453703369945,True,Approximate matrix-free Chebyshev path; adaptive degree=10.
4,150,128,400,19,penny_chebyshev_matrix_free,quantum,1.4295965433120728,63.28125,0.05037741200067103,True,Approximate matrix-free Chebyshev path; adaptive degree=10.
4,150,128,400,20,penny_chebyshev_matrix_free,quantum,1.42719566822052,63.28125,0.048948859970550984,True,Approximate matrix-free Chebyshev path; adaptive degree=10.
4,150,128,400,21,penny_chebyshev_matrix_free,quantum,1.4248497486114502,63.28125,0.04014020704198629,True,Approximate matrix-free Chebyshev path; adaptive degree=8.
4,150,128,400,22,penny_chebyshev_matrix_free,quantum,1.4225590229034424,63.28125,0.04171892302110791,True,Approximate matrix-free Chebyshev path; adaptive degree=8.
4,150,128,400,23,penny_chebyshev_matrix_free,quantum,1.4203208684921265,63.28125,0.03884755005128682,True,Approximate matrix-free Chebyshev path; adaptive degree=8.
4,150,128,400,24,penny_chebyshev_matrix_free,quantum,1.4181358814239502,63.28125,0.03956730000209063,True,Approximate matrix-free Chebyshev path; adaptive degree=8.
4,150,128,400,25,penny_chebyshev_matrix_free,quantum,1.4160008430480957,63.28125,0.04129642597399652,True,Approximate matrix-free Chebyshev path; adaptive degree=8.
4,150,128,400,26,penny_chebyshev_matrix_free,quantum,1.4139165878295898,63.28125,0.039451254007872194,True,Approximate matrix-free Chebyshev path; adaptive degree=8.
4,150,128,400,27,penny_chebyshev_matrix_free,quantum,1.4118809700012207,63.28125,0.03954003797844052,True,Approximate matrix-free Chebyshev path; adaptive degree=8.
4,150,128,400,28,penny_chebyshev_matrix_free,quantum,1.409893274307251,64.0625,0.03920227900380269,True,Approximate matrix-free Chebyshev path; adaptive degree=8.
4,150,128,400,29,penny_chebyshev_matrix_free,quantum,1.4079526662826538,64.0625,0.03908735403092578,True,Approximate matrix-free Chebyshev path; adaptive degree=8.
4,150,128,400,30,penny_chebyshev_matrix_free,quantum,1.4060578346252441,64.0625,0.040027873998042196,True,Approximate matrix-free Chebyshev path; adaptive degree=8.
4,150,128,400,31,penny_chebyshev_matrix_free,quantum,1.404207468032837,64.0625,0.03963836602633819,True,Approximate matrix-free Chebyshev path; adaptive degree=8.
4,150,128,400,32,penny_chebyshev_matrix_free,quantum,1.4024015665054321,64.84375,0.03971351700602099,True,Approximate matrix-free Chebyshev path; adaptive degree=8.
4,150,128,400,33,penny_chebyshev_matrix_free,quantum,1.4006375074386597,65.625,0.03917615703539923,True,Approximate matrix-free Chebyshev path; adaptive degree=8.
4,150,128,400,34,penny_chebyshev_matrix_free,quantum,1.3989163637161255,65.625,0.03893967397743836,True,Approximate matrix-free Chebyshev path; adaptive degree=8.
4,150,128,400,35,penny_chebyshev_matrix_free,quantum,1.3972361087799072,65.625,0.03960143099538982,True,Approximate matrix-free Chebyshev path; adaptive degree=8.
4,150,128,400,36,penny_chebyshev_matrix_free,quantum,1.3955954313278198,66.40625,0.04078128602122888,True,Approximate matrix-free Chebyshev path; adaptive degree=8.
4,150,128,400,37,penny_chebyshev_matrix_free,quantum,1.3939943313598633,66.40625,0.040721293014939874,True,Approximate matrix-free Chebyshev path; adaptive degree=8.
4,150,128,400,38,penny_chebyshev_matrix_free,quantum,1.3924320936203003,66.40625,0.04213272000197321,True,Approximate matrix-free Chebyshev path; adaptive degree=8.
4,150,128,400,39,penny_chebyshev_matrix_free,quantum,1.3909066915512085,66.40625,0.04510492697590962,True,Approximate matrix-free Chebyshev path; adaptive degree=8.
4,150,128,400,40,penny_chebyshev_matrix_free,quantum,1.3894178867340088,66.40625,0.04372321703704074,True,Approximate matrix-free Chebyshev path; adaptive degree=8.
4,150,128,400,41,penny_chebyshev_matrix_free,quantum,1.3879648447036743,67.96875,0.04273454600479454,True,Approximate matrix-free Chebyshev path; adaptive degree=8.
4,150,128,400,42,penny_chebyshev_matrix_free,quantum,1.386547327041626,68.75,0.04607898695394397,True,Approximate matrix-free Chebyshev path; adaptive degree=8.
4,150,128,400,43,penny_chebyshev_matrix_free,quantum,1.3851630687713623,68.75,0.041053064982406795,True,Approximate matrix-free Chebyshev path; adaptive degree=8.
4,150,128,400,44,penny_chebyshev_matrix_free,quantum,1.3838130235671997,68.75,0.040363423991948366,True,Approximate matrix-free Chebyshev path; adaptive degree=8.
4,150,128,400,45,penny_chebyshev_matrix_free,quantum,1.3824950456619263,68.75,0.04220257396809757,True,Approximate matrix-free Chebyshev path; adaptive degree=8.
4,150,128,400,46,penny_chebyshev_matrix_free,quantum,1.381209373474121,68.75,0.04034537298139185,True,Approximate matrix-free Chebyshev path; adaptive degree=8.
4,150,128,400,47,penny_chebyshev_matrix_free,quantum,1.37995445728302,68.75,0.03977741801645607,True,Approximate matrix-free Chebyshev path; adaptive degree=8.
4,150,128,400,48,penny_chebyshev_matrix_free,quantum,1.378730058670044,69.53125,0.03906509996159002,True,Approximate matrix-free Chebyshev path; adaptive degree=8.
4,150,128,400,49,penny_chebyshev_matrix_free,quantum,1.3775354623794556,69.53125,0.03924135799752548,True,Approximate matrix-free Chebyshev path; adaptive degree=8.
4,150,128,400,50,penny_chebyshev_matrix_free,quantum,1.376369595527649,69.53125,0.03953899099724367,True,Approximate matrix-free Chebyshev path; adaptive degree=8.
4,150,128,400,51,penny_chebyshev_matrix_free,quantum,1.375232458114624,70.3125,0.03970848600147292,True,Approximate matrix-free Chebyshev path; adaptive degree=8.
4,150,128,400,52,penny_chebyshev_matrix_free,quantum,1.3741228580474854,71.875,0.039856435963883996,True,Approximate matrix-free Chebyshev path; adaptive degree=8.
4,150,128,400,53,penny_chebyshev_matrix_free,quantum,1.373039722442627,71.875,0.039729502983391285,True,Approximate matrix-free Chebyshev path; adaptive degree=8.
4,150,128,400,54,penny_chebyshev_matrix_free,quantum,1.3719834089279175,71.875,0.04159039299702272,True,Approximate matrix-free Chebyshev path; adaptive degree=8.
4,150,128,400,55,penny_chebyshev_matrix_free,quantum,1.37095308303833,72.65625,0.04040140804136172,True,Approximate matrix-free Chebyshev path; adaptive degree=8.
4,150,128,400,56,penny_chebyshev_matrix_free,quantum,1.3699473142623901,72.65625,0.03970801999093965,True,Approximate matrix-free Chebyshev path; adaptive degree=8.
4,150,128,400,57,penny_chebyshev_matrix_free,quantum,1.3689661026000977,72.65625,0.039440849039237946,True,Approximate matrix-free Chebyshev path; adaptive degree=8.
4,150,128,400,58,penny_chebyshev_matrix_free,quantum,1.3680092096328735,75.0,0.039757371006999165,True,Approximate matrix-free Chebyshev path; adaptive degree=8.
4,150,128,400,59,penny_chebyshev_matrix_free,quantum,1.3670759201049805,75.0,0.04054793401155621,True,Approximate matrix-free Chebyshev path; adaptive degree=8.
4,150,128,400,60,penny_chebyshev_matrix_free,quantum,1.3661649227142334,75.0,0.039568788022734225,True,Approximate matrix-free Chebyshev path; adaptive degree=8.
4,150,128,400,61,penny_chebyshev_matrix_free,quantum,1.3652764558792114,76.5625,0.039780910999979824,True,Approximate matrix-free Chebyshev path; adaptive degree=8.
4,150,128,400,62,penny_chebyshev_matrix_free,quantum,1.3644095659255981,76.5625,0.03994703001808375,True,Approximate matrix-free Chebyshev path; adaptive degree=8.
4,150,128,400,63,penny_chebyshev_matrix_free,quantum,1.3635636568069458,75.78125,0.039657848014030606,True,Approximate matrix-free Chebyshev path; adaptive degree=8.
4,150,128,400,64,penny_chebyshev_matrix_free,quantum,1.3627386093139648,75.78125,0.04077078198315576,True,Approximate matrix-free Chebyshev path; adaptive degree=8.
4,150,128,400,65,penny_chebyshev_matrix_free,quantum,1.3619340658187866,76.5625,0.0394162840093486,True,Approximate matrix-free Chebyshev path; adaptive degree=8.
4,150,128,400,66,penny_chebyshev_matrix_free,quantum,1.3611490726470947,77.34375,0.0400513939675875,True,Approximate matrix-free Chebyshev path; adaptive degree=8.
4,150,128,400,67,penny_chebyshev_matrix_free,quantum,1.36038339138031,77.34375,0.041609373001847416,True,Approximate matrix-free Chebyshev path; adaptive degree=8.
4,150,128,400,68,penny_chebyshev_matrix_free,quantum,1.3596360683441162,77.34375,0.04009798902552575,True,Approximate matrix-free Chebyshev path; adaptive degree=8.
4,150,128,400,69,penny_chebyshev_matrix_free,quantum,1.3589073419570923,77.34375,0.041379822010640055,True,Approximate matrix-free Chebyshev path; adaptive degree=8.
4,150,128,400,70,penny_chebyshev_matrix_free,quantum,1.35819673538208,78.125,0.04260820400668308,True,Approximate matrix-free Chebyshev path; adaptive degree=8.
4,150,128,400,71,penny_chebyshev_matrix_free,quantum,1.3575035333633423,78.125,0.041254056035541,True,Approximate matrix-free Chebyshev path; adaptive degree=8.
4,150,128,400,72,penny_chebyshev_matrix_free,quantum,1.3568271398544312,78.125,0.03984553902409971,True,Approximate matrix-free Chebyshev path; adaptive degree=8.
4,150,128,400,73,penny_chebyshev_matrix_free,quantum,1.3561675548553467,78.90625,0.04001479101134464,True,Approximate matrix-free Chebyshev path; adaptive degree=8.
4,150,128,400,74,penny_chebyshev_matrix_free,quantum,1.3555238246917725,78.90625,0.03907426196383312,True,Approximate matrix-free Chebyshev path; adaptive degree=8.
4,150,128,400,75,penny_chebyshev_matrix_free,quantum,1.3548959493637085,78.90625,0.039606944017577916,True,Approximate matrix-free Chebyshev path; adaptive degree=8.
4,150,128,400,76,penny_chebyshev_matrix_free,quantum,1.3542838096618652,78.90625,0.03954304399667308,True,Approximate matrix-free Chebyshev path; adaptive degree=8.
4,150,128,400,77,penny_chebyshev_matrix_free,quantum,1.3536863327026367,78.90625,0.03919555403990671,True,Approximate matrix-free Chebyshev path; adaptive degree=8.
4,150,128,400,78,penny_chebyshev_matrix_free,quantum,1.3531036376953125,78.90625,0.04306924098636955,True,Approximate matrix-free Chebyshev path; adaptive degree=8.
4,150,128,400,79,penny_chebyshev_matrix_free,quantum,1.3525352478027344,80.46875,0.039506807981524616,True,Approximate matrix-free Chebyshev path; adaptive degree=8.
4,150,128,400,80,penny_chebyshev_matrix_free,quantum,1.3519808053970337,80.46875,0.04006491997279227,True,Approximate matrix-free Chebyshev path; adaptive degree=8.
4,150,128,400,81,penny_chebyshev_matrix_free,quantum,1.3514403104782104,80.46875,0.03998062899336219,True,Approximate matrix-free Chebyshev path; adaptive degree=8.
4,150,128,400,82,penny_chebyshev_matrix_free,quantum,1.3509125709533691,81.25,0.03959548898274079,True,Approximate matrix-free Chebyshev path; adaptive degree=8.
4,150,128,400,83,penny_chebyshev_matrix_free,quantum,1.350398302078247,82.03125,0.03955539100570604,True,Approximate matrix-free Chebyshev path; adaptive degree=8.
4,150,128,400,84,penny_chebyshev_matrix_free,quantum,1.3498963117599487,82.8125,0.039764014014508575,True,Approximate matrix-free Chebyshev path; adaptive degree=8.
4,150,128,400,85,penny_chebyshev_matrix_free,quantum,1.3494065999984741,82.8125,0.04059100500307977,True,Approximate matrix-free Chebyshev path; adaptive degree=8.
4,150,128,400,86,penny_chebyshev_matrix_free,quantum,1.3489294052124023,82.8125,0.04044058202998713,True,Approximate matrix-free Chebyshev path; adaptive degree=8.
4,150,128,400,87,penny_chebyshev_matrix_free,quantum,1.3484634160995483,82.8125,0.03932995401555672,True,Approximate matrix-free Chebyshev path; adaptive degree=8.
4,150,128,400,88,penny_chebyshev_matrix_free,quantum,1.3480092287063599,82.8125,0.03927318996284157,True,Approximate matrix-free Chebyshev path; adaptive degree=8.
4,150,128,400,89,penny_chebyshev_matrix_free,quantum,1.3475662469863892,82.8125,0.03979313699528575,True,Approximate matrix-free Chebyshev path; adaptive degree=8.
4,150,128,400,90,penny_chebyshev_matrix_free,quantum,1.3471335172653198,82.8125,0.039110110024921596,True,Approximate matrix-free Chebyshev path; adaptive degree=8.
4,150,128,400,91,penny_chebyshev_matrix_free,quantum,1.3467116355895996,82.8125,0.039234199037309736,True,Approximate matrix-free Chebyshev path; adaptive degree=8.
4,150,128,400,92,penny_chebyshev_matrix_free,quantum,1.3463006019592285,82.8125,0.03933833498740569,True,Approximate matrix-free Chebyshev path; adaptive degree=8.
4,150,128,400,93,penny_chebyshev_matrix_free,quantum,1.3458993434906006,82.8125,0.039151638047769666,True,Approximate matrix-free Chebyshev path; adaptive degree=8.
4,150,128,400,94,penny_chebyshev_matrix_free,quantum,1.3455079793930054,82.8125,0.03962307900656015,True,Approximate matrix-free Chebyshev path; adaptive degree=8.
4,150,128,400,95,penny_chebyshev_matrix_free,quantum,1.3451259136199951,82.8125,0.03918548300862312,True,Approximate matrix-free Chebyshev path; adaptive degree=8.
4,150,128,400,96,penny_chebyshev_matrix_free,quantum,1.3447537422180176,82.8125,0.04011082695797086,True,Approximate matrix-free Chebyshev path; adaptive degree=8.
4,150,128,400,97,penny_chebyshev_matrix_free,quantum,1.3443903923034668,82.8125,0.0390114450128749,True,Approximate matrix-free Chebyshev path; adaptive degree=8.
4,150,128,400,98,penny_chebyshev_matrix_free,quantum,1.3440361022949219,82.8125,0.039472079020924866,True,Approximate matrix-free Chebyshev path; adaptive degree=8.
4,150,128,400,99,penny_chebyshev_matrix_free,quantum,1.3436905145645142,82.8125,0.03912383900023997,True,Approximate matrix-free Chebyshev path; adaptive degree=8.
4,150,128,400,100,penny_chebyshev_matrix_free,quantum,1.3433533906936646,82.8125,0.03956062899669632,True,Approximate matrix-free Chebyshev path; adaptive degree=8.
4,150,128,400,101,penny_chebyshev_matrix_free,quantum,1.3430241346359253,82.8125,0.03919587703421712,True,Approximate matrix-free Chebyshev path; adaptive degree=8.
4,150,128,400,102,penny_chebyshev_matrix_free,quantum,1.3427032232284546,82.8125,0.04018886497942731,True,Approximate matrix-free Chebyshev path; adaptive degree=8.
4,150,128,400,103,penny_chebyshev_matrix_free,quantum,1.3423904180526733,82.8125,0.03932566195726395,True,Approximate matrix-free Chebyshev path; adaptive degree=8.
4,150,128,400,104,penny_chebyshev_matrix_free,quantum,1.3420854806900024,82.8125,0.04284614004427567,True,Approximate matrix-free Chebyshev path; adaptive degree=8.
4,150,128,400,105,penny_chebyshev_matrix_free,quantum,1.341787576675415,82.8125,0.04329441697336733,True,Approximate matrix-free Chebyshev path; adaptive degree=8.
4,150,128,400,106,penny_chebyshev_matrix_free,quantum,1.3414967060089111,82.8125,0.0417412540409714,True,Approximate matrix-free Chebyshev path; adaptive degree=8.
4,150,128,400,107,penny_chebyshev_matrix_free,quantum,1.341213345527649,82.8125,0.0409075110219419,True,Approximate matrix-free Chebyshev path; adaptive degree=8.
4,150,128,400,108,penny_chebyshev_matrix_free,quantum,1.3409370183944702,82.8125,0.041379997972398996,True,Approximate matrix-free Chebyshev path; adaptive degree=8.
4,150,128,400,109,penny_chebyshev_matrix_free,quantum,1.3406671285629272,83.59375,0.042228116013575345,True,Approximate matrix-free Chebyshev path; adaptive degree=8.
4,150,128,400,110,penny_chebyshev_matrix_free,quantum,1.3404041528701782,83.59375,0.04073844902450219,True,Approximate matrix-free Chebyshev path; adaptive degree=8.
4,150,128,400,111,penny_chebyshev_matrix_free,quantum,1.3401474952697754,83.59375,0.040928634989541024,True,Approximate matrix-free Chebyshev path; adaptive degree=8.
4,150,128,400,112,penny_chebyshev_matrix_free,quantum,1.3398973941802979,82.8125,0.04205148603068665,True,Approximate matrix-free Chebyshev path; adaptive degree=8.
4,150,128,400,113,penny_chebyshev_matrix_free,quantum,1.33965265750885,82.8125,0.04333139699883759,True,Approximate matrix-free Chebyshev path; adaptive degree=8.
4,150,128,400,114,penny_chebyshev_matrix_free,quantum,1.339414119720459,82.8125,0.05211877299007028,True,Approximate matrix-free Chebyshev path; adaptive degree=8.
4,150,128,400,115,penny_chebyshev_matrix_free,quantum,1.339181900024414,83.59375,0.039715346007142216,True,Approximate matrix-free Chebyshev path; adaptive degree=8.
4,150,128,400,116,penny_chebyshev_matrix_free,quantum,1.3389556407928467,83.59375,0.0402909719850868,True,Approximate matrix-free Chebyshev path; adaptive degree=8.
4,150,128,400,117,penny_chebyshev_matrix_free,quantum,1.3387339115142822,82.8125,0.04298792005283758,True,Approximate matrix-free Chebyshev path; adaptive degree=8.
4,150,128,400,118,penny_chebyshev_matrix_free,quantum,1.338518500328064,82.8125,0.03993425995577127,True,Approximate matrix-free Chebyshev path; adaptive degree=8.
4,150,128,400,119,penny_chebyshev_matrix_free,quantum,1.338307499885559,82.8125,0.039876316965091974,True,Approximate matrix-free Chebyshev path; adaptive degree=8.
4,150,128,400,120,penny_chebyshev_matrix_free,quantum,1.3381019830703735,82.8125,0.040161366981919855,True,Approximate matrix-free Chebyshev path; adaptive degree=8.
4,150,128,400,121,penny_chebyshev_matrix_free,quantum,1.3379015922546387,82.8125,0.039829429995734245,True,Approximate matrix-free Chebyshev path; adaptive degree=8.
4,150,128,400,122,penny_chebyshev_matrix_free,quantum,1.3377063274383545,82.8125,0.040429234970360994,True,Approximate matrix-free Chebyshev path; adaptive degree=8.
4,150,128,400,123,penny_chebyshev_matrix_free,quantum,1.3375153541564941,82.8125,0.04005828098161146,True,Approximate matrix-free Chebyshev path; adaptive degree=8.
4,150,128,400,124,penny_chebyshev_matrix_free,quantum,1.3373292684555054,82.8125,0.042627222021110356,True,Approximate matrix-free Chebyshev path; adaptive degree=8.
4,150,128,400,125,penny_chebyshev_matrix_free,quantum,1.3371477127075195,82.8125,0.05237501801457256,True,Approximate matrix-free Chebyshev path; adaptive degree=8.
4,150,128,400,126,penny_chebyshev_matrix_free,quantum,1.336970567703247,82.8125,0.04205992299830541,True,Approximate matrix-free Chebyshev path; adaptive degree=8.
4,150,128,400,127,penny_chebyshev_matrix_free,quantum,1.3367975950241089,82.8125,0.03977501194458455,True,Approximate matrix-free Chebyshev path; adaptive degree=8.
4,150,128,400,128,penny_chebyshev_matrix_free,quantum,1.3366291522979736,82.8125,0.04046413803007454,True,Approximate matrix-free Chebyshev path; adaptive degree=8.
4,150,128,400,129,penny_chebyshev_matrix_free,quantum,1.336464762687683,82.8125,0.03969989001052454,True,Approximate matrix-free Chebyshev path; adaptive degree=8.
4,150,128,400,130,penny_chebyshev_matrix_free,quantum,1.3363040685653687,82.03125,0.04019245703238994,True,Approximate matrix-free Chebyshev path; adaptive degree=8.
4,150,128,400,131,penny_chebyshev_matrix_free,quantum,1.3361475467681885,82.03125,0.039647380996029824,True,Approximate matrix-free Chebyshev path; adaptive degree=8.
4,150,128,400,132,penny_chebyshev_matrix_free,quantum,1.3359947204589844,82.03125,0.04038019402651116,True,Approximate matrix-free Chebyshev path; adaptive degree=8.
4,150,128,400,133,penny_chebyshev_matrix_free,quantum,1.3358458280563354,82.8125,0.039968882978428155,True,Approximate matrix-free Chebyshev path; adaptive degree=8.
4,150,128,400,134,penny_chebyshev_matrix_free,quantum,1.335700511932373,82.8125,0.039911006053444,True,Approximate matrix-free Chebyshev path; adaptive degree=8.
4,150,128,400,135,penny_chebyshev_matrix_free,quantum,1.3355581760406494,82.8125,0.040028579998761415,True,Approximate matrix-free Chebyshev path; adaptive degree=8.
4,150,128,400,136,penny_chebyshev_matrix_free,quantum,1.3354196548461914,82.8125,0.03996840200852603,True,Approximate matrix-free Chebyshev path; adaptive degree=8.
4,150,128,400,137,penny_chebyshev_matrix_free,quantum,1.3352845907211304,82.8125,0.03941236302489415,True,Approximate matrix-free Chebyshev path; adaptive degree=8.
4,150,128,400,138,penny_chebyshev_matrix_free,quantum,1.3351526260375977,82.8125,0.039379896013997495,True,Approximate matrix-free Chebyshev path; adaptive degree=8.
4,150,128,400,139,penny_chebyshev_matrix_free,quantum,1.3350244760513306,82.8125,0.04123857105150819,True,Approximate matrix-free Chebyshev path; adaptive degree=8.
4,150,128,400,140,penny_chebyshev_matrix_free,quantum,1.334898591041565,84.375,0.039694787992630154,True,Approximate matrix-free Chebyshev path; adaptive degree=8.
4,150,128,400,141,penny_chebyshev_matrix_free,quantum,1.3347762823104858,84.375,0.03947478096233681,True,Approximate matrix-free Chebyshev path; adaptive degree=8.
4,150,128,400,142,penny_chebyshev_matrix_free,quantum,1.334656834602356,84.375,0.03932893602177501,True,Approximate matrix-free Chebyshev path; adaptive degree=8.
4,150,128,400,143,penny_chebyshev_matrix_free,quantum,1.3345403671264648,84.375,0.03956401703180745,True,Approximate matrix-free Chebyshev path; adaptive degree=8.
4,150,128,400,144,penny_chebyshev_matrix_free,quantum,1.3344266414642334,85.15625,0.04023562296060845,True,Approximate matrix-free Chebyshev path; adaptive degree=8.
4,150,128,400,145,penny_chebyshev_matrix_free,quantum,1.3343156576156616,85.15625,0.03987240605056286,True,Approximate matrix-free Chebyshev path; adaptive degree=8.
4,150,128,400,146,penny_chebyshev_matrix_free,quantum,1.3342071771621704,85.15625,0.04005640500690788,True,Approximate matrix-free Chebyshev path; adaptive degree=8.
4,150,128,400,147,penny_chebyshev_matrix_free,quantum,1.3341013193130493,85.15625,0.03995644301176071,True,Approximate matrix-free Chebyshev path; adaptive degree=8.
4,150,128,400,148,penny_chebyshev_matrix_free,quantum,1.3339980840682983,85.15625,0.03999224799918011,True,Approximate matrix-free Chebyshev path; adaptive degree=8.
4,150,128,400,149,penny_chebyshev_matrix_free,quantum,1.3338972330093384,85.15625,0.04313335503684357,True,Approximate matrix-free Chebyshev path; adaptive degree=8.
4,150,128,400,150,penny_chebyshev_matrix_free,quantum,1.3337993621826172,85.9375,0.03969564498402178,True,Approximate matrix-free Chebyshev path; adaptive degree=8.
4,150,128,400,151,penny_chebyshev_matrix_free,quantum,1.3337033987045288,85.9375,0.040198620001319796,True,Approximate matrix-free Chebyshev path; adaptive degree=8.
4,150,128,400,152,penny_chebyshev_matrix_free,quantum,1.3336098194122314,85.9375,0.04005137999774888,True,Approximate matrix-free Chebyshev path; adaptive degree=8.
4,150,128,400,153,penny_chebyshev_matrix_free,quantum,1.3335187435150146,85.9375,0.039749733987264335,True,Approximate matrix-free Chebyshev path; adaptive degree=8.
4,150,128,400,154,penny_chebyshev_matrix_free,quantum,1.3334294557571411,85.9375,0.040465533966198564,True,Approximate matrix-free Chebyshev path; adaptive degree=8.
4,150,128,400,155,penny_chebyshev_matrix_free,quantum,1.3333425521850586,85.9375,0.04011242603883147,True,Approximate matrix-free Chebyshev path; adaptive degree=8.
4,150,128,400,156,penny_chebyshev_matrix_free,quantum,1.3332575559616089,85.9375,0.03966275800485164,True,Approximate matrix-free Chebyshev path; adaptive degree=8.
4,150,128,400,157,penny_chebyshev_matrix_free,quantum,1.3331749439239502,85.9375,0.040050506009720266,True,Approximate matrix-free Chebyshev path; adaptive degree=8.
4,150,128,400,158,penny_chebyshev_matrix_free,quantum,1.3330943584442139,85.9375,0.03982080996502191,True,Approximate matrix-free Chebyshev path; adaptive degree=8.
4,150,128,400,159,penny_chebyshev_matrix_free,quantum,1.3330155611038208,85.9375,0.039897636976093054,True,Approximate matrix-free Chebyshev path; adaptive degree=8.
4,150,128,400,160,penny_chebyshev_matrix_free,quantum,1.3329386711120605,85.9375,0.03948647202923894,True,Approximate matrix-free Chebyshev path; adaptive degree=8.
4,150,128,400,161,penny_chebyshev_matrix_free,quantum,1.332863450050354,85.9375,0.04031436098739505,True,Approximate matrix-free Chebyshev path; adaptive degree=8.
4,150,128,400,162,penny_chebyshev_matrix_free,quantum,1.332790493965149,85.15625,0.04142109799431637,True,Approximate matrix-free Chebyshev path; adaptive degree=8.
4,150,128,400,163,penny_chebyshev_matrix_free,quantum,1.3327187299728394,85.15625,0.04134970501763746,True,Approximate matrix-free Chebyshev path; adaptive degree=8.
4,150,128,400,164,penny_chebyshev_matrix_free,quantum,1.3326488733291626,85.15625,0.04023384704487398,True,Approximate matrix-free Chebyshev path; adaptive degree=8.
4,150,128,400,165,penny_chebyshev_matrix_free,quantum,1.3325809240341187,85.15625,0.04154294001637027,True,Approximate matrix-free Chebyshev path; adaptive degree=8.
4,150,128,400,166,penny_chebyshev_matrix_free,quantum,1.3325145244598389,85.9375,0.03932407300453633,True,Approximate matrix-free Chebyshev path; adaptive degree=8.
4,150,128,400,167,penny_chebyshev_matrix_free,quantum,1.3324497938156128,85.9375,0.04026015097042546,True,Approximate matrix-free Chebyshev path; adaptive degree=8.
4,150,128,400,168,penny_chebyshev_matrix_free,quantum,1.3323862552642822,85.9375,0.04010038002161309,True,Approximate matrix-free Chebyshev path; adaptive degree=8.
4,150,128,400,169,penny_chebyshev_matrix_free,quantum,1.3323242664337158,85.9375,0.03993760497542098,True,Approximate matrix-free Chebyshev path; adaptive degree=8.
4,150,128,400,170,penny_chebyshev_matrix_free,quantum,1.3322644233703613,85.9375,0.039253518043551594,True,Approximate matrix-free Chebyshev path; adaptive degree=8.
4,150,128,400,171,penny_chebyshev_matrix_free,quantum,1.3322052955627441,85.9375,0.039635858964174986,True,Approximate matrix-free Chebyshev path; adaptive degree=8.
4,150,128,400,172,penny_chebyshev_matrix_free,quantum,1.3321479558944702,85.9375,0.039068169018719345,True,Approximate matrix-free Chebyshev path; adaptive degree=8.
4,150,128,400,173,penny_chebyshev_matrix_free,quantum,1.3320916891098022,85.9375,0.04404589399928227,True,Approximate matrix-free Chebyshev path; adaptive degree=8.
4,150,128,400,174,penny_chebyshev_matrix_free,quantum,1.332037329673767,85.9375,0.03935206099413335,True,Approximate matrix-free Chebyshev path; adaptive degree=8.
4,150,128,400,175,penny_chebyshev_matrix_free,quantum,1.3319838047027588,85.9375,0.039719193999189883,True,Approximate matrix-free Chebyshev path; adaptive degree=8.
4,150,128,400,176,penny_chebyshev_matrix_free,quantum,1.331931710243225,85.9375,0.03931590897263959,True,Approximate matrix-free Chebyshev path; adaptive degree=8.
4,150,128,400,177,penny_chebyshev_matrix_free,quantum,1.331880807876587,85.9375,0.03996793000260368,True,Approximate matrix-free Chebyshev path; adaptive degree=8.
4,150,128,400,178,penny_chebyshev_matrix_free,quantum,1.3318310976028442,85.9375,0.039213541022036225,True,Approximate matrix-free Chebyshev path; adaptive degree=8.
4,150,128,400,179,penny_chebyshev_matrix_free,quantum,1.3317829370498657,85.9375,0.040296179009601474,True,Approximate matrix-free Chebyshev path; adaptive degree=8.
4,150,128,400,180,penny_chebyshev_matrix_free,quantum,1.331735372543335,85.9375,0.03933477099053562,True,Approximate matrix-free Chebyshev path; adaptive degree=8.
4,150,128,400,181,penny_chebyshev_matrix_free,quantum,1.331689715385437,85.9375,0.039065097051206976,True,Approximate matrix-free Chebyshev path; adaptive degree=8.
4,150,128,400,182,penny_chebyshev_matrix_free,quantum,1.3316441774368286,85.9375,0.03877139603719115,True,Approximate matrix-free Chebyshev path; adaptive degree=8.
4,150,128,400,183,penny_chebyshev_matrix_free,quantum,1.3316004276275635,85.9375,0.03904622094705701,True,Approximate matrix-free Chebyshev path; adaptive degree=8.
4,150,128,400,184,penny_chebyshev_matrix_free,quantum,1.3315573930740356,85.9375,0.039093209023121744,True,Approximate matrix-free Chebyshev path; adaptive degree=8.
4,150,128,400,185,penny_chebyshev_matrix_free,quantum,1.3315154314041138,86.71875,0.0390863370266743,True,Approximate matrix-free Chebyshev path; adaptive degree=8.
4,150,128,400,186,penny_chebyshev_matrix_free,quantum,1.3314745426177979,86.71875,0.039006770006380975,True,Approximate matrix-free Chebyshev path; adaptive degree=8.
4,150,128,400,187,penny_chebyshev_matrix_free,quantum,1.331434726715088,88.28125,0.03943545196671039,True,Approximate matrix-free Chebyshev path; adaptive degree=8.
4,150,128,400,188,penny_chebyshev_matrix_free,quantum,1.3313955068588257,89.0625,0.03909296297933906,True,Approximate matrix-free Chebyshev path; adaptive degree=8.
4,150,128,400,189,penny_chebyshev_matrix_free,quantum,1.3313572406768799,89.0625,0.040773589978925884,True,Approximate matrix-free Chebyshev path; adaptive degree=8.
4,150,128,400,190,penny_chebyshev_matrix_free,quantum,1.3313202857971191,89.0625,0.04021633299998939,True,Approximate matrix-free Chebyshev path; adaptive degree=8.
4,150,128,400,191,penny_chebyshev_matrix_free,quantum,1.3312838077545166,89.0625,0.040318915038369596,True,Approximate matrix-free Chebyshev path; adaptive degree=8.
4,150,128,400,192,penny_chebyshev_matrix_free,quantum,1.3312487602233887,89.0625,0.04004513402469456,True,Approximate matrix-free Chebyshev path; adaptive degree=8.
4,150,128,400,193,penny_chebyshev_matrix_free,quantum,1.331214189529419,89.0625,0.04057715198723599,True,Approximate matrix-free Chebyshev path; adaptive degree=8.
4,150,128,400,194,penny_chebyshev_matrix_free,quantum,1.3311805725097656,89.0625,0.04061680001905188,True,Approximate matrix-free Chebyshev path; adaptive degree=8.
4,150,128,400,195,penny_chebyshev_matrix_free,quantum,1.3311474323272705,89.0625,0.04033252998488024,True,Approximate matrix-free Chebyshev path; adaptive degree=8.
4,150,128,400,196,penny_chebyshev_matrix_free,quantum,1.3311151266098022,89.0625,0.04060421802569181,True,Approximate matrix-free Chebyshev path; adaptive degree=8.
4,150,128,400,197,penny_chebyshev_matrix_free,quantum,1.3310842514038086,89.0625,0.06176587101072073,True,Approximate matrix-free Chebyshev path; adaptive degree=8.
4,150,128,400,198,penny_chebyshev_matrix_free,quantum,1.3310537338256836,89.0625,0.042117529024835676,True,Approximate matrix-free Chebyshev path; adaptive degree=8.
4,150,128,400,199,penny_chebyshev_matrix_free,quantum,1.331023931503296,88.28125,0.03971216798527166,True,Approximate matrix-free Chebyshev path; adaptive degree=8.
4,150,128,400,200,penny_chebyshev_matrix_free,quantum,1.330994963645935,88.28125,0.039664077979978174,True,Approximate matrix-free Chebyshev path; adaptive degree=8.
4,150,128,400,201,penny_chebyshev_matrix_free,quantum,1.3309662342071533,88.28125,0.03999734198441729,True,Approximate matrix-free Chebyshev path; adaptive degree=8.
4,150,128,400,202,penny_chebyshev_matrix_free,quantum,1.3309381008148193,88.28125,0.03973064001183957,True,Approximate matrix-free Chebyshev path; adaptive degree=8.
4,150,128,400,203,penny_chebyshev_matrix_free,quantum,1.3309108018875122,88.28125,0.03976600698661059,True,Approximate matrix-free Chebyshev path; adaptive degree=8.
4,150,128,400,204,penny_chebyshev_matrix_free,quantum,1.330884575843811,88.28125,0.03936754399910569,True,Approximate matrix-free Chebyshev path; adaptive degree=8.
4,150,128,400,205,penny_chebyshev_matrix_free,quantum,1.330858826637268,88.28125,0.039505155000369996,True,Approximate matrix-free Chebyshev path; adaptive degree=8.
4,150,128,400,206,penny_chebyshev_matrix_free,quantum,1.3308334350585938,88.28125,0.038874557008966804,True,Approximate matrix-free Chebyshev path; adaptive degree=8.
4,150,128,400,207,penny_chebyshev_matrix_free,quantum,1.3308088779449463,88.28125,0.03911763202631846,True,Approximate matrix-free Chebyshev path; adaptive degree=8.
4,150,128,400,208,penny_chebyshev_matrix_free,quantum,1.330784797668457,88.28125,0.03912549198139459,True,Approximate matrix-free Chebyshev path; adaptive degree=8.
4,150,128,400,209,penny_chebyshev_matrix_free,quantum,1.330761432647705,88.28125,0.04061640700092539,True,Approximate matrix-free Chebyshev path; adaptive degree=8.
4,150,128,400,210,penny_chebyshev_matrix_free,quantum,1.3307383060455322,88.28125,0.03868176497053355,True,Approximate matrix-free Chebyshev path; adaptive degree=8.
4,150,128,400,211,penny_chebyshev_matrix_free,quantum,1.3307158946990967,88.28125,0.04016779799712822,True,Approximate matrix-free Chebyshev path; adaptive degree=8.
4,150,128,400,212,penny_chebyshev_matrix_free,quantum,1.330694317817688,88.28125,0.04193231795215979,True,Approximate matrix-free Chebyshev path; adaptive degree=8.
4,150,128,400,213,penny_chebyshev_matrix_free,quantum,1.3306728601455688,88.28125,0.040407776017673314,True,Approximate matrix-free Chebyshev path; adaptive degree=8.
4,150,128,400,214,penny_chebyshev_matrix_free,quantum,1.3306519985198975,88.28125,0.040533174003940076,True,Approximate matrix-free Chebyshev path; adaptive degree=8.
4,150,128,400,215,penny_chebyshev_matrix_free,quantum,1.3306313753128052,88.28125,0.040829148958437145,True,Approximate matrix-free Chebyshev path; adaptive degree=8.
4,150,128,400,216,penny_chebyshev_matrix_free,quantum,1.3306118249893188,88.28125,0.04131702898303047,True,Approximate matrix-free Chebyshev path; adaptive degree=8.
4,150,128,400,217,penny_chebyshev_matrix_free,quantum,1.3305922746658325,88.28125,0.041202345048077404,True,Approximate matrix-free Chebyshev path; adaptive degree=8.
4,150,128,400,218,penny_chebyshev_matrix_free,quantum,1.3305737972259521,88.28125,0.04111547896172851,True,Approximate matrix-free Chebyshev path; adaptive degree=8.
4,150,128,400,219,penny_chebyshev_matrix_free,quantum,1.3305553197860718,88.28125,0.040069993992801756,True,Approximate matrix-free Chebyshev path; adaptive degree=8.
4,150,128,400,220,penny_chebyshev_matrix_free,quantum,1.3305368423461914,89.0625,0.041930006991606206,True,Approximate matrix-free Chebyshev path; adaptive degree=8.
4,150,128,400,221,penny_chebyshev_matrix_free,quantum,1.3305193185806274,89.0625,0.04047962202457711,True,Approximate matrix-free Chebyshev path; adaptive degree=8.
4,150,128,400,222,penny_chebyshev_matrix_free,quantum,1.3305021524429321,89.0625,0.0403078050003387,True,Approximate matrix-free Chebyshev path; adaptive degree=8.
4,150,128,400,223,penny_chebyshev_matrix_free,quantum,1.3304857015609741,89.0625,0.041760088002774864,True,Approximate matrix-free Chebyshev path; adaptive degree=8.
4,150,128,400,224,penny_chebyshev_matrix_free,quantum,1.330469012260437,89.0625,0.040554227016400546,True,Approximate matrix-free Chebyshev path; adaptive degree=8.
4,150,128,400,225,penny_chebyshev_matrix_free,quantum,1.3304530382156372,89.0625,0.04168475395999849,True,Approximate matrix-free Chebyshev path; adaptive degree=8.
4,150,128,400,226,penny_chebyshev_matrix_free,quantum,1.3304373025894165,89.0625,0.0406356809544377,True,Approximate matrix-free Chebyshev path; adaptive degree=8.
4,150,128,400,227,penny_chebyshev_matrix_free,quantum,1.3304224014282227,89.0625,0.04107382200891152,True,Approximate matrix-free Chebyshev path; adaptive degree=8.
4,150,128,400,228,penny_chebyshev_matrix_free,quantum,1.3304072618484497,89.0625,0.04250561399385333,True,Approximate matrix-free Chebyshev path; adaptive degree=8.
4,150,128,400,229,penny_chebyshev_matrix_free,quantum,1.3303927183151245,89.0625,0.0437436830252409,True,Approximate matrix-free Chebyshev path; adaptive degree=8.
4,150,128,400,230,penny_chebyshev_matrix_free,quantum,1.3303788900375366,89.0625,0.04446494998410344,True,Approximate matrix-free Chebyshev path; adaptive degree=8.
4,150,128,400,231,penny_chebyshev_matrix_free,quantum,1.3303645849227905,89.0625,0.046444520994555205,True,Approximate matrix-free Chebyshev path; adaptive degree=8.
4,150,128,400,232,penny_chebyshev_matrix_free,quantum,1.3303511142730713,89.0625,0.04411101504229009,True,Approximate matrix-free Chebyshev path; adaptive degree=8.
4,150,128,400,233,penny_chebyshev_matrix_free,quantum,1.3303378820419312,88.28125,0.04180263198213652,True,Approximate matrix-free Chebyshev path; adaptive degree=8.
4,150,128,400,234,penny_chebyshev_matrix_free,quantum,1.3303252458572388,88.28125,0.03995813202345744,True,Approximate matrix-free Chebyshev path; adaptive degree=8.
4,150,128,400,235,penny_chebyshev_matrix_free,quantum,1.3303123712539673,88.28125,0.039306327002123,True,Approximate matrix-free Chebyshev path; adaptive degree=8.
4,150,128,400,236,penny_chebyshev_matrix_free,quantum,1.3303000926971436,88.28125,0.03936128003988415,True,Approximate matrix-free Chebyshev path; adaptive degree=8.
4,150,128,400,237,penny_chebyshev_matrix_free,quantum,1.3302881717681885,88.28125,0.03928157000336796,True,Approximate matrix-free Chebyshev path; adaptive degree=8.
4,150,128,400,238,penny_chebyshev_matrix_free,quantum,1.3302767276763916,88.28125,0.0392364640138112,True,Approximate matrix-free Chebyshev path; adaptive degree=8.
4,150,128,400,239,penny_chebyshev_matrix_free,quantum,1.3302651643753052,88.28125,0.039686734962742776,True,Approximate matrix-free Chebyshev path; adaptive degree=8.
4,150,128,400,240,penny_chebyshev_matrix_free,quantum,1.3302539587020874,88.28125,0.039613565953914076,True,Approximate matrix-free Chebyshev path; adaptive degree=8.
4,150,128,400,241,penny_chebyshev_matrix_free,quantum,1.3302429914474487,88.28125,0.0397428740398027,True,Approximate matrix-free Chebyshev path; adaptive degree=8.
4,150,128,400,242,penny_chebyshev_matrix_free,quantum,1.3302321434020996,88.28125,0.03953562898095697,True,Approximate matrix-free Chebyshev path; adaptive degree=8.
4,150,128,400,243,penny_chebyshev_matrix_free,quantum,1.3302216529846191,88.28125,0.04185131401754916,True,Approximate matrix-free Chebyshev path; adaptive degree=8.
4,150,128,400,244,penny_chebyshev_matrix_free,quantum,1.3302117586135864,88.28125,0.04021443397505209,True,Approximate matrix-free Chebyshev path; adaptive degree=8.
4,150,128,400,245,penny_chebyshev_matrix_free,quantum,1.3302017450332642,88.28125,0.03980034799315035,True,Approximate matrix-free Chebyshev path; adaptive degree=8.
4,150,128,400,246,penny_chebyshev_matrix_free,quantum,1.3301922082901,88.28125,0.03989807202015072,True,Approximate matrix-free Chebyshev path; adaptive degree=8.
4,150,128,400,247,penny_chebyshev_matrix_free,quantum,1.330182671546936,87.5,0.0399865239742212,True,Approximate matrix-free Chebyshev path; adaptive degree=8.
4,150,128,400,248,penny_chebyshev_matrix_free,quantum,1.3301732540130615,87.5,0.04127804102608934,True,Approximate matrix-free Chebyshev path; adaptive degree=8.
4,150,128,400,249,penny_chebyshev_matrix_free,quantum,1.3301641941070557,87.5,0.04111588699743152,True,Approximate matrix-free Chebyshev path; adaptive degree=8.
4,150,128,400,250,penny_chebyshev_matrix_free,quantum,1.3301554918289185,87.5,0.0397712709964253,True,Approximate matrix-free Chebyshev path; adaptive degree=8.
4,150,128,400,251,penny_chebyshev_matrix_free,quantum,1.3301467895507812,87.5,0.03969189600320533,True,Approximate matrix-free Chebyshev path; adaptive degree=8.
4,150,128,400,252,penny_chebyshev_matrix_free,quantum,1.3301385641098022,87.5,0.0404982790350914,True,Approximate matrix-free Chebyshev path; adaptive degree=8.
4,150,128,400,253,penny_chebyshev_matrix_free,quantum,1.3301302194595337,87.5,0.0396668910398148,True,Approximate matrix-free Chebyshev path; adaptive degree=8.
4,150,128,400,254,penny_chebyshev_matrix_free,quantum,1.3301225900650024,87.5,0.03990260697901249,True,Approximate matrix-free Chebyshev path; adaptive degree=8.
4,150,128,400,255,penny_chebyshev_matrix_free,quantum,1.330114483833313,87.5,0.03959943901281804,True,Approximate matrix-free Chebyshev path; adaptive degree=8.
4,150,128,400,256,penny_chebyshev_matrix_free,quantum,1.3301069736480713,87.5,0.04205716401338577,True,Approximate matrix-free Chebyshev path; adaptive degree=8.
4,150,128,400,257,penny_chebyshev_matrix_free,quantum,1.3300992250442505,87.5,0.04041779600083828,True,Approximate matrix-free Chebyshev path; adaptive degree=8.
4,150,128,400,258,penny_chebyshev_matrix_free,quantum,1.330092430114746,87.5,0.04090974200516939,True,Approximate matrix-free Chebyshev path; adaptive degree=8.
4,150,128,400,259,penny_chebyshev_matrix_free,quantum,1.3300848007202148,87.5,0.04086301301140338,True,Approximate matrix-free Chebyshev path; adaptive degree=8.
4,150,128,400,260,penny_chebyshev_matrix_free,quantum,1.3300777673721313,87.5,0.04031288297846913,True,Approximate matrix-free Chebyshev path; adaptive degree=8.
4,150,128,400,261,penny_chebyshev_matrix_free,quantum,1.330070972442627,87.5,0.03957907302537933,True,Approximate matrix-free Chebyshev path; adaptive degree=8.
4,150,128,400,262,penny_chebyshev_matrix_free,quantum,1.330064296722412,87.5,0.041654563043266535,True,Approximate matrix-free Chebyshev path; adaptive degree=8.
4,150,128,400,263,penny_chebyshev_matrix_free,quantum,1.330058217048645,87.5,0.040101214952301234,True,Approximate matrix-free Chebyshev path; adaptive degree=8.
4,150,128,400,264,penny_chebyshev_matrix_free,quantum,1.3300518989562988,87.5,0.040133965958375484,True,Approximate matrix-free Chebyshev path; adaptive degree=8.
4,150,128,400,265,penny_chebyshev_matrix_free,quantum,1.330045461654663,87.5,0.04014594899490476,True,Approximate matrix-free Chebyshev path; adaptive degree=8.
4,150,128,400,266,penny_chebyshev_matrix_free,quantum,1.3300397396087646,87.5,0.03964945097686723,True,Approximate matrix-free Chebyshev path; adaptive degree=8.
4,150,128,400,267,penny_chebyshev_matrix_free,quantum,1.3300336599349976,87.5,0.0418235840043053,True,Approximate matrix-free Chebyshev path; adaptive degree=8.
4,150,128,400,268,penny_chebyshev_matrix_free,quantum,1.3300279378890991,87.5,0.03983064997009933,True,Approximate matrix-free Chebyshev path; adaptive degree=8.
4,150,128,400,269,penny_chebyshev_matrix_free,quantum,1.3300224542617798,87.5,0.04035343899158761,True,Approximate matrix-free Chebyshev path; adaptive degree=8.
4,150,128,400,270,penny_chebyshev_matrix_free,quantum,1.3300169706344604,87.5,0.03968246199656278,True,Approximate matrix-free Chebyshev path; adaptive degree=8.
4,150,128,400,271,penny_chebyshev_matrix_free,quantum,1.3300114870071411,87.5,0.040347433008719236,True,Approximate matrix-free Chebyshev path; adaptive degree=8.
4,150,128,400,272,penny_chebyshev_matrix_free,quantum,1.33000648021698,87.5,0.04030041699297726,True,Approximate matrix-free Chebyshev path; adaptive degree=8.
4,150,128,400,273,penny_chebyshev_matrix_free,quantum,1.3300009965896606,87.5,0.03969583800062537,True,Approximate matrix-free Chebyshev path; adaptive degree=8.
4,150,128,400,274,penny_chebyshev_matrix_free,quantum,1.329996109008789,87.5,0.03884112503146753,True,Approximate matrix-free Chebyshev path; adaptive degree=8.
4,150,128,400,275,penny_chebyshev_matrix_free,quantum,1.329991340637207,87.5,0.039153000980149955,True,Approximate matrix-free Chebyshev path; adaptive degree=8.
4,150,128,400,276,penny_chebyshev_matrix_free,quantum,1.329986810684204,87.5,0.03883115103235468,True,Approximate matrix-free Chebyshev path; adaptive degree=8.
4,150,128,400,277,penny_chebyshev_matrix_free,quantum,1.3299816846847534,87.5,0.03915111196693033,True,Approximate matrix-free Chebyshev path; adaptive degree=8.
4,150,128,400,278,penny_chebyshev_matrix_free,quantum,1.3299775123596191,87.5,0.038990065979305655,True,Approximate matrix-free Chebyshev path; adaptive degree=8.
4,150,128,400,279,penny_chebyshev_matrix_free,quantum,1.3299729824066162,87.5,0.03910157398786396,True,Approximate matrix-free Chebyshev path; adaptive degree=8.
4,150,128,400,280,penny_chebyshev_matrix_free,quantum,1.329968810081482,87.5,0.03913284098962322,True,Approximate matrix-free Chebyshev path; adaptive degree=8.
4,150,128,400,281,penny_chebyshev_matrix_free,quantum,1.3299643993377686,87.5,0.03886585897998884,True,Approximate matrix-free Chebyshev path; adaptive degree=8.
4,150,128,400,282,penny_chebyshev_matrix_free,quantum,1.3299601078033447,87.5,0.04052302404306829,True,Approximate matrix-free Chebyshev path; adaptive degree=8.
4,150,128,400,283,penny_chebyshev_matrix_free,quantum,1.3299565315246582,87.5,0.039295872033108026,True,Approximate matrix-free Chebyshev path; adaptive degree=8.
4,150,128,400,284,penny_chebyshev_matrix_free,quantum,1.3299524784088135,87.5,0.04002736299298704,True,Approximate matrix-free Chebyshev path; adaptive degree=8.
4,150,128,400,285,penny_chebyshev_matrix_free,quantum,1.3299484252929688,87.5,0.03908888797741383,True,Approximate matrix-free Chebyshev path; adaptive degree=8.
4,150,128,400,286,penny_chebyshev_matrix_free,quantum,1.3299448490142822,87.5,0.03952128504170105,True,Approximate matrix-free Chebyshev path; adaptive degree=8.
4,150,128,400,287,penny_chebyshev_matrix_free,quantum,1.3299411535263062,87.5,0.039229706046171486,True,Approximate matrix-free Chebyshev path; adaptive degree=8.
4,150,128,400,288,penny_chebyshev_matrix_free,quantum,1.3299376964569092,87.5,0.039575777016580105,True,Approximate matrix-free Chebyshev path; adaptive degree=8.
4,150,128,400,289,penny_chebyshev_matrix_free,quantum,1.329934000968933,87.5,0.03913940698839724,True,Approximate matrix-free Chebyshev path; adaptive degree=8.
4,150,128,400,290,penny_chebyshev_matrix_free,quantum,1.3299305438995361,87.5,0.03961731499293819,True,Approximate matrix-free Chebyshev path; adaptive degree=8.
4,150,128,400,291,penny_chebyshev_matrix_free,quantum,1.3299274444580078,87.5,0.039741567976307124,True,Approximate matrix-free Chebyshev path; adaptive degree=8.
4,150,128,400,292,penny_chebyshev_matrix_free,quantum,1.3299239873886108,87.5,0.03902303404174745,True,Approximate matrix-free Chebyshev path; adaptive degree=8.
4,150,128,400,293,penny_chebyshev_matrix_free,quantum,1.329921007156372,87.5,0.03897661704104394,True,Approximate matrix-free Chebyshev path; adaptive degree=8.
4,150,128,400,294,penny_chebyshev_matrix_free,quantum,1.3299179077148438,87.5,0.038885845977347344,True,Approximate matrix-free Chebyshev path; adaptive degree=8.
4,150,128,400,295,penny_chebyshev_matrix_free,quantum,1.3299146890640259,87.5,0.0391774500021711,True,Approximate matrix-free Chebyshev path; adaptive degree=8.
4,150,128,400,296,penny_chebyshev_matrix_free,quantum,1.3299118280410767,87.5,0.03925287298625335,True,Approximate matrix-free Chebyshev path; adaptive degree=8.
4,150,128,400,297,penny_chebyshev_matrix_free,quantum,1.329908847808838,87.5,0.0409386670216918,True,Approximate matrix-free Chebyshev path; adaptive degree=8.
4,150,128,400,298,penny_chebyshev_matrix_free,quantum,1.3299061059951782,87.5,0.03999637102242559,True,Approximate matrix-free Chebyshev path; adaptive degree=8.
4,150,128,400,299,penny_chebyshev_matrix_free,quantum,1.329903244972229,87.5,0.03924848901806399,True,Approximate matrix-free Chebyshev path; adaptive degree=8.
4,150,128,400,300,penny_chebyshev_matrix_free,quantum,1.3299006223678589,87.5,0.03925644000992179,True,Approximate matrix-free Chebyshev path; adaptive degree=8.
4,150,128,400,301,penny_chebyshev_matrix_free,quantum,1.3298979997634888,87.5,0.039650425023864955,True,Approximate matrix-free Chebyshev path; adaptive degree=8.
4,150,128,400,302,penny_chebyshev_matrix_free,quantum,1.3298954963684082,87.5,0.03890120697906241,True,Approximate matrix-free Chebyshev path; adaptive degree=8.
4,150,128,400,303,penny_chebyshev_matrix_free,quantum,1.329892873764038,87.5,0.04142930096713826,True,Approximate matrix-free Chebyshev path; adaptive degree=8.
4,150,128,400,304,penny_chebyshev_matrix_free,quantum,1.3298903703689575,87.5,0.03930693195434287,True,Approximate matrix-free Chebyshev path; adaptive degree=8.
4,150,128,400,305,penny_chebyshev_matrix_free,quantum,1.3298883438110352,87.5,0.03914548095781356,True,Approximate matrix-free Chebyshev path; adaptive degree=8.
4,150,128,400,306,penny_chebyshev_matrix_free,quantum,1.3298858404159546,87.5,0.03966144198784605,True,Approximate matrix-free Chebyshev path; adaptive degree=8.
4,150,128,400,307,penny_chebyshev_matrix_free,quantum,1.3298838138580322,87.5,0.04185883200261742,True,Approximate matrix-free Chebyshev path; adaptive degree=8.
4,150,128,400,308,penny_chebyshev_matrix_free,quantum,1.329881191253662,87.5,0.039473355980589986,True,Approximate matrix-free Chebyshev path; adaptive degree=8.
4,150,128,400,309,penny_chebyshev_matrix_free,quantum,1.3298789262771606,87.5,0.04002980899531394,True,Approximate matrix-free Chebyshev path; adaptive degree=8.
4,150,128,400,310,penny_chebyshev_matrix_free,quantum,1.3298770189285278,87.5,0.03958916204283014,True,Approximate matrix-free Chebyshev path; adaptive degree=8.
4,150,128,400,311,penny_chebyshev_matrix_free,quantum,1.329874873161316,87.5,0.03992384602315724,True,Approximate matrix-free Chebyshev path; adaptive degree=8.
4,150,128,400,312,penny_chebyshev_matrix_free,quantum,1.3298726081848145,87.5,0.03964389499742538,True,Approximate matrix-free Chebyshev path; adaptive degree=8.
4,150,128,400,313,penny_chebyshev_matrix_free,quantum,1.329870581626892,87.5,0.039985693001654,True,Approximate matrix-free Chebyshev path; adaptive degree=8.
4,150,128,400,314,penny_chebyshev_matrix_free,quantum,1.3298687934875488,87.5,0.03995086398208514,True,Approximate matrix-free Chebyshev path; adaptive degree=8.
4,150,128,400,315,penny_chebyshev_matrix_free,quantum,1.3298670053482056,87.5,0.04072647599969059,True,Approximate matrix-free Chebyshev path; adaptive degree=8.
4,150,128,400,316,penny_chebyshev_matrix_free,quantum,1.3298650979995728,87.5,0.04088090598816052,True,Approximate matrix-free Chebyshev path; adaptive degree=8.
4,150,128,400,317,penny_chebyshev_matrix_free,quantum,1.329863429069519,87.5,0.04017992998706177,True,Approximate matrix-free Chebyshev path; adaptive degree=8.
4,150,128,400,318,penny_chebyshev_matrix_free,quantum,1.3298617601394653,87.5,0.03958477999549359,True,Approximate matrix-free Chebyshev path; adaptive degree=8.
4,150,128,400,319,penny_chebyshev_matrix_free,quantum,1.329859733581543,87.5,0.03966398001648486,True,Approximate matrix-free Chebyshev path; adaptive degree=8.
4,150,128,400,320,penny_chebyshev_matrix_free,quantum,1.3298579454421997,87.5,0.03914883901597932,True,Approximate matrix-free Chebyshev path; adaptive degree=8.
4,150,128,400,321,penny_chebyshev_matrix_free,quantum,1.3298563957214355,87.5,0.04063401999883354,True,Approximate matrix-free Chebyshev path; adaptive degree=8.
4,150,128,400,322,penny_chebyshev_matrix_free,quantum,1.3298546075820923,87.5,0.04001674702158198,True,Approximate matrix-free Chebyshev path; adaptive degree=8.
4,150,128,400,323,penny_chebyshev_matrix_free,quantum,1.3298531770706177,87.5,0.03949115501018241,True,Approximate matrix-free Chebyshev path; adaptive degree=8.
4,150,128,400,324,penny_chebyshev_matrix_free,quantum,1.329851508140564,87.5,0.039601054042577744,True,Approximate matrix-free Chebyshev path; adaptive degree=8.
4,150,128,400,325,penny_chebyshev_matrix_free,quantum,1.329850196838379,87.5,0.04106286697788164,True,Approximate matrix-free Chebyshev path; adaptive degree=8.
4,150,128,400,326,penny_chebyshev_matrix_free,quantum,1.3298487663269043,87.5,0.03941756096901372,True,Approximate matrix-free Chebyshev path; adaptive degree=8.
4,150,128,400,327,penny_chebyshev_matrix_free,quantum,1.3298474550247192,87.5,0.042356208025012165,True,Approximate matrix-free Chebyshev path; adaptive degree=8.
4,150,128,400,328,penny_chebyshev_matrix_free,quantum,1.329845905303955,87.5,0.0399612250039354,True,Approximate matrix-free Chebyshev path; adaptive degree=8.
4,150,128,400,329,penny_chebyshev_matrix_free,quantum,1.32984459400177,87.5,0.03979364602128044,True,Approximate matrix-free Chebyshev path; adaptive degree=8.
4,150,128,400,330,penny_chebyshev_matrix_free,quantum,1.329843282699585,87.5,0.04121832299279049,True,Approximate matrix-free Chebyshev path; adaptive degree=8.
4,150,128,400,331,penny_chebyshev_matrix_free,quantum,1.3298420906066895,87.5,0.04033366800285876,True,Approximate matrix-free Chebyshev path; adaptive degree=8.
4,150,128,400,332,penny_chebyshev_matrix_free,quantum,1.3298407793045044,87.5,0.040733048983383924,True,Approximate matrix-free Chebyshev path; adaptive degree=8.
4,150,128,400,333,penny_chebyshev_matrix_free,quantum,1.3298395872116089,87.5,0.03971216100035235,True,Approximate matrix-free Chebyshev path; adaptive degree=8.
4,150,128,400,334,penny_chebyshev_matrix_free,quantum,1.3298381567001343,87.5,0.04026738798711449,True,Approximate matrix-free Chebyshev path; adaptive degree=8.
4,150,128,400,335,penny_chebyshev_matrix_free,quantum,1.3298370838165283,87.5,0.040161862038075924,True,Approximate matrix-free Chebyshev path; adaptive degree=8.
4,150,128,400,336,penny_chebyshev_matrix_free,quantum,1.3298358917236328,87.5,0.04038210096769035,True,Approximate matrix-free Chebyshev path; adaptive degree=8.
4,150,128,400,337,penny_chebyshev_matrix_free,quantum,1.3298349380493164,87.5,0.04054529202403501,True,Approximate matrix-free Chebyshev path; adaptive degree=8.
4,150,128,400,338,penny_chebyshev_matrix_free,quantum,1.3298336267471313,87.5,0.040867705014534295,True,Approximate matrix-free Chebyshev path; adaptive degree=8.
4,150,128,400,339,penny_chebyshev_matrix_free,quantum,1.3298327922821045,87.5,0.04134734999388456,True,Approximate matrix-free Chebyshev path; adaptive degree=8.
4,150,128,400,340,penny_chebyshev_matrix_free,quantum,1.329831600189209,87.5,0.04421811702195555,True,Approximate matrix-free Chebyshev path; adaptive degree=8.
4,150,128,400,341,penny_chebyshev_matrix_free,quantum,1.3298307657241821,87.5,0.04020925902295858,True,Approximate matrix-free Chebyshev path; adaptive degree=8.
4,150,128,400,342,penny_chebyshev_matrix_free,quantum,1.3298295736312866,87.5,0.04051184299169108,True,Approximate matrix-free Chebyshev path; adaptive degree=8.
4,150,128,400,343,penny_chebyshev_matrix_free,quantum,1.3298283815383911,87.5,0.0404662030050531,True,Approximate matrix-free Chebyshev path; adaptive degree=8.
4,150,128,400,344,penny_chebyshev_matrix_free,quantum,1.3298275470733643,87.5,0.03979338804492727,True,Approximate matrix-free Chebyshev path; adaptive degree=8.
4,150,128,400,345,penny_chebyshev_matrix_free,quantum,1.3298267126083374,87.5,0.041745337017346174,True,Approximate matrix-free Chebyshev path; adaptive degree=8.
4,150,128,400,346,penny_chebyshev_matrix_free,quantum,1.329825520515442,87.5,0.04162928101141006,True,Approximate matrix-free Chebyshev path; adaptive degree=8.
4,150,128,400,347,penny_chebyshev_matrix_free,quantum,1.3298245668411255,87.5,0.04100681800628081,True,Approximate matrix-free Chebyshev path; adaptive degree=8.
4,150,128,400,348,penny_chebyshev_matrix_free,quantum,1.329823613166809,87.5,0.040953274990897626,True,Approximate matrix-free Chebyshev path; adaptive degree=8.
4,150,128,400,349,penny_chebyshev_matrix_free,quantum,1.3298230171203613,87.5,0.04066830797819421,True,Approximate matrix-free Chebyshev path; adaptive degree=8.
4,150,128,400,350,penny_chebyshev_matrix_free,quantum,1.3298221826553345,87.5,0.04135612997924909,True,Approximate matrix-free Chebyshev path; adaptive degree=8.
4,150,128,400,351,penny_chebyshev_matrix_free,quantum,1.329821228981018,87.5,0.040765627985820174,True,Approximate matrix-free Chebyshev path; adaptive degree=8.
4,150,128,400,352,penny_chebyshev_matrix_free,quantum,1.3298203945159912,87.5,0.04194058501161635,True,Approximate matrix-free Chebyshev path; adaptive degree=8.
4,150,128,400,353,penny_chebyshev_matrix_free,quantum,1.329819679260254,87.5,0.0391215659910813,True,Approximate matrix-free Chebyshev path; adaptive degree=8.
4,150,128,400,354,penny_chebyshev_matrix_free,quantum,1.3298190832138062,87.5,0.041506695037242025,True,Approximate matrix-free Chebyshev path; adaptive degree=8.
4,150,128,400,355,penny_chebyshev_matrix_free,quantum,1.3298184871673584,87.5,0.04003190895309672,True,Approximate matrix-free Chebyshev path; adaptive degree=8.
4,150,128,400,356,penny_chebyshev_matrix_free,quantum,1.3298176527023315,87.5,0.041407013952266425,True,Approximate matrix-free Chebyshev path; adaptive degree=8.
4,150,128,400,357,penny_chebyshev_matrix_free,quantum,1.3298169374465942,87.5,0.041422369016800076,True,Approximate matrix-free Chebyshev path; adaptive degree=8.
4,150,128,400,358,penny_chebyshev_matrix_free,quantum,1.3298159837722778,87.5,0.0406917060026899,True,Approximate matrix-free Chebyshev path; adaptive degree=8.
4,150,128,400,359,penny_chebyshev_matrix_free,quantum,1.3298152685165405,87.5,0.04153731104452163,True,Approximate matrix-free Chebyshev path; adaptive degree=8.
4,150,128,400,360,penny_chebyshev_matrix_free,quantum,1.3298146724700928,87.5,0.04097585898125544,True,Approximate matrix-free Chebyshev path; adaptive degree=8.
4,150,128,400,361,penny_chebyshev_matrix_free,quantum,1.329814076423645,87.5,0.04144364601233974,True,Approximate matrix-free Chebyshev path; adaptive degree=8.
4,150,128,400,362,penny_chebyshev_matrix_free,quantum,1.3298134803771973,87.5,0.040124160004779696,True,Approximate matrix-free Chebyshev path; adaptive degree=8.
4,150,128,400,363,penny_chebyshev_matrix_free,quantum,1.3298126459121704,87.5,0.04086418100632727,True,Approximate matrix-free Chebyshev path; adaptive degree=8.
4,150,128,400,364,penny_chebyshev_matrix_free,quantum,1.3298121690750122,87.5,0.0395668430137448,True,Approximate matrix-free Chebyshev path; adaptive degree=8.
4,150,128,400,365,penny_chebyshev_matrix_free,quantum,1.3298118114471436,87.5,0.04039852600544691,True,Approximate matrix-free Chebyshev path; adaptive degree=8.
4,150,128,400,366,penny_chebyshev_matrix_free,quantum,1.3298112154006958,87.5,0.03973823902197182,True,Approximate matrix-free Chebyshev path; adaptive degree=8.
4,150,128,400,367,penny_chebyshev_matrix_free,quantum,1.3298105001449585,87.5,0.0398967899964191,True,Approximate matrix-free Chebyshev path; adaptive degree=8.
4,150,128,400,368,penny_chebyshev_matrix_free,quantum,1.3298100233078003,87.5,0.04155920195626095,True,Approximate matrix-free Chebyshev path; adaptive degree=8.
4,150,128,400,369,penny_chebyshev_matrix_free,quantum,1.329809546470642,87.5,0.04032269702292979,True,Approximate matrix-free Chebyshev path; adaptive degree=8.
4,150,128,400,370,penny_chebyshev_matrix_free,quantum,1.3298088312149048,87.5,0.03927963902242482,True,Approximate matrix-free Chebyshev path; adaptive degree=8.
4,150,128,400,371,penny_chebyshev_matrix_free,quantum,1.329808235168457,87.5,0.03900586999952793,True,Approximate matrix-free Chebyshev path; adaptive degree=8.
4,150,128,400,372,penny_chebyshev_matrix_free,quantum,1.3298078775405884,87.5,0.04057972400914878,True,Approximate matrix-free Chebyshev path; adaptive degree=8.
4,150,128,400,373,penny_chebyshev_matrix_free,quantum,1.3298076391220093,87.5,0.040312313998583704,True,Approximate matrix-free Chebyshev path; adaptive degree=8.
4,150,128,400,374,penny_chebyshev_matrix_free,quantum,1.3298065662384033,87.5,0.041389379010070115,True,Approximate matrix-free Chebyshev path; adaptive degree=8.
4,150,128,400,375,penny_chebyshev_matrix_free,quantum,1.3298066854476929,87.5,0.04011570196598768,True,Approximate matrix-free Chebyshev path; adaptive degree=8.
4,150,128,400,376,penny_chebyshev_matrix_free,quantum,1.3298062086105347,87.5,0.04086000798270106,True,Approximate matrix-free Chebyshev path; adaptive degree=8.
4,150,128,400,377,penny_chebyshev_matrix_free,quantum,1.329805612564087,87.5,0.04139649402350187,True,Approximate matrix-free Chebyshev path; adaptive degree=8.
4,150,128,400,378,penny_chebyshev_matrix_free,quantum,1.3298053741455078,87.5,0.04113674000836909,True,Approximate matrix-free Chebyshev path; adaptive degree=8.
4,150,128,400,379,penny_chebyshev_matrix_free,quantum,1.3298048973083496,87.5,0.04068154300330207,True,Approximate matrix-free Chebyshev path; adaptive degree=8.
4,150,128,400,380,penny_chebyshev_matrix_free,quantum,1.3298044204711914,87.5,0.0405253529897891,True,Approximate matrix-free Chebyshev path; adaptive degree=8.
4,150,128,400,381,penny_chebyshev_matrix_free,quantum,1.3298038244247437,87.5,0.04094896302558482,True,Approximate matrix-free Chebyshev path; adaptive degree=8.
4,150,128,400,382,penny_chebyshev_matrix_free,quantum,1.3298035860061646,87.5,0.040303005021996796,True,Approximate matrix-free Chebyshev path; adaptive degree=8.
4,150,128,400,383,penny_chebyshev_matrix_free,quantum,1.329803228378296,87.5,0.040991137037053704,True,Approximate matrix-free Chebyshev path; adaptive degree=8.
4,150,128,400,384,penny_chebyshev_matrix_free,quantum,1.3298028707504272,87.5,0.04087825503665954,True,Approximate matrix-free Chebyshev path; adaptive degree=8.
4,150,128,400,385,penny_chebyshev_matrix_free,quantum,1.3298022747039795,87.5,0.04085668904008344,True,Approximate matrix-free Chebyshev path; adaptive degree=8.
4,150,128,400,386,penny_chebyshev_matrix_free,quantum,1.3298016786575317,87.5,0.042619987041689456,True,Approximate matrix-free Chebyshev path; adaptive degree=8.
4,150,128,400,387,penny_chebyshev_matrix_free,quantum,1.3298016786575317,87.5,0.04070884600514546,True,Approximate matrix-free Chebyshev path; adaptive degree=8.
4,150,128,400,388,penny_chebyshev_matrix_free,quantum,1.329801321029663,87.5,0.04069763497682288,True,Approximate matrix-free Chebyshev path; adaptive degree=8.
4,150,128,400,389,penny_chebyshev_matrix_free,quantum,1.3298008441925049,87.5,0.04039544495753944,True,Approximate matrix-free Chebyshev path; adaptive degree=8.
4,150,128,400,390,penny_chebyshev_matrix_free,quantum,1.3298004865646362,87.5,0.04090600705239922,True,Approximate matrix-free Chebyshev path; adaptive degree=8.
4,150,128,400,391,penny_chebyshev_matrix_free,quantum,1.3298006057739258,87.5,0.04037289402913302,True,Approximate matrix-free Chebyshev path; adaptive degree=8.
4,150,128,400,392,penny_chebyshev_matrix_free,quantum,1.329799771308899,87.5,0.04347897897241637,True,Approximate matrix-free Chebyshev path; adaptive degree=8.
4,150,128,400,393,penny_chebyshev_matrix_free,quantum,1.3297995328903198,87.5,0.04284019197802991,True,Approximate matrix-free Chebyshev path; adaptive degree=8.
4,150,128,400,394,penny_chebyshev_matrix_free,quantum,1.3297996520996094,87.5,0.04094802698818967,True,Approximate matrix-free Chebyshev path; adaptive degree=8.
4,150,128,400,395,penny_chebyshev_matrix_free,quantum,1.3297990560531616,87.5,0.0415814439766109,True,Approximate matrix-free Chebyshev path; adaptive degree=8.
4,150,128,400,396,penny_chebyshev_matrix_free,quantum,1.3297988176345825,87.5,0.04157590604154393,True,Approximate matrix-free Chebyshev path; adaptive degree=8.
4,150,128,400,397,penny_chebyshev_matrix_free,quantum,1.3297984600067139,87.5,0.04123971197986975,True,Approximate matrix-free Chebyshev path; adaptive degree=8.
4,150,128,400,398,penny_chebyshev_matrix_free,quantum,1.3297984600067139,87.5,0.041083204036112875,True,Approximate matrix-free Chebyshev path; adaptive degree=8.
4,150,128,400,399,penny_chebyshev_matrix_free,quantum,1.3297979831695557,87.5,0.039595020993147045,True,Approximate matrix-free Chebyshev path; adaptive degree=8.
7,16,128,400,0,original_dense_probe,quantum,1.546537814761131,42.1875,1.1699547619791701,True,Short dense timing probe; total training time is extrapolated.
7,16,128,400,0,original_dense_probe,classical,1.4955460937328224,65.625,1.41440953098936,True,Short dense timing probe; total training time is extrapolated.
7,16,128,400,1,original_dense_probe,quantum,1.542918766199013,42.1875,1.1475673469831236,True,Short dense timing probe; total training time is extrapolated.
7,16,128,400,1,original_dense_probe,classical,1.4927072736633022,65.625,0.7895431990036741,True,Short dense timing probe; total training time is extrapolated.
7,150,128,400,0,penny_exact_aggregate,quantum,1.5471818850790635,48.4375,0.02809273498132825,True,Exact PennyLane symbolic/CSR path with label aggregation.
7,150,128,400,0,penny_diagonal_fcim,classical,1.5642321133274706,43.75,0.00014707696391269565,True,Exact diagonal FCIM path; no dense eigendecomposition.
7,150,128,400,1,penny_exact_aggregate,quantum,1.5437169496259782,49.21875,0.026793771015945822,True,Exact PennyLane symbolic/CSR path with label aggregation.
7,150,128,400,1,penny_diagonal_fcim,classical,1.5605555901014783,43.75,0.00014603498857468367,True,Exact diagonal FCIM path; no dense eigendecomposition.
7,150,128,400,2,penny_exact_aggregate,quantum,1.5403126166545429,49.21875,0.028304531995672733,True,Exact PennyLane symbolic/CSR path with label aggregation.
7,150,128,400,2,penny_diagonal_fcim,classical,1.5569410518722253,43.75,0.00015931198140606284,True,Exact diagonal FCIM path; no dense eigendecomposition.
7,150,128,400,3,penny_exact_aggregate,quantum,1.5369682273751015,49.21875,0.029092810000292957,True,Exact PennyLane symbolic/CSR path with label aggregation.
7,150,128,400,3,penny_diagonal_fcim,classical,1.5533878743278593,43.75,0.00014924496645107865,True,Exact diagonal FCIM path; no dense eigendecomposition.
7,150,128,400,4,penny_exact_aggregate,quantum,1.5336831172514025,49.21875,0.028773048019502312,True,Exact PennyLane symbolic/CSR path with label aggregation.
7,150,128,400,4,penny_diagonal_fcim,classical,1.5498954275244967,43.75,0.00014768901746720076,True,Exact diagonal FCIM path; no dense eigendecomposition.
7,150,128,400,5,penny_exact_aggregate,quantum,1.5304566164284887,49.21875,0.028653350949753076,True,Exact PennyLane symbolic/CSR path with label aggregation.
7,150,128,400,5,penny_diagonal_fcim,classical,1.5464630762070481,43.75,0.0001498549827374518,True,Exact diagonal FCIM path; no dense eigendecomposition.
7,150,128,400,6,penny_exact_aggregate,quantum,1.527288050159754,49.21875,0.026875420997384936,True,Exact PennyLane symbolic/CSR path with label aggregation.
7,150,128,400,6,penny_diagonal_fcim,classical,1.543090180132332,44.53125,0.00016741501167416573,True,Exact diagonal FCIM path; no dense eigendecomposition.
7,150,128,400,7,penny_exact_aggregate,quantum,1.5241767392325527,49.21875,0.02630505699198693,True,Exact PennyLane symbolic/CSR path with label aggregation.
7,150,128,400,7,penny_diagonal_fcim,classical,1.5397760943940582,44.53125,0.00014933903003111482,True,Exact diagonal FCIM path; no dense eigendecomposition.
7,150,128,400,8,penny_exact_aggregate,quantum,1.5211220003917432,50.0,0.025443454971536994,True,Exact PennyLane symbolic/CSR path with label aggregation.
7,150,128,400,8,penny_diagonal_fcim,classical,1.5365201697492636,45.3125,0.00014974799705669284,True,Exact diagonal FCIM path; no dense eigendecomposition.
7,150,128,400,9,penny_exact_aggregate,quantum,1.5181231467605798,50.0,0.026715160987805575,True,Exact PennyLane symbolic/CSR path with label aggregation.
7,150,128,400,9,penny_diagonal_fcim,classical,1.5333217529457766,45.3125,0.00014814897440373898,True,Exact diagonal FCIM path; no dense eigendecomposition.
7,150,128,400,10,penny_exact_aggregate,quantum,1.5151794882583756,50.0,0.02531978499609977,True,Exact PennyLane symbolic/CSR path with label aggregation.
7,150,128,400,10,penny_diagonal_fcim,classical,1.5301801870502953,45.3125,0.0001495589967817068,True,Exact diagonal FCIM path; no dense eigendecomposition.
7,150,128,400,11,penny_exact_aggregate,quantum,1.5122903320143708,50.0,0.02695107104955241,True,Exact PennyLane symbolic/CSR path with label aggregation.
7,150,128,400,11,penny_diagonal_fcim,classical,1.5270948117766552,45.3125,0.00014671898679807782,True,Exact diagonal FCIM path; no dense eigendecomposition.
7,150,128,400,12,penny_exact_aggregate,quantum,1.5094549827772883,50.0,0.02444815100170672,True,Exact PennyLane symbolic/CSR path with label aggregation.
7,150,128,400,12,penny_diagonal_fcim,classical,1.5240649638138766,45.3125,0.00016103795496746898,True,Exact diagonal FCIM path; no dense eigendecomposition.
7,150,128,400,13,penny_exact_aggregate,quantum,1.5066727433200309,50.0,0.027427121007349342,True,Exact PennyLane symbolic/CSR path with label aggregation.
7,150,128,400,13,penny_diagonal_fcim,classical,1.5210899771535713,45.3125,0.00016607902944087982,True,Exact diagonal FCIM path; no dense eigendecomposition.
7,150,128,400,14,penny_exact_aggregate,quantum,1.5039429148390515,50.0,0.02500112197594717,True,Exact PennyLane symbolic/CSR path with label aggregation.
7,150,128,400,14,penny_diagonal_fcim,classical,1.5181691834163085,45.3125,0.00014471798203885555,True,Exact diagonal FCIM path; no dense eigendecomposition.
7,150,128,400,15,penny_exact_aggregate,quantum,1.5012647973479063,50.0,0.02580158202908933,True,Exact PennyLane symbolic/CSR path with label aggregation.
7,150,128,400,15,penny_diagonal_fcim,classical,1.515301912176528,45.3125,0.00014733901480212808,True,Exact diagonal FCIM path; no dense eigendecomposition.
7,150,128,400,16,penny_exact_aggregate,quantum,1.4986376900645464,50.0,0.024234121956396848,True,Exact PennyLane symbolic/CSR path with label aggregation.
7,150,128,400,16,penny_diagonal_fcim,classical,1.5124874912856137,45.3125,0.00015009299386292696,True,Exact diagonal FCIM path; no dense eigendecomposition.
7,150,128,400,17,penny_exact_aggregate,quantum,1.4960608917919176,50.78125,0.027523521974217147,True,Exact PennyLane symbolic/CSR path with label aggregation.
7,150,128,400,17,penny_diagonal_fcim,classical,1.5097252471927238,46.09375,0.0001551759778521955,True,Exact diagonal FCIM path; no dense eigendecomposition.
7,150,128,400,18,penny_exact_aggregate,quantum,1.4935337012914824,50.78125,0.02367251500254497,True,Exact PennyLane symbolic/CSR path with label aggregation.
7,150,128,400,18,penny_diagonal_fcim,classical,1.5070145052630144,46.09375,0.00016107503324747086,True,Exact diagonal FCIM path; no dense eigendecomposition.
7,150,128,400,19,penny_exact_aggregate,quantum,1.4910554176492548,51.5625,0.027265865996014327,True,Exact PennyLane symbolic/CSR path with label aggregation.
7,150,128,400,19,penny_diagonal_fcim,classical,1.504354590092865,46.09375,0.00014644599286839366,True,Exact diagonal FCIM path; no dense eigendecomposition.
7,150,128,400,20,penny_exact_aggregate,quantum,1.4886253406340313,51.5625,0.02420251496369019,True,Exact PennyLane symbolic/CSR path with label aggregation.
7,150,128,400,20,penny_diagonal_fcim,classical,1.5017448258217587,46.09375,0.00014913699124008417,True,Exact diagonal FCIM path; no dense eigendecomposition.
7,150,128,400,21,penny_exact_aggregate,quantum,1.4862427710474728,51.5625,0.13028888398548588,True,Exact PennyLane symbolic/CSR path with label aggregation.
7,150,128,400,21,penny_diagonal_fcim,classical,1.4991845364404548,46.09375,0.0001454559969715774,True,Exact diagonal FCIM path; no dense eigendecomposition.
7,150,128,400,22,penny_exact_aggregate,quantum,1.483907011065729,51.5625,0.023866390984039754,True,Exact PennyLane symbolic/CSR path with label aggregation.
7,150,128,400,22,penny_diagonal_fcim,classical,1.496673046095117,46.09375,0.000150881998706609,True,Exact diagonal FCIM path; no dense eigendecomposition.
7,150,128,400,23,penny_exact_aggregate,quantum,1.4816173645723605,51.5625,0.028983513999264687,True,Exact PennyLane symbolic/CSR path with label aggregation.
7,150,128,400,23,penny_diagonal_fcim,classical,1.4942096793870707,46.09375,0.00014515401562675834,True,Exact diagonal FCIM path; no dense eigendecomposition.
7,150,128,400,24,penny_exact_aggregate,quantum,1.4793731374822616,51.5625,0.023404370003845543,True,Exact PennyLane symbolic/CSR path with label aggregation.
7,150,128,400,24,penny_diagonal_fcim,classical,1.4917937616678678,46.09375,0.00015241699293255806,True,Exact diagonal FCIM path; no dense eigendecomposition.
7,150,128,400,25,penny_exact_aggregate,quantum,1.4771736380564118,51.5625,0.02777550194878131,True,Exact PennyLane symbolic/CSR path with label aggregation.
7,150,128,400,25,penny_diagonal_fcim,classical,1.4894246193293623,46.09375,0.000142398988828063,True,Exact diagonal FCIM path; no dense eigendecomposition.
7,150,128,400,26,penny_exact_aggregate,quantum,1.4750181772072097,51.5625,0.024232280033174902,True,Exact PennyLane symbolic/CSR path with label aggregation.
7,150,128,400,26,penny_diagonal_fcim,classical,1.4871015800885026,46.09375,0.0001671149511821568,True,Exact diagonal FCIM path; no dense eigendecomposition.
7,150,128,400,27,penny_exact_aggregate,quantum,1.4729060687942512,52.34375,0.026321849960368127,True,Exact PennyLane symbolic/CSR path with label aggregation.
7,150,128,400,27,penny_diagonal_fcim,classical,1.4848239732665716,46.09375,0.00014670396922156215,True,Exact diagonal FCIM path; no dense eigendecomposition.
7,150,128,400,28,penny_exact_aggregate,quantum,1.4708366299103708,52.34375,0.029858797963242978,True,Exact PennyLane symbolic/CSR path with label aggregation.
7,150,128,400,28,penny_diagonal_fcim,classical,1.4825911300626107,46.09375,0.00014931202167645097,True,Exact diagonal FCIM path; no dense eigendecomposition.
7,150,128,400,29,penny_exact_aggregate,quantum,1.4688091811578419,52.34375,0.027457919029984623,True,Exact PennyLane symbolic/CSR path with label aggregation.
7,150,128,400,29,penny_diagonal_fcim,classical,1.4804023838207852,46.09375,0.00016429898096248507,True,Exact diagonal FCIM path; no dense eigendecomposition.
7,150,128,400,30,penny_exact_aggregate,quantum,1.4668230469146357,52.34375,0.025331568031106144,True,Exact PennyLane symbolic/CSR path with label aggregation.
7,150,128,400,30,penny_diagonal_fcim,classical,1.4782570702914621,46.09375,0.00014705897774547338,True,Exact diagonal FCIM path; no dense eigendecomposition.
7,150,128,400,31,penny_exact_aggregate,quantum,1.4648775555906215,52.34375,0.030894119990989566,True,Exact PennyLane symbolic/CSR path with label aggregation.
7,150,128,400,31,penny_diagonal_fcim,classical,1.4761545278857882,46.09375,0.00014473096234723926,True,Exact diagonal FCIM path; no dense eigendecomposition.
7,150,128,400,32,penny_exact_aggregate,quantum,1.4629720398737085,52.34375,0.029564205033238977,True,Exact PennyLane symbolic/CSR path with label aggregation.
7,150,128,400,32,penny_diagonal_fcim,classical,1.4740940979235684,46.09375,0.0001488669659011066,True,Exact diagonal FCIM path; no dense eigendecomposition.
7,150,128,400,33,penny_exact_aggregate,quantum,1.4611058369658416,52.34375,0.03184147604042664,True,Exact PennyLane symbolic/CSR path with label aggregation.
7,150,128,400,33,penny_diagonal_fcim,classical,1.4720751248742692,46.09375,0.00014713499695062637,True,Exact diagonal FCIM path; no dense eigendecomposition.
7,150,128,400,34,penny_exact_aggregate,quantum,1.4592782888088671,52.34375,0.02797996497247368,True,Exact PennyLane symbolic/CSR path with label aggregation.
7,150,128,400,34,penny_diagonal_fcim,classical,1.470096956590976,46.09375,0.00014790898421779275,True,Exact diagonal FCIM path; no dense eigendecomposition.
7,150,128,400,35,penny_exact_aggregate,quantum,1.4574887423002556,53.125,0.03505742200650275,True,Exact PennyLane symbolic/CSR path with label aggregation.
7,150,128,400,35,penny_diagonal_fcim,classical,1.4681589445371612,46.09375,0.00015231099678203464,True,Exact diagonal FCIM path; no dense eigendecomposition.
7,150,128,400,36,penny_exact_aggregate,quantum,1.4557365494987207,53.125,0.029591640981379896,True,Exact PennyLane symbolic/CSR path with label aggregation.
7,150,128,400,36,penny_diagonal_fcim,classical,1.4662604440061275,46.09375,0.00014805898535996675,True,Exact diagonal FCIM path; no dense eigendecomposition.
7,150,128,400,37,penny_exact_aggregate,quantum,1.454021067819765,53.125,0.03782960498938337,True,Exact PennyLane symbolic/CSR path with label aggregation.
7,150,128,400,37,penny_diagonal_fcim,classical,1.4644008143330167,46.09375,0.00014548201579600573,True,Exact diagonal FCIM path; no dense eigendecomposition.
7,150,128,400,38,penny_exact_aggregate,quantum,1.4523416602212125,53.125,0.03259183495538309,True,Exact PennyLane symbolic/CSR path with label aggregation.
7,150,128,400,38,penny_diagonal_fcim,classical,1.4625794190992751,46.09375,0.00014973897486925125,True,Exact diagonal FCIM path; no dense eigendecomposition.
7,150,128,400,39,penny_exact_aggregate,quantum,1.4506976953788189,53.125,0.0323440219508484,True,Exact PennyLane symbolic/CSR path with label aggregation.
7,150,128,400,39,penny_diagonal_fcim,classical,1.4607956263295008,46.09375,0.0001474799937568605,True,Exact diagonal FCIM path; no dense eigendecomposition.
7,150,128,400,40,penny_exact_aggregate,quantum,1.449088547852034,53.125,0.033357342006638646,True,Exact PennyLane symbolic/CSR path with label aggregation.
7,150,128,400,40,penny_diagonal_fcim,classical,1.4590488086806013,46.09375,0.0007499560015276074,True,Exact diagonal FCIM path; no dense eigendecomposition.
7,150,128,400,41,penny_exact_aggregate,quantum,1.4475135982400382,53.125,0.02623439399758354,True,Exact PennyLane symbolic/CSR path with label aggregation.
7,150,128,400,41,penny_diagonal_fcim,classical,1.457338343623207,46.09375,0.00014492700574919581,True,Exact diagonal FCIM path; no dense eigendecomposition.
7,150,128,400,42,penny_exact_aggregate,quantum,1.4459722333281673,53.125,0.030317932018078864,True,Exact PennyLane symbolic/CSR path with label aggregation.
7,150,128,400,42,penny_diagonal_fcim,classical,1.45566361361531,46.09375,0.0001474799937568605,True,Exact diagonal FCIM path; no dense eigendecomposition.
7,150,128,400,43,penny_exact_aggregate,quantum,1.4444638462248554,53.125,0.02748764998978004,True,Exact PennyLane symbolic/CSR path with label aggregation.
7,150,128,400,43,penny_diagonal_fcim,classical,1.4540240062680971,46.875,0.0001457780017517507,True,Exact diagonal FCIM path; no dense eigendecomposition.
7,150,128,400,44,penny_exact_aggregate,quantum,1.442987836489263,53.125,0.032101040007546544,True,Exact PennyLane symbolic/CSR path with label aggregation.
7,150,128,400,44,penny_diagonal_fcim,classical,1.4524189145039788,46.875,0.000148713996168226,True,Exact diagonal FCIM path; no dense eigendecomposition.
7,150,128,400,45,penny_exact_aggregate,quantum,1.4415436102497203,53.125,0.03361000202130526,True,Exact PennyLane symbolic/CSR path with label aggregation.
7,150,128,400,45,penny_diagonal_fcim,classical,1.4508477367068124,46.875,0.00014568300684913993,True,Exact diagonal FCIM path; no dense eigendecomposition.
7,150,128,400,46,penny_exact_aggregate,quantum,1.4401305803131892,53.125,0.03753406897885725,True,Exact PennyLane symbolic/CSR path with label aggregation.
7,150,128,400,46,penny_diagonal_fcim,classical,1.4493098768643455,46.875,0.00014529499458149076,True,Exact diagonal FCIM path; no dense eigendecomposition.
7,150,128,400,47,penny_exact_aggregate,quantum,1.438748166265873,53.125,0.03215878002811223,True,Exact PennyLane symbolic/CSR path with label aggregation.
7,150,128,400,47,penny_diagonal_fcim,classical,1.447804744702907,46.875,0.00014569301856681705,True,Exact diagonal FCIM path; no dense eigendecomposition.
7,150,128,400,48,penny_exact_aggregate,quantum,1.437395794565219,53.125,0.031096697959583253,True,Exact PennyLane symbolic/CSR path with label aggregation.
7,150,128,400,48,penny_diagonal_fcim,classical,1.4463317558143989,46.875,0.00014641700545325875,True,Exact diagonal FCIM path; no dense eigendecomposition.
7,150,128,400,49,penny_exact_aggregate,quantum,1.4360728986234674,53.125,0.03970380697865039,True,Exact PennyLane symbolic/CSR path with label aggregation.
7,150,128,400,49,penny_diagonal_fcim,classical,1.4448903317756387,46.875,0.00015018100384622812,True,Exact diagonal FCIM path; no dense eigendecomposition.
7,150,128,400,50,penny_exact_aggregate,quantum,1.4347789188829545,53.125,0.028416275046765804,True,Exact PennyLane symbolic/CSR path with label aggregation.
7,150,128,400,50,penny_diagonal_fcim,classical,1.4434799002601277,46.875,0.00018868799088522792,True,Exact diagonal FCIM path; no dense eigendecomposition.
7,150,128,400,51,penny_exact_aggregate,quantum,1.4335133028833948,53.125,0.023746085003949702,True,Exact PennyLane symbolic/CSR path with label aggregation.
7,150,128,400,51,penny_diagonal_fcim,classical,1.4420998951423254,46.875,0.000149529951158911,True,Exact diagonal FCIM path; no dense eigendecomposition.
7,150,128,400,52,penny_exact_aggregate,quantum,1.4322755053213418,53.90625,0.02760584803763777,True,Exact PennyLane symbolic/CSR path with label aggregation.
7,150,128,400,52,penny_diagonal_fcim,classical,1.4407497565945149,46.875,0.00014790799468755722,True,Exact diagonal FCIM path; no dense eigendecomposition.
7,150,128,400,53,penny_exact_aggregate,quantum,1.431064988102043,53.90625,0.026696747983805835,True,Exact PennyLane symbolic/CSR path with label aggregation.
7,150,128,400,53,penny_diagonal_fcim,classical,1.4394289311763708,46.875,0.0002308990224264562,True,Exact diagonal FCIM path; no dense eigendecomposition.
7,150,128,400,54,penny_exact_aggregate,quantum,1.429881220383924,53.90625,0.027113230957183987,True,Exact PennyLane symbolic/CSR path with label aggregation.
7,150,128,400,54,penny_diagonal_fcim,classical,1.4381368719173284,46.875,0.00014745601220056415,True,Exact diagonal FCIM path; no dense eigendecomposition.
7,150,128,400,55,penny_exact_aggregate,quantum,1.42872367861591,53.90625,0.02343374997144565,True,Exact PennyLane symbolic/CSR path with label aggregation.
7,150,128,400,55,penny_diagonal_fcim,classical,1.4368730383918826,46.875,0.00014981802087277174,True,Exact diagonal FCIM path; no dense eigendecomposition.
7,150,128,400,56,penny_exact_aggregate,quantum,1.4275918465678292,53.90625,0.030004114960320294,True,Exact PennyLane symbolic/CSR path with label aggregation.
7,150,128,400,56,penny_diagonal_fcim,classical,1.4356368967879363,46.875,0.0001469730050303042,True,Exact diagonal FCIM path; no dense eigendecomposition.
7,150,128,400,57,penny_exact_aggregate,quantum,1.4264852153541114,53.90625,0.023681282997131348,True,Exact PennyLane symbolic/CSR path with label aggregation.
7,150,128,400,57,penny_diagonal_fcim,classical,1.4344279199683379,46.875,0.00015385699225589633,True,Exact diagonal FCIM path; no dense eigendecomposition.
7,150,128,400,58,penny_exact_aggregate,quantum,1.4254032834510273,53.90625,0.024799869977869093,True,Exact PennyLane symbolic/CSR path with label aggregation.
7,150,128,400,58,penny_diagonal_fcim,classical,1.433245587525745,46.875,0.00014892005128785968,True,Exact diagonal FCIM path; no dense eigendecomposition.
7,150,128,400,59,penny_exact_aggregate,quantum,1.4243455567076837,53.90625,0.039255092036910355,True,Exact PennyLane symbolic/CSR path with label aggregation.
7,150,128,400,59,penny_diagonal_fcim,classical,1.432089385830967,46.875,0.0001460899948142469,True,Exact diagonal FCIM path; no dense eigendecomposition.
7,150,128,400,60,penny_exact_aggregate,quantum,1.423311548351023,53.90625,0.023653734009712934,True,Exact PennyLane symbolic/CSR path with label aggregation.
7,150,128,400,60,penny_diagonal_fcim,classical,1.430958808074932,46.875,0.00016297196270897985,True,Exact diagonal FCIM path; no dense eigendecomposition.
7,150,128,400,61,penny_exact_aggregate,quantum,1.4223007789850417,53.90625,0.024617236980702728,True,Exact PennyLane symbolic/CSR path with label aggregation.
7,150,128,400,61,penny_diagonal_fcim,classical,1.429853354304447,46.875,0.00014954700600355864,True,Exact diagonal FCIM path; no dense eigendecomposition.
7,150,128,400,62,penny_exact_aggregate,quantum,1.4213127765844689,54.6875,0.027169496985152364,True,Exact PennyLane symbolic/CSR path with label aggregation.
7,150,128,400,62,penny_diagonal_fcim,classical,1.4287725314519033,46.875,0.00014511100016534328,True,Exact diagonal FCIM path; no dense eigendecomposition.
7,150,128,400,63,penny_exact_aggregate,quantum,1.4203470764831303,54.6875,0.035804895975161344,True,Exact PennyLane symbolic/CSR path with label aggregation.
7,150,128,400,63,penny_diagonal_fcim,classical,1.4277158533591026,46.875,0.00014803203521296382,True,Exact diagonal FCIM path; no dense eigendecomposition.
7,150,128,400,64,penny_exact_aggregate,quantum,1.419403221357221,55.46875,0.02751387603348121,True,Exact PennyLane symbolic/CSR path with label aggregation.
7,150,128,400,64,penny_diagonal_fcim,classical,1.4266828407953698,46.875,0.00014696101425215602,True,Exact diagonal FCIM path; no dense eigendecomposition.
7,150,128,400,65,penny_exact_aggregate,quantum,1.4184807612037162,57.03125,0.02682694495888427,True,Exact PennyLane symbolic/CSR path with label aggregation.
7,150,128,400,65,penny_diagonal_fcim,classical,1.4256730214701259,46.875,0.00015013397205621004,True,Exact diagonal FCIM path; no dense eigendecomposition.
7,150,128,400,66,penny_exact_aggregate,quantum,1.417579253314138,57.03125,0.02292562898946926,True,Exact PennyLane symbolic/CSR path with label aggregation.
7,150,128,400,66,penny_diagonal_fcim,classical,1.4246859300400982,46.875,0.00015146296937018633,True,Exact diagonal FCIM path; no dense eigendecomposition.
7,150,128,400,67,penny_exact_aggregate,quantum,1.4166982622438966,57.03125,0.02757537498837337,True,Exact PennyLane symbolic/CSR path with label aggregation.
7,150,128,400,67,penny_diagonal_fcim,classical,1.4237211081113457,46.875,0.0001606429577805102,True,Exact diagonal FCIM path; no dense eigendecomposition.
7,150,128,400,68,penny_exact_aggregate,quantum,1.4158373597774352,57.03125,0.023604600981343538,True,Exact PennyLane symbolic/CSR path with label aggregation.
7,150,128,400,68,penny_diagonal_fcim,classical,1.4227781042362744,46.09375,0.0001523260143585503,True,Exact diagonal FCIM path; no dense eigendecomposition.
7,150,128,400,69,penny_exact_aggregate,quantum,1.4149961248893583,57.8125,0.027122570958454162,True,Exact PennyLane symbolic/CSR path with label aggregation.
7,150,128,400,69,penny_diagonal_fcim,classical,1.42185647390583,46.09375,0.00014717498561367393,True,Exact diagonal FCIM path; no dense eigendecomposition.
7,150,128,400,70,penny_exact_aggregate,quantum,1.4141741437017954,57.03125,0.024373552994802594,True,Exact PennyLane symbolic/CSR path with label aggregation.
7,150,128,400,70,penny_diagonal_fcim,classical,1.420955779537039,46.09375,0.000148529012221843,True,Exact diagonal FCIM path; no dense eigendecomposition.
7,150,128,400,71,penny_exact_aggregate,quantum,1.4133710094381597,57.03125,0.026116996014025062,True,Exact PennyLane symbolic/CSR path with label aggregation.
7,150,128,400,71,penny_diagonal_fcim,classical,1.42007559045609,46.09375,0.0001465330133214593,True,Exact diagonal FCIM path; no dense eigendecomposition.
7,150,128,400,72,penny_exact_aggregate,quantum,1.412586322373547,57.03125,0.026533283991739154,True,Exact PennyLane symbolic/CSR path with label aggregation.
7,150,128,400,72,penny_diagonal_fcim,classical,1.41921548287712,46.09375,0.00015963701298460364,True,Exact diagonal FCIM path; no dense eigendecomposition.
7,150,128,400,73,penny_exact_aggregate,quantum,1.4118196897819242,57.03125,0.025500963965896517,True,Exact PennyLane symbolic/CSR path with label aggregation.
7,150,128,400,73,penny_diagonal_fcim,classical,1.418375039876905,46.09375,0.00017504405695945024,True,Exact diagonal FCIM path; no dense eigendecomposition.
7,150,128,400,74,penny_exact_aggregate,quantum,1.4110707258803348,57.8125,0.027547865000087768,True,Exact PennyLane symbolic/CSR path with label aggregation.
7,150,128,400,74,penny_diagonal_fcim,classical,1.4175538513656152,46.09375,0.00014623801689594984,True,Exact diagonal FCIM path; no dense eigendecomposition.
7,150,128,400,75,penny_exact_aggregate,quantum,1.4103390517702916,57.8125,0.02326772903325036,True,Exact PennyLane symbolic/CSR path with label aggregation.
7,150,128,400,75,penny_diagonal_fcim,classical,1.4167515140538207,46.09375,0.00014735502190887928,True,Exact diagonal FCIM path; no dense eigendecomposition.
7,150,128,400,76,penny_exact_aggregate,quantum,1.4096242953765394,57.8125,0.02837328496389091,True,Exact PennyLane symbolic/CSR path with label aggregation.
7,150,128,400,76,penny_diagonal_fcim,classical,1.4159676314159246,46.09375,0.00014523498248308897,True,Exact diagonal FCIM path; no dense eigendecomposition.
7,150,128,400,77,penny_exact_aggregate,quantum,1.408926091383361,57.8125,0.023733952024485916,True,Exact PennyLane symbolic/CSR path with label aggregation.
7,150,128,400,77,penny_diagonal_fcim,classical,1.4152018136501936,46.09375,0.00014728400856256485,True,Exact diagonal FCIM path; no dense eigendecomposition.
7,150,128,400,78,penny_exact_aggregate,quantum,1.4082440811686125,58.59375,0.026919013005681336,True,Exact PennyLane symbolic/CSR path with label aggregation.
7,150,128,400,78,penny_diagonal_fcim,classical,1.4144536776355543,46.09375,0.0001429569674655795,True,Exact diagonal FCIM path; no dense eigendecomposition.
7,150,128,400,79,penny_exact_aggregate,quantum,1.407577912735632,58.59375,0.023900886008050293,True,Exact PennyLane symbolic/CSR path with label aggregation.
7,150,128,400,79,penny_diagonal_fcim,classical,1.4137228468853325,46.09375,0.000145162979606539,True,Exact diagonal FCIM path; no dense eigendecomposition.
7,150,128,400,80,penny_exact_aggregate,quantum,1.4069272406432063,58.59375,0.030962874996475875,True,Exact PennyLane symbolic/CSR path with label aggregation.
7,150,128,400,80,penny_diagonal_fcim,classical,1.4130089514980941,46.09375,0.00014496600488200784,True,Exact diagonal FCIM path; no dense eigendecomposition.
7,150,128,400,81,penny_exact_aggregate,quantum,1.4062917259337264,58.59375,0.023558581015095115,True,Exact PennyLane symbolic/CSR path with label aggregation.
7,150,128,400,81,penny_diagonal_fcim,classical,1.412311628105754,46.875,0.00014414300676435232,True,Exact diagonal FCIM path; no dense eigendecomposition.
7,150,128,400,82,penny_exact_aggregate,quantum,1.405671036059712,59.375,0.02641791698988527,True,Exact PennyLane symbolic/CSR path with label aggregation.
7,150,128,400,82,penny_diagonal_fcim,classical,1.4116305198191117,46.875,0.0001465040259063244,True,Exact diagonal FCIM path; no dense eigendecomposition.
7,150,128,400,83,penny_exact_aggregate,quantum,1.405064844808825,59.375,0.025806986959651113,True,Exact PennyLane symbolic/CSR path with label aggregation.
7,150,128,400,83,penny_diagonal_fcim,classical,1.4109652761709703,46.875,0.00015402102144435048,True,Exact diagonal FCIM path; no dense eigendecomposition.
7,150,128,400,84,penny_exact_aggregate,quantum,1.404472832227525,60.15625,0.02566051296889782,True,Exact PennyLane symbolic/CSR path with label aggregation.
7,150,128,400,84,penny_diagonal_fcim,classical,1.4103155530569949,46.875,0.00014740799088031054,True,Exact diagonal FCIM path; no dense eigendecomposition.
7,150,128,400,85,penny_exact_aggregate,quantum,1.4038946845435003,60.15625,0.027508643979672343,True,Exact PennyLane symbolic/CSR path with label aggregation.
7,150,128,400,85,penny_diagonal_fcim,classical,1.4096810126744543,46.875,0.0001439570332877338,True,Exact diagonal FCIM path; no dense eigendecomposition.
7,150,128,400,86,penny_exact_aggregate,quantum,1.4033300940870057,60.15625,0.022963716997765005,True,Exact PennyLane symbolic/CSR path with label aggregation.
7,150,128,400,86,penny_diagonal_fcim,classical,1.4090613234589975,46.875,0.00014872499741613865,True,Exact diagonal FCIM path; no dense eigendecomposition.
7,150,128,400,87,penny_exact_aggregate,quantum,1.4027787592112313,60.15625,0.02754375198855996,True,Exact PennyLane symbolic/CSR path with label aggregation.
7,150,128,400,87,penny_diagonal_fcim,classical,1.4084561600196053,46.875,0.00014357204781845212,True,Exact diagonal FCIM path; no dense eigendecomposition.
7,150,128,400,88,penny_exact_aggregate,quantum,1.4022403842118196,60.15625,0.024318479001522064,True,Exact PennyLane symbolic/CSR path with label aggregation.
7,150,128,400,88,penny_diagonal_fcim,classical,1.4078652030718515,46.875,0.00016480399062857032,True,Exact diagonal FCIM path; no dense eigendecomposition.
7,150,128,400,89,penny_exact_aggregate,quantum,1.401714679245653,60.15625,0.04802262899465859,True,Exact PennyLane symbolic/CSR path with label aggregation.
7,150,128,400,89,penny_diagonal_fcim,classical,1.407288139369617,46.875,0.00014570000348612666,True,Exact diagonal FCIM path; no dense eigendecomposition.
7,150,128,400,90,penny_exact_aggregate,quantum,1.4012013602490112,60.15625,0.024941584037151188,True,Exact PennyLane symbolic/CSR path with label aggregation.
7,150,128,400,90,penny_diagonal_fcim,classical,1.4067246616353752,46.875,0.00016033201245591044,True,Exact diagonal FCIM path; no dense eigendecomposition.
7,150,128,400,91,penny_exact_aggregate,quantum,1.40070014885523,60.15625,0.027775978029239923,True,Exact PennyLane symbolic/CSR path with label aggregation.
7,150,128,400,91,penny_diagonal_fcim,classical,1.4061744684891861,46.875,0.00014535599621012807,True,Exact diagonal FCIM path; no dense eigendecomposition.
7,150,128,400,92,penny_exact_aggregate,quantum,1.4002107723119124,60.15625,0.023144218022935092,True,Exact PennyLane symbolic/CSR path with label aggregation.
7,150,128,400,92,penny_diagonal_fcim,classical,1.4056372643765136,46.875,0.00014904298586770892,True,Exact diagonal FCIM path; no dense eigendecomposition.
7,150,128,400,93,penny_exact_aggregate,quantum,1.3997329633978544,60.15625,0.02696484699845314,True,Exact PennyLane symbolic/CSR path with label aggregation.
7,150,128,400,93,penny_diagonal_fcim,classical,1.4051127594949864,46.09375,0.00014475698117166758,True,Exact diagonal FCIM path; no dense eigendecomposition.
7,150,128,400,94,penny_exact_aggregate,quantum,1.399266460339717,60.15625,0.02396870299708098,True,Exact PennyLane symbolic/CSR path with label aggregation.
7,150,128,400,94,penny_diagonal_fcim,classical,1.4046006697202202,46.09375,0.0001443399814888835,True,Exact diagonal FCIM path; no dense eigendecomposition.
7,150,128,400,95,penny_exact_aggregate,quantum,1.3988110067285713,60.15625,0.026045286969747394,True,Exact PennyLane symbolic/CSR path with label aggregation.
7,150,128,400,95,penny_diagonal_fcim,classical,1.4041007165308024,46.09375,0.00014628004282712936,True,Exact diagonal FCIM path; no dense eigendecomposition.
7,150,128,400,96,penny_exact_aggregate,quantum,1.398366351436385,60.15625,0.024640379997435957,True,Exact PennyLane symbolic/CSR path with label aggregation.
7,150,128,400,96,penny_diagonal_fcim,classical,1.403612626932555,46.875,0.00014595803804695606,True,Exact diagonal FCIM path; no dense eigendecomposition.
7,150,128,400,97,penny_exact_aggregate,quantum,1.3979322485325254,60.15625,0.02468117600074038,True,Exact PennyLane symbolic/CSR path with label aggregation.
7,150,128,400,97,penny_diagonal_fcim,classical,1.4031361333821697,46.875,0.00014298898167908192,True,Exact diagonal FCIM path; no dense eigendecomposition.
7,150,128,400,98,penny_exact_aggregate,quantum,1.3975084572003638,60.15625,0.02353112696437165,True,Exact PennyLane symbolic/CSR path with label aggregation.
7,150,128,400,98,penny_diagonal_fcim,classical,1.4026709737103165,46.875,0.00014914199709892273,True,Exact diagonal FCIM path; no dense eigendecomposition.
7,150,128,400,99,penny_exact_aggregate,quantum,1.3970947416540467,60.15625,0.026780476968269795,True,Exact PennyLane symbolic/CSR path with label aggregation.
7,150,128,400,99,penny_diagonal_fcim,classical,1.4022168910443191,46.875,0.00014558498514816165,True,Exact diagonal FCIM path; no dense eigendecomposition.
7,150,128,400,100,penny_exact_aggregate,quantum,1.3966908710555042,60.15625,0.023732266039587557,True,Exact PennyLane symbolic/CSR path with label aggregation.
7,150,128,400,100,penny_diagonal_fcim,classical,1.4017736337304862,46.875,0.00014614302199333906,True,Exact diagonal FCIM path; no dense eigendecomposition.
7,150,128,400,101,penny_exact_aggregate,quantum,1.3962966194317472,60.15625,0.0263205700321123,True,Exact PennyLane symbolic/CSR path with label aggregation.
7,150,128,400,101,penny_diagonal_fcim,classical,1.4013409552561853,47.65625,0.00019648094894364476,True,Exact diagonal FCIM path; no dense eigendecomposition.
7,150,128,400,102,penny_exact_aggregate,quantum,1.3959117655925364,60.9375,0.025617969047743827,True,Exact PennyLane symbolic/CSR path with label aggregation.
7,150,128,400,102,penny_diagonal_fcim,classical,1.400918614171738,48.4375,0.00014714099233970046,True,Exact diagonal FCIM path; no dense eigendecomposition.
7,150,128,400,103,penny_exact_aggregate,quantum,1.3955360930484533,60.9375,0.02622815500944853,True,Exact PennyLane symbolic/CSR path with label aggregation.
7,150,128,400,103,penny_diagonal_fcim,classical,1.4005063740122219,49.21875,0.0001517420168966055,True,Exact diagonal FCIM path; no dense eigendecomposition.
7,150,128,400,104,penny_exact_aggregate,quantum,1.3951693899294446,60.9375,0.025669607042800635,True,Exact PennyLane symbolic/CSR path with label aggregation.
7,150,128,400,104,penny_diagonal_fcim,classical,1.4001040032192447,49.21875,0.00014606904005631804,True,Exact diagonal FCIM path; no dense eigendecomposition.
7,150,128,400,105,penny_exact_aggregate,quantum,1.3948114489038752,60.9375,0.028452147031202912,True,Exact PennyLane symbolic/CSR path with label aggregation.
7,150,128,400,105,penny_diagonal_fcim,classical,1.3997112750627685,49.21875,0.00014610099606215954,True,Exact diagonal FCIM path; no dense eigendecomposition.
7,150,128,400,106,penny_exact_aggregate,quantum,1.3944620670981558,60.9375,0.025795121968258172,True,Exact PennyLane symbolic/CSR path with label aggregation.
7,150,128,400,106,penny_diagonal_fcim,classical,1.3993279675630492,49.21875,0.0001438300241716206,True,Exact diagonal FCIM path; no dense eigendecomposition.
7,150,128,400,107,penny_exact_aggregate,quantum,1.3941210460169593,61.71875,0.023009176016785204,True,Exact PennyLane symbolic/CSR path with label aggregation.
7,150,128,400,107,penny_diagonal_fcim,classical,1.3989538634127525,49.21875,0.00014957296662032604,True,Exact diagonal FCIM path; no dense eigendecomposition.
7,150,128,400,108,penny_exact_aggregate,quantum,1.393788191464101,61.71875,0.027325708011630923,True,Exact PennyLane symbolic/CSR path with label aggregation.
7,150,128,400,108,penny_diagonal_fcim,classical,1.3985887498993121,49.21875,0.00014408002607524395,True,Exact diagonal FCIM path; no dense eigendecomposition.
7,150,128,400,109,penny_exact_aggregate,quantum,1.3934633134640821,61.71875,0.023523812007624656,True,Exact PennyLane symbolic/CSR path with label aggregation.
7,150,128,400,109,penny_diagonal_fcim,classical,1.3982324188275823,49.21875,0.00014729995746165514,True,Exact diagonal FCIM path; no dense eigendecomposition.
7,150,128,400,110,penny_exact_aggregate,quantum,1.3931462261843683,61.71875,0.027725434978492558,True,Exact PennyLane symbolic/CSR path with label aggregation.
7,150,128,400,110,penny_diagonal_fcim,classical,1.397884666442843,48.4375,0.00014394999016076326,True,Exact diagonal FCIM path; no dense eigendecomposition.
7,150,128,400,111,penny_exact_aggregate,quantum,1.392836747858404,60.9375,0.02370938000967726,True,Exact PennyLane symbolic/CSR path with label aggregation.
7,150,128,400,111,penny_diagonal_fcim,classical,1.3975452933542045,48.4375,0.00014703301712870598,True,Exact diagonal FCIM path; no dense eigendecomposition.
7,150,128,400,112,penny_exact_aggregate,quantum,1.3925347007094142,60.9375,0.025385993998497725,True,Exact PennyLane symbolic/CSR path with label aggregation.
7,150,128,400,112,penny_diagonal_fcim,classical,1.397214104458464,48.4375,0.00014642701717093587,True,Exact diagonal FCIM path; no dense eigendecomposition.
7,150,128,400,113,penny_exact_aggregate,quantum,1.3922399108750079,60.9375,0.025349133007694036,True,Exact PennyLane symbolic/CSR path with label aggregation.
7,150,128,400,113,penny_diagonal_fcim,classical,1.3968909088644526,48.4375,0.00014957605162635446,True,Exact diagonal FCIM path; no dense eigendecomposition.
7,150,128,400,114,penny_exact_aggregate,quantum,1.3919522083326115,60.9375,0.026598519005347043,True,Exact PennyLane symbolic/CSR path with label aggregation.
7,150,128,400,114,penny_diagonal_fcim,classical,1.3965755198179242,48.4375,0.00016137497732415795,True,Exact diagonal FCIM path; no dense eigendecomposition.
7,150,128,400,115,penny_exact_aggregate,quantum,1.391671426825759,60.9375,0.027235372981522232,True,Exact PennyLane symbolic/CSR path with label aggregation.
7,150,128,400,115,penny_diagonal_fcim,classical,1.396267754627015,48.4375,0.00014719099272042513,True,Exact diagonal FCIM path; no dense eigendecomposition.
7,150,128,400,116,penny_exact_aggregate,quantum,1.3913974037912467,60.9375,0.025935437995940447,True,Exact PennyLane symbolic/CSR path with label aggregation.
7,150,128,400,116,penny_diagonal_fcim,classical,1.3959674345883193,48.4375,0.0001461509964428842,True,Exact diagonal FCIM path; no dense eigendecomposition.
7,150,128,400,117,penny_exact_aggregate,quantum,1.3911299802871897,60.9375,0.025343464978504926,True,Exact PennyLane symbolic/CSR path with label aggregation.
7,150,128,400,117,penny_diagonal_fcim,classical,1.3956743849136086,48.4375,0.00014381500659510493,True,Exact diagonal FCIM path; no dense eigendecomposition.
7,150,128,400,118,penny_exact_aggregate,quantum,1.3908690009219793,60.9375,0.026401183975394815,True,Exact PennyLane symbolic/CSR path with label aggregation.
7,150,128,400,118,penny_diagonal_fcim,classical,1.3953884346572327,48.4375,0.00014736998127773404,True,Exact diagonal FCIM path; no dense eigendecomposition.
7,150,128,400,119,penny_exact_aggregate,quantum,1.390614313784164,60.9375,0.028598992037586868,True,Exact PennyLane symbolic/CSR path with label aggregation.
7,150,128,400,119,penny_diagonal_fcim,classical,1.3951094166442255,48.4375,0.00014514196664094925,True,Exact diagonal FCIM path; no dense eigendecomposition.
7,150,128,400,120,penny_exact_aggregate,quantum,1.3903657703732661,60.9375,0.024893630004953593,True,Exact PennyLane symbolic/CSR path with label aggregation.
7,150,128,400,120,penny_diagonal_fcim,classical,1.3948371673991464,47.65625,0.00014798797201365232,True,Exact diagonal FCIM path; no dense eigendecomposition.
7,150,128,400,121,penny_exact_aggregate,quantum,1.3901232255315432,60.9375,0.03613603697158396,True,Exact PennyLane symbolic/CSR path with label aggregation.
7,150,128,400,121,penny_diagonal_fcim,classical,1.3945715270756809,47.65625,0.0001634899526834488,True,Exact diagonal FCIM path; no dense eigendecomposition.
7,150,128,400,122,penny_exact_aggregate,quantum,1.389886537376706,60.9375,0.030360590026248246,True,Exact PennyLane symbolic/CSR path with label aggregation.
7,150,128,400,122,penny_diagonal_fcim,classical,1.394312339387024,47.65625,0.0001455289893783629,True,Exact diagonal FCIM path; no dense eigendecomposition.
7,150,128,400,123,penny_exact_aggregate,quantum,1.3896555672355992,60.9375,0.027391412004362792,True,Exact PennyLane symbolic/CSR path with label aggregation.
7,150,128,400,123,penny_diagonal_fcim,classical,1.3940594515370648,49.21875,0.00014637201093137264,True,Exact diagonal FCIM path; no dense eigendecomposition.
7,150,128,400,124,penny_exact_aggregate,quantum,1.3894301795788513,60.9375,0.03245592099847272,True,Exact PennyLane symbolic/CSR path with label aggregation.
7,150,128,400,124,penny_diagonal_fcim,classical,1.3938127141523933,50.0,0.00014673895202577114,True,Exact diagonal FCIM path; no dense eigendecomposition.
7,150,128,400,125,penny_exact_aggregate,quantum,1.3892102419564987,60.9375,0.026302087993826717,True,Exact PennyLane symbolic/CSR path with label aggregation.
7,150,128,400,125,penny_diagonal_fcim,classical,1.3935719812151455,50.0,0.00014460599049925804,True,Exact diagonal FCIM path; no dense eigendecomposition.
7,150,128,400,126,penny_exact_aggregate,quantum,1.3889956249345943,60.9375,0.030937639996409416,True,Exact PennyLane symbolic/CSR path with label aggregation.
7,150,128,400,126,penny_diagonal_fcim,classical,1.3933371099967018,50.0,0.0001474389573559165,True,Exact diagonal FCIM path; no dense eigendecomposition.
7,150,128,400,127,penny_exact_aggregate,quantum,1.3887862020327884,60.9375,0.02496601699385792,True,Exact PennyLane symbolic/CSR path with label aggregation.
7,150,128,400,127,penny_diagonal_fcim,classical,1.3931079609922516,50.78125,0.00014901300892233849,True,Exact diagonal FCIM path; no dense eigendecomposition.
7,150,128,400,128,penny_exact_aggregate,quantum,1.3885818496629003,61.71875,0.03552560502430424,True,Exact PennyLane symbolic/CSR path with label aggregation.
7,150,128,400,128,penny_diagonal_fcim,classical,1.392884397856235,51.5625,0.0001434310106560588,True,Exact diagonal FCIM path; no dense eigendecomposition.
7,150,128,400,129,penny_exact_aggregate,quantum,1.388382447068468,61.71875,0.03729221096727997,True,Exact PennyLane symbolic/CSR path with label aggregation.
7,150,128,400,129,penny_diagonal_fcim,classical,1.3926662873386773,51.5625,0.00015986099606379867,True,Exact diagonal FCIM path; no dense eigendecomposition.
7,150,128,400,130,penny_exact_aggregate,quantum,1.388187876265286,61.71875,0.03446266503306106,True,Exact PennyLane symbolic/CSR path with label aggregation.
7,150,128,400,130,penny_diagonal_fcim,classical,1.3924534992224147,51.5625,0.00019549799617379904,True,Exact diagonal FCIM path; no dense eigendecomposition.
7,150,128,400,131,penny_exact_aggregate,quantum,1.3879980219829187,63.28125,0.03788509999867529,True,Exact PennyLane symbolic/CSR path with label aggregation.
7,150,128,400,131,penny_diagonal_fcim,classical,1.3922459062612296,51.5625,0.00015837699174880981,True,Exact diagonal FCIM path; no dense eigendecomposition.
7,150,128,400,132,penny_exact_aggregate,quantum,1.3878127716071944,63.28125,0.04268281499389559,True,Exact PennyLane symbolic/CSR path with label aggregation.
7,150,128,400,132,penny_diagonal_fcim,classical,1.3920433841188935,51.5625,0.0001495300093665719,True,Exact diagonal FCIM path; no dense eigendecomposition.
7,150,128,400,133,penny_exact_aggregate,quantum,1.38763201512368,64.0625,0.03654507402097806,True,Exact PennyLane symbolic/CSR path with label aggregation.
7,150,128,400,133,penny_diagonal_fcim,classical,1.3918458113091274,52.34375,0.0001471040304750204,True,Exact diagonal FCIM path; no dense eigendecomposition.
7,150,128,400,134,penny_exact_aggregate,quantum,1.3874556450621172,64.0625,0.029457103984896094,True,Exact PennyLane symbolic/CSR path with label aggregation.
7,150,128,400,134,penny_diagonal_fcim,classical,1.3916530691364786,52.34375,0.00014298397582024336,True,Exact diagonal FCIM path; no dense eigendecomposition.
7,150,128,400,135,penny_exact_aggregate,quantum,1.387283556441834,64.0625,0.030961101001594216,True,Exact PennyLane symbolic/CSR path with label aggregation.
7,150,128,400,135,penny_diagonal_fcim,classical,1.3914650416381202,52.34375,0.00014745397493243217,True,Exact diagonal FCIM path; no dense eigendecomposition.
7,150,128,400,136,penny_exact_aggregate,quantum,1.3871156467181107,64.0625,0.028380442992784083,True,Exact PennyLane symbolic/CSR path with label aggregation.
7,150,128,400,136,penny_diagonal_fcim,classical,1.3912816155265737,52.34375,0.00014490302419289947,True,Exact diagonal FCIM path; no dense eigendecomposition.
7,150,128,400,137,penny_exact_aggregate,quantum,1.3869518157295082,63.28125,0.027792293985839933,True,Exact PennyLane symbolic/CSR path with label aggregation.
7,150,128,400,137,penny_diagonal_fcim,classical,1.3911026801333528,53.125,0.00014610594371333718,True,Exact diagonal FCIM path; no dense eigendecomposition.
7,150,128,400,138,penny_exact_aggregate,quantum,1.386791965646133,63.28125,0.03140703396638855,True,Exact PennyLane symbolic/CSR path with label aggregation.
7,150,128,400,138,penny_diagonal_fcim,classical,1.3909281273535306,53.90625,0.00014800799544900656,True,Exact diagonal FCIM path; no dense eigendecomposition.
7,150,128,400,139,penny_exact_aggregate,quantum,1.3866360009188572,63.28125,0.03126300196163356,True,Exact PennyLane symbolic/CSR path with label aggregation.
7,150,128,400,139,penny_diagonal_fcim,classical,1.3907578515912276,53.90625,0.00014894898049533367,True,Exact diagonal FCIM path; no dense eigendecomposition.
7,150,128,400,140,penny_exact_aggregate,quantum,1.386483828229458,63.28125,0.023136212024837732,True,Exact PennyLane symbolic/CSR path with label aggregation.
7,150,128,400,140,penny_diagonal_fcim,classical,1.3905917497060174,53.90625,0.00015048100613057613,True,Exact diagonal FCIM path; no dense eigendecomposition.
7,150,128,400,141,penny_exact_aggregate,quantum,1.386335356441689,64.0625,0.027762462967075408,True,Exact PennyLane symbolic/CSR path with label aggregation.
7,150,128,400,141,penny_diagonal_fcim,classical,1.3904297209602485,53.125,0.00014862202806398273,True,Exact diagonal FCIM path; no dense eigendecomposition.
7,150,128,400,142,penny_exact_aggregate,quantum,1.38619049655327,64.84375,0.029889399011153728,True,Exact PennyLane symbolic/CSR path with label aggregation.
7,150,128,400,142,penny_diagonal_fcim,classical,1.3902716669672763,53.125,0.00014863000251352787,True,Exact diagonal FCIM path; no dense eigendecomposition.
7,150,128,400,143,penny_exact_aggregate,quantum,1.3860491616487711,64.84375,0.024805930035654455,True,Exact PennyLane symbolic/CSR path with label aggregation.
7,150,128,400,143,penny_diagonal_fcim,classical,1.3901174916406032,53.125,0.00015646597603335977,True,Exact diagonal FCIM path; no dense eigendecomposition.
7,150,128,400,144,penny_exact_aggregate,quantum,1.385911266853412,64.84375,0.022965825046412647,True,Exact PennyLane symbolic/CSR path with label aggregation.
7,150,128,400,144,penny_diagonal_fcim,classical,1.3899671011439194,53.125,0.00014553702203556895,True,Exact diagonal FCIM path; no dense eigendecomposition.
7,150,128,400,145,penny_exact_aggregate,quantum,1.3857767292877308,64.84375,0.025328061019536108,True,Exact PennyLane symbolic/CSR path with label aggregation.
7,150,128,400,145,penny_diagonal_fcim,classical,1.3898204038420388,52.34375,0.00014795700553804636,True,Exact diagonal FCIM path; no dense eigendecomposition.
7,150,128,400,146,penny_exact_aggregate,quantum,1.3856454680231431,64.84375,0.025314933038316667,True,Exact PennyLane symbolic/CSR path with label aggregation.
7,150,128,400,146,penny_diagonal_fcim,classical,1.3896773102527264,52.34375,0.00014633702812716365,True,Exact diagonal FCIM path; no dense eigendecomposition.
7,150,128,400,147,penny_exact_aggregate,quantum,1.3855174040383593,64.84375,0.0232988289790228,True,Exact PennyLane symbolic/CSR path with label aggregation.
7,150,128,400,147,penny_diagonal_fcim,classical,1.389537732999405,52.34375,0.0001473270240239799,True,Exact diagonal FCIM path; no dense eigendecomposition.
7,150,128,400,148,penny_exact_aggregate,quantum,1.3853924601766678,64.84375,0.027468211948871613,True,Exact PennyLane symbolic/CSR path with label aggregation.
7,150,128,400,148,penny_diagonal_fcim,classical,1.3894015867647402,52.34375,0.000147326965816319,True,Exact diagonal FCIM path; no dense eigendecomposition.
7,150,128,400,149,penny_exact_aggregate,quantum,1.3852705611040483,65.625,0.028556927980389446,True,Exact PennyLane symbolic/CSR path with label aggregation.
7,150,128,400,149,penny_diagonal_fcim,classical,1.3892687882450883,52.34375,0.00015044602332636714,True,Exact diagonal FCIM path; no dense eigendecomposition.
7,150,128,400,150,penny_exact_aggregate,quantum,1.3851516332681357,65.625,0.0290879980311729,True,Exact PennyLane symbolic/CSR path with label aggregation.
7,150,128,400,150,penny_diagonal_fcim,classical,1.3891392561058087,52.34375,0.00014499499229714274,True,Exact diagonal FCIM path; no dense eigendecomposition.
7,150,128,400,151,penny_exact_aggregate,quantum,1.3850356048579986,65.625,0.024065240984782577,True,Exact PennyLane symbolic/CSR path with label aggregation.
7,150,128,400,151,penny_diagonal_fcim,classical,1.3890129109374216,52.34375,0.00015373597852885723,True,Exact diagonal FCIM path; no dense eigendecomposition.
7,150,128,400,152,penny_exact_aggregate,quantum,1.3849224057647262,65.625,0.026540040969848633,True,Exact PennyLane symbolic/CSR path with label aggregation.
7,150,128,400,152,penny_diagonal_fcim,classical,1.3888896752126088,52.34375,0.0001446999958716333,True,Exact diagonal FCIM path; no dense eigendecomposition.
7,150,128,400,153,penny_exact_aggregate,quantum,1.3848119675428268,65.625,0.023919913975987583,True,Exact PennyLane symbolic/CSR path with label aggregation.
7,150,128,400,153,penny_diagonal_fcim,classical,1.3887694732440479,52.34375,0.00014559197006747127,True,Exact diagonal FCIM path; no dense eigendecomposition.
7,150,128,400,154,penny_exact_aggregate,quantum,1.384704223372399,65.625,0.024539269972592592,True,Exact PennyLane symbolic/CSR path with label aggregation.
7,150,128,400,154,penny_diagonal_fcim,classical,1.3886522311430654,52.34375,0.00015163799980655313,True,Exact diagonal FCIM path; no dense eigendecomposition.
7,150,128,400,155,penny_exact_aggregate,quantum,1.3845991080220978,65.625,0.026775130012538284,True,Exact PennyLane symbolic/CSR path with label aggregation.
7,150,128,400,155,penny_diagonal_fcim,classical,1.3885378767791072,52.34375,0.00014569400809705257,True,Exact diagonal FCIM path; no dense eigendecomposition.
7,150,128,400,156,penny_exact_aggregate,quantum,1.384496557812851,65.625,0.023158664000220597,True,Exact PennyLane symbolic/CSR path with label aggregation.
7,150,128,400,156,penny_diagonal_fcim,classical,1.3884263397400076,50.78125,0.00014505197759717703,True,Exact diagonal FCIM path; no dense eigendecomposition.
7,150,128,400,157,penny_exact_aggregate,quantum,1.3843965105823317,65.625,0.0257034640526399,True,Exact PennyLane symbolic/CSR path with label aggregation.
7,150,128,400,157,penny_diagonal_fcim,classical,1.3883175512930526,50.78125,0.0001564830308780074,True,Exact diagonal FCIM path; no dense eigendecomposition.
7,150,128,400,158,penny_exact_aggregate,quantum,1.3842989056501835,65.625,0.032113441033288836,True,Exact PennyLane symbolic/CSR path with label aggregation.
7,150,128,400,158,penny_diagonal_fcim,classical,1.388211444346823,51.5625,0.00015824701404199004,True,Exact diagonal FCIM path; no dense eigendecomposition.
7,150,128,400,159,penny_exact_aggregate,quantum,1.3842036837839582,66.40625,0.026470778044313192,True,Exact PennyLane symbolic/CSR path with label aggregation.
7,150,128,400,159,penny_diagonal_fcim,classical,1.3881079534138139,50.0,0.00014507700689136982,True,Exact diagonal FCIM path; no dense eigendecomposition.
7,150,128,400,160,penny_exact_aggregate,quantum,1.3841107871657887,66.40625,0.023955093987751752,True,Exact PennyLane symbolic/CSR path with label aggregation.
7,150,128,400,160,penny_diagonal_fcim,classical,1.388007014573807,50.0,0.00014775799354538321,True,Exact diagonal FCIM path; no dense eigendecomposition.
7,150,128,400,161,penny_exact_aggregate,quantum,1.384020159359748,66.40625,0.02760040498105809,True,Exact PennyLane symbolic/CSR path with label aggregation.
7,150,128,400,161,penny_diagonal_fcim,classical,1.3879085654380003,50.0,0.0001439449843019247,True,Exact diagonal FCIM path; no dense eigendecomposition.
7,150,128,400,162,penny_exact_aggregate,quantum,1.383931745279926,66.40625,0.02403731399681419,True,Exact PennyLane symbolic/CSR path with label aggregation.
7,150,128,400,162,penny_diagonal_fcim,classical,1.3878125451138708,50.78125,0.00016264797886833549,True,Exact diagonal FCIM path; no dense eigendecomposition.
7,150,128,400,163,penny_exact_aggregate,quantum,1.3838454911591629,66.40625,0.024044079007580876,True,Exact PennyLane symbolic/CSR path with label aggregation.
7,150,128,400,163,penny_diagonal_fcim,classical,1.3877188941707677,50.78125,0.0001457209582440555,True,Exact diagonal FCIM path; no dense eigendecomposition.
7,150,128,400,164,penny_exact_aggregate,quantum,1.3837613445184793,67.1875,0.026641012984327972,True,Exact PennyLane symbolic/CSR path with label aggregation.
7,150,128,400,164,penny_diagonal_fcim,classical,1.3876275546062231,50.78125,0.0001466540270484984,True,Exact diagonal FCIM path; no dense eigendecomposition.
7,150,128,400,165,penny_exact_aggregate,quantum,1.3836792541371414,67.96875,0.02695632801624015,True,Exact PennyLane symbolic/CSR path with label aggregation.
7,150,128,400,165,penny_diagonal_fcim,classical,1.3875384698129645,50.0,0.00014765700325369835,True,Exact diagonal FCIM path; no dense eigendecomposition.
7,150,128,400,166,penny_exact_aggregate,quantum,1.3835991700233903,67.96875,0.02671213203575462,True,Exact PennyLane symbolic/CSR path with label aggregation.
7,150,128,400,166,penny_diagonal_fcim,classical,1.3874515845466255,49.21875,0.00014481099788099527,True,Exact diagonal FCIM path; no dense eigendecomposition.
7,150,128,400,167,penny_exact_aggregate,quantum,1.3835210433857983,68.75,0.023686422035098076,True,Exact PennyLane symbolic/CSR path with label aggregation.
7,150,128,400,167,penny_diagonal_fcim,classical,1.3873668448941379,49.21875,0.000157792994286865,True,Exact diagonal FCIM path; no dense eigendecomposition.
7,150,128,400,168,penny_exact_aggregate,quantum,1.383444826605253,68.75,0.027303955983370543,True,Exact PennyLane symbolic/CSR path with label aggregation.
7,150,128,400,168,penny_diagonal_fcim,classical,1.3872841982427957,49.21875,0.00014488003216683865,True,Exact diagonal FCIM path; no dense eigendecomposition.
7,150,128,400,169,penny_exact_aggregate,quantum,1.383370473207551,68.75,0.025194938003551215,True,Exact PennyLane symbolic/CSR path with label aggregation.
7,150,128,400,169,penny_diagonal_fcim,classical,1.3872035932499793,49.21875,0.00014636700507253408,True,Exact diagonal FCIM path; no dense eigendecomposition.
7,150,128,400,170,penny_exact_aggregate,quantum,1.3832979378365997,68.75,0.02737445500679314,True,Exact PennyLane symbolic/CSR path with label aggregation.
7,150,128,400,170,penny_diagonal_fcim,classical,1.387124979813533,49.21875,0.00014530797488987446,True,Exact diagonal FCIM path; no dense eigendecomposition.
7,150,128,400,171,penny_exact_aggregate,quantum,1.3832271762281994,68.75,0.029436639044433832,True,Exact PennyLane symbolic/CSR path with label aggregation.
7,150,128,400,171,penny_diagonal_fcim,classical,1.387048309042774,49.21875,0.0001475600292906165,True,Exact diagonal FCIM path; no dense eigendecomposition.
7,150,128,400,172,penny_exact_aggregate,quantum,1.3831581451844126,68.75,0.0293408059515059,True,Exact PennyLane symbolic/CSR path with label aggregation.
7,150,128,400,172,penny_diagonal_fcim,classical,1.386973533230137,49.21875,0.00014666299102827907,True,Exact diagonal FCIM path; no dense eigendecomposition.
7,150,128,400,173,penny_exact_aggregate,quantum,1.383090802548498,68.75,0.03311106498586014,True,Exact PennyLane symbolic/CSR path with label aggregation.
7,150,128,400,173,penny_diagonal_fcim,classical,1.3869006058234281,50.0,0.00014667899813503027,True,Exact diagonal FCIM path; no dense eigendecomposition.
7,150,128,400,174,penny_exact_aggregate,quantum,1.3830251071804036,68.75,0.030317535041831434,True,Exact PennyLane symbolic/CSR path with label aggregation.
7,150,128,400,174,penny_diagonal_fcim,classical,1.386829481398689,50.0,0.00016097998013719916,True,Exact diagonal FCIM path; no dense eigendecomposition.
7,150,128,400,175,penny_exact_aggregate,quantum,1.3829610189328054,68.75,0.02664188202470541,True,Exact PennyLane symbolic/CSR path with label aggregation.
7,150,128,400,175,penny_diagonal_fcim,classical,1.3867601156336535,50.0,0.00016175000928342342,True,Exact diagonal FCIM path; no dense eigendecomposition.
7,150,128,400,176,penny_exact_aggregate,quantum,1.382898498627678,68.75,0.02715167502174154,True,Exact PennyLane symbolic/CSR path with label aggregation.
7,150,128,400,176,penny_diagonal_fcim,classical,1.386692465281787,50.0,0.00014737900346517563,True,Exact diagonal FCIM path; no dense eigendecomposition.
7,150,128,400,177,penny_exact_aggregate,quantum,1.3828375080333997,68.75,0.02906220400473103,True,Exact PennyLane symbolic/CSR path with label aggregation.
7,150,128,400,177,penny_diagonal_fcim,classical,1.3866264881469,49.21875,0.00015700299991294742,True,Exact diagonal FCIM path; no dense eigendecomposition.
7,150,128,400,178,penny_exact_aggregate,quantum,1.3827780098423623,68.75,0.0262383219669573,True,Exact PennyLane symbolic/CSR path with label aggregation.
7,150,128,400,178,penny_diagonal_fcim,classical,1.3865621430583257,49.21875,0.00016855198191478848,True,Exact diagonal FCIM path; no dense eigendecomposition.
7,150,128,400,179,penny_exact_aggregate,quantum,1.3827199676490958,69.53125,0.03568339301273227,True,Exact PennyLane symbolic/CSR path with label aggregation.
7,150,128,400,179,penny_diagonal_fcim,classical,1.3864993898466444,49.21875,0.0001473749871365726,True,Exact diagonal FCIM path; no dense eigendecomposition.
7,150,128,400,180,penny_exact_aggregate,quantum,1.382663345928877,70.3125,0.03896803199313581,True,Exact PennyLane symbolic/CSR path with label aggregation.
7,150,128,400,180,penny_diagonal_fcim,classical,1.3864381893199542,49.21875,0.00014578603440895677,True,Exact diagonal FCIM path; no dense eigendecomposition.
7,150,128,400,181,penny_exact_aggregate,quantum,1.3826081100168315,70.3125,0.031060145003721118,True,Exact PennyLane symbolic/CSR path with label aggregation.
7,150,128,400,181,penny_diagonal_fcim,classical,1.3863785032406684,50.0,0.00014599499991163611,True,Exact diagonal FCIM path; no dense eigendecomposition.
7,150,128,400,182,penny_exact_aggregate,quantum,1.3825542260875068,70.3125,0.03003466100199148,True,Exact PennyLane symbolic/CSR path with label aggregation.
7,150,128,400,182,penny_diagonal_fcim,classical,1.3863202943028363,50.0,0.0001571110333316028,True,Exact diagonal FCIM path; no dense eigendecomposition.
7,150,128,400,183,penny_exact_aggregate,quantum,1.38250166113491,70.3125,0.030156548018567264,True,Exact PennyLane symbolic/CSR path with label aggregation.
7,150,128,400,183,penny_diagonal_fcim,classical,1.3862635261099736,50.0,0.00014505995204672217,True,Exact diagonal FCIM path; no dense eigendecomposition.
7,150,128,400,184,penny_exact_aggregate,quantum,1.3824503829530004,70.3125,0.026949779014103115,True,Exact PennyLane symbolic/CSR path with label aggregation.
7,150,128,400,184,penny_diagonal_fcim,classical,1.3862081631533925,49.21875,0.00014526996528729796,True,Exact diagonal FCIM path; no dense eigendecomposition.
7,150,128,400,185,penny_exact_aggregate,quantum,1.3824003601166353,70.3125,0.02898301900131628,True,Exact PennyLane symbolic/CSR path with label aggregation.
7,150,128,400,185,penny_diagonal_fcim,classical,1.386154170791022,49.21875,0.0001463390071876347,True,Exact diagonal FCIM path; no dense eigendecomposition.
7,150,128,400,186,penny_exact_aggregate,quantum,1.3823515619629387,71.09375,0.030673430010210723,True,Exact PennyLane symbolic/CSR path with label aggregation.
7,150,128,400,186,penny_diagonal_fcim,classical,1.3861015152267124,49.21875,0.0001473909942433238,True,Exact diagonal FCIM path; no dense eigendecomposition.
7,150,128,400,187,penny_exact_aggregate,quantum,1.3823039585731132,71.09375,0.031603624986018986,True,Exact PennyLane symbolic/CSR path with label aggregation.
7,150,128,400,187,penny_diagonal_fcim,classical,1.3860501634900053,49.21875,0.00016233400674536824,True,Exact diagonal FCIM path; no dense eigendecomposition.
7,150,128,400,188,penny_exact_aggregate,quantum,1.38225752075466,71.09375,0.032624553015921265,True,Exact PennyLane symbolic/CSR path with label aggregation.
7,150,128,400,188,penny_diagonal_fcim,classical,1.3860000834163686,50.0,0.00014786800602450967,True,Exact diagonal FCIM path; no dense eigendecomposition.
7,150,128,400,189,penny_exact_aggregate,quantum,1.3822122200240123,71.09375,0.030388163053430617,True,Exact PennyLane symbolic/CSR path with label aggregation.
7,150,128,400,189,penny_diagonal_fcim,classical,1.3859512436278838,50.0,0.00014998501865193248,True,Exact diagonal FCIM path; no dense eigendecomposition.
7,150,128,400,190,penny_exact_aggregate,quantum,1.3821680285895723,71.09375,0.02624762401683256,True,Exact PennyLane symbolic/CSR path with label aggregation.
7,150,128,400,190,penny_diagonal_fcim,classical,1.3859036135143747,50.78125,0.0001474739983677864,True,Exact diagonal FCIM path; no dense eigendecomposition.
7,150,128,400,191,penny_exact_aggregate,quantum,1.3821249193351353,71.09375,0.026955404959153384,True,Exact PennyLane symbolic/CSR path with label aggregation.
7,150,128,400,191,penny_diagonal_fcim,classical,1.385857163214971,50.78125,0.0001482359948568046,True,Exact diagonal FCIM path; no dense eigendecomposition.
7,150,128,400,192,penny_exact_aggregate,quantum,1.3820828658037017,71.09375,0.02408017701236531,True,Exact PennyLane symbolic/CSR path with label aggregation.
7,150,128,400,192,penny_diagonal_fcim,classical,1.3858118636000953,50.78125,0.00014709198148921132,True,Exact diagonal FCIM path; no dense eigendecomposition.
7,150,128,400,193,penny_exact_aggregate,quantum,1.3820418421816685,71.09375,0.02704018901567906,True,Exact PennyLane symbolic/CSR path with label aggregation.
7,150,128,400,193,penny_diagonal_fcim,classical,1.385767686253867,50.78125,0.00014622800517827272,True,Exact diagonal FCIM path; no dense eigendecomposition.
7,150,128,400,194,penny_exact_aggregate,quantum,1.3820018232833784,71.875,0.025770454958546907,True,Exact PennyLane symbolic/CSR path with label aggregation.
7,150,128,400,194,penny_diagonal_fcim,classical,1.3857246034569135,50.78125,0.00014696596190333366,True,Exact diagonal FCIM path; no dense eigendecomposition.
7,150,128,400,195,penny_exact_aggregate,quantum,1.3819627845360416,71.875,0.026073209010064602,True,Exact PennyLane symbolic/CSR path with label aggregation.
7,150,128,400,195,penny_diagonal_fcim,classical,1.3856825881695785,50.78125,0.00014860398368909955,True,Exact diagonal FCIM path; no dense eigendecomposition.
7,150,128,400,196,penny_exact_aggregate,quantum,1.3819247019649952,71.875,0.026905499980784953,True,Exact PennyLane symbolic/CSR path with label aggregation.
7,150,128,400,196,penny_diagonal_fcim,classical,1.3856416140155237,51.5625,0.00016545498510822654,True,Exact diagonal FCIM path; no dense eigendecomposition.
7,150,128,400,197,penny_exact_aggregate,quantum,1.3818875521793257,71.875,0.025455177994444966,True,Exact PennyLane symbolic/CSR path with label aggregation.
7,150,128,400,197,penny_diagonal_fcim,classical,1.3856016552657069,51.5625,0.00014534295769408345,True,Exact diagonal FCIM path; no dense eigendecomposition.
7,150,128,400,198,penny_exact_aggregate,quantum,1.3818513123578082,71.875,0.02511157002300024,True,Exact PennyLane symbolic/CSR path with label aggregation.
7,150,128,400,198,penny_diagonal_fcim,classical,1.3855626868227393,51.5625,0.00014819699572399259,True,Exact diagonal FCIM path; no dense eigendecomposition.
7,150,128,400,199,penny_exact_aggregate,quantum,1.3818159602351883,71.875,0.025695717020425946,True,Exact PennyLane symbolic/CSR path with label aggregation.
7,150,128,400,199,penny_diagonal_fcim,classical,1.3855246842056053,50.78125,0.000174793996848166,True,Exact diagonal FCIM path; no dense eigendecomposition.
7,150,128,400,200,penny_exact_aggregate,quantum,1.3817814740887835,71.875,0.02663438400486484,True,Exact PennyLane symbolic/CSR path with label aggregation.
7,150,128,400,200,penny_diagonal_fcim,classical,1.3854876235347402,50.78125,0.00014417397323995829,True,Exact diagonal FCIM path; no dense eigendecomposition.
7,150,128,400,201,penny_exact_aggregate,quantum,1.3817478327253987,71.875,0.023781467985827476,True,Exact PennyLane symbolic/CSR path with label aggregation.
7,150,128,400,201,penny_diagonal_fcim,classical,1.3854514815174583,50.78125,0.0001453470322303474,True,Exact diagonal FCIM path; no dense eigendecomposition.
7,150,128,400,202,penny_exact_aggregate,quantum,1.381715015468544,71.875,0.02614089602138847,True,Exact PennyLane symbolic/CSR path with label aggregation.
7,150,128,400,202,penny_diagonal_fcim,classical,1.3854162354337245,50.78125,0.00014869205188006163,True,Exact diagonal FCIM path; no dense eigendecomposition.
7,150,128,400,203,penny_exact_aggregate,quantum,1.3816830021459692,72.65625,0.024918583978433162,True,Exact PennyLane symbolic/CSR path with label aggregation.
7,150,128,400,203,penny_diagonal_fcim,classical,1.3853818631222583,50.78125,0.00014738197205588222,True,Exact diagonal FCIM path; no dense eigendecomposition.
7,150,128,400,204,penny_exact_aggregate,quantum,1.3816517730774729,73.4375,0.02574988902779296,True,Exact PennyLane symbolic/CSR path with label aggregation.
7,150,128,400,204,penny_diagonal_fcim,classical,1.3853483429669669,50.78125,0.0001461219508200884,True,Exact diagonal FCIM path; no dense eigendecomposition.
7,150,128,400,205,penny_exact_aggregate,quantum,1.3816213090630163,73.4375,0.02573541400488466,True,Exact PennyLane symbolic/CSR path with label aggregation.
7,150,128,400,205,penny_diagonal_fcim,classical,1.3853156538836973,50.78125,0.00014402001397684216,True,Exact diagonal FCIM path; no dense eigendecomposition.
7,150,128,400,206,penny_exact_aggregate,quantum,1.381591591371111,73.4375,0.02795505104586482,True,Exact PennyLane symbolic/CSR path with label aggregation.
7,150,128,400,206,penny_diagonal_fcim,classical,1.385283775307305,50.78125,0.0001504259998910129,True,Exact diagonal FCIM path; no dense eigendecomposition.
7,150,128,400,207,penny_exact_aggregate,quantum,1.3815626017274778,73.4375,0.02517362398793921,True,Exact PennyLane symbolic/CSR path with label aggregation.
7,150,128,400,207,penny_diagonal_fcim,classical,1.385252687179023,50.78125,0.00014688802184537053,True,Exact diagonal FCIM path; no dense eigendecomposition.
7,150,128,400,208,penny_exact_aggregate,quantum,1.3815343223039815,73.4375,0.02907334396149963,True,Exact PennyLane symbolic/CSR path with label aggregation.
7,150,128,400,208,penny_diagonal_fcim,classical,1.385222369934136,50.78125,0.00014441198436543345,True,Exact diagonal FCIM path; no dense eigendecomposition.
7,150,128,400,209,penny_exact_aggregate,quantum,1.3815067357078301,73.4375,0.036928237008396536,True,Exact PennyLane symbolic/CSR path with label aggregation.
7,150,128,400,209,penny_diagonal_fcim,classical,1.3851928044899433,50.78125,0.00014753994764760137,True,Exact diagonal FCIM path; no dense eigendecomposition.
7,150,128,400,210,penny_exact_aggregate,quantum,1.3814798249710223,73.4375,0.033821357996203005,True,Exact PennyLane symbolic/CSR path with label aggregation.
7,150,128,400,210,penny_diagonal_fcim,classical,1.3851639722340108,51.5625,0.004004917980637401,True,Exact diagonal FCIM path; no dense eigendecomposition.
7,150,128,400,211,penny_exact_aggregate,quantum,1.381453573540047,73.4375,0.041216621990315616,True,Exact PennyLane symbolic/CSR path with label aggregation.
7,150,128,400,211,penny_diagonal_fcim,classical,1.3851358550126995,52.34375,0.00015097303548827767,True,Exact diagonal FCIM path; no dense eigendecomposition.
7,150,128,400,212,penny_exact_aggregate,quantum,1.3814279652658383,74.21875,0.5123263860004954,True,Exact PennyLane symbolic/CSR path with label aggregation.
7,150,128,400,212,penny_diagonal_fcim,classical,1.3851084351199714,52.34375,0.00014347501564770937,True,Exact diagonal FCIM path; no dense eigendecomposition.
7,150,128,400,213,penny_exact_aggregate,quantum,1.3814029843939608,74.21875,0.02883711800677702,True,Exact PennyLane symbolic/CSR path with label aggregation.
7,150,128,400,213,penny_diagonal_fcim,classical,1.3850816952864577,52.34375,0.0001505630207248032,True,Exact diagonal FCIM path; no dense eigendecomposition.
7,150,128,400,214,penny_exact_aggregate,quantum,1.3813786155550307,74.21875,0.03132940799696371,True,Exact PennyLane symbolic/CSR path with label aggregation.
7,150,128,400,214,penny_diagonal_fcim,classical,1.3850556186687932,52.34375,0.0001520549994893372,True,Exact diagonal FCIM path; no dense eigendecomposition.
7,150,128,400,215,penny_exact_aggregate,quantum,1.3813548437553629,74.21875,0.031471819966100156,True,Exact PennyLane symbolic/CSR path with label aggregation.
7,150,128,400,215,penny_diagonal_fcim,classical,1.385030188839202,52.34375,0.00014452403411269188,True,Exact diagonal FCIM path; no dense eigendecomposition.
7,150,128,400,216,penny_exact_aggregate,quantum,1.3813316543678513,74.21875,0.04117784200934693,True,Exact PennyLane symbolic/CSR path with label aggregation.
7,150,128,400,216,penny_diagonal_fcim,classical,1.385005389775334,52.34375,0.0001454110024496913,True,Exact diagonal FCIM path; no dense eigendecomposition.
7,150,128,400,217,penny_exact_aggregate,quantum,1.3813090331230564,74.21875,0.030854255019221455,True,Exact PennyLane symbolic/CSR path with label aggregation.
7,150,128,400,217,penny_diagonal_fcim,classical,1.3849812058503472,52.34375,0.00015805201837792993,True,Exact diagonal FCIM path; no dense eigendecomposition.
7,150,128,400,218,penny_exact_aggregate,quantum,1.381286966100515,74.21875,0.029269879043567926,True,Exact PennyLane symbolic/CSR path with label aggregation.
7,150,128,400,218,penny_diagonal_fcim,classical,1.3849576218232236,53.125,0.0001468299888074398,True,Exact diagonal FCIM path; no dense eigendecomposition.
7,150,128,400,219,penny_exact_aggregate,quantum,1.3812654397202486,74.21875,0.03708421200281009,True,Exact PennyLane symbolic/CSR path with label aggregation.
7,150,128,400,219,penny_diagonal_fcim,classical,1.3849346228293204,53.125,0.00015953200636431575,True,Exact diagonal FCIM path; no dense eigendecomposition.
7,150,128,400,220,penny_exact_aggregate,quantum,1.381244440734486,74.21875,0.030352507019415498,True,Exact PennyLane symbolic/CSR path with label aggregation.
7,150,128,400,220,penny_diagonal_fcim,classical,1.3849121943711502,53.125,0.00014847301645204425,True,Exact diagonal FCIM path; no dense eigendecomposition.
7,150,128,400,221,penny_exact_aggregate,quantum,1.3812239562195758,74.21875,0.036923526029568166,True,Exact PennyLane symbolic/CSR path with label aggregation.
7,150,128,400,221,penny_diagonal_fcim,classical,1.384890322309379,53.125,0.00015864503802731633,True,Exact diagonal FCIM path; no dense eigendecomposition.
7,150,128,400,222,penny_exact_aggregate,quantum,1.3812039735680997,75.0,0.028716453991364688,True,Exact PennyLane symbolic/CSR path with label aggregation.
7,150,128,400,222,penny_diagonal_fcim,classical,1.3848689928540439,53.125,0.00014685600763186812,True,Exact diagonal FCIM path; no dense eigendecomposition.
7,150,128,400,223,penny_exact_aggregate,quantum,1.3811844804811684,75.0,0.026826459972653538,True,Exact PennyLane symbolic/CSR path with label aggregation.
7,150,128,400,223,penny_diagonal_fcim,classical,1.3848481925559826,53.125,0.0001476390170864761,True,Exact diagonal FCIM path; no dense eigendecomposition.
7,150,128,400,224,penny_exact_aggregate,quantum,1.381165464960915,75.0,0.02608624700224027,True,Exact PennyLane symbolic/CSR path with label aggregation.
7,150,128,400,224,penny_diagonal_fcim,classical,1.3848279082984694,53.125,0.00016116799088194966,True,Exact diagonal FCIM path; no dense eigendecomposition.
7,150,128,400,225,penny_exact_aggregate,quantum,1.3811469153031513,76.5625,0.03158494102535769,True,Exact PennyLane symbolic/CSR path with label aggregation.
7,150,128,400,225,penny_diagonal_fcim,classical,1.3848081272890511,53.125,0.00015161000192165375,True,Exact diagonal FCIM path; no dense eigendecomposition.
7,150,128,400,226,penny_exact_aggregate,quantum,1.3811288200902148,76.5625,0.028999213012866676,True,Exact PennyLane symbolic/CSR path with label aggregation.
7,150,128,400,226,penny_diagonal_fcim,classical,1.3847888370515848,53.125,0.00014584895689040422,True,Exact diagonal FCIM path; no dense eigendecomposition.
7,150,128,400,227,penny_exact_aggregate,quantum,1.3811111681839863,76.5625,0.024383722979109734,True,Exact PennyLane symbolic/CSR path with label aggregation.
7,150,128,400,227,penny_diagonal_fcim,classical,1.3847700254184647,52.34375,0.0001470439601689577,True,Exact diagonal FCIM path; no dense eigendecomposition.
7,150,128,400,228,penny_exact_aggregate,quantum,1.381093948719069,76.5625,0.034877815982326865,True,Exact PennyLane symbolic/CSR path with label aggregation.
7,150,128,400,228,penny_diagonal_fcim,classical,1.3847516805230384,52.34375,0.0001517580240033567,True,Exact diagonal FCIM path; no dense eigendecomposition.
7,150,128,400,229,penny_exact_aggregate,quantum,1.3810771510961417,76.5625,0.02591578202554956,True,Exact PennyLane symbolic/CSR path with label aggregation.
7,150,128,400,229,penny_diagonal_fcim,classical,1.3847337907922073,52.34375,0.0001623549615032971,True,Exact diagonal FCIM path; no dense eigendecomposition.
7,150,128,400,230,penny_exact_aggregate,quantum,1.3810607649754616,76.5625,0.030754179053474218,True,Exact PennyLane symbolic/CSR path with label aggregation.
7,150,128,400,230,penny_diagonal_fcim,classical,1.3847163449392057,52.34375,0.00014624599134549499,True,Exact diagonal FCIM path; no dense eigendecomposition.
7,150,128,400,231,penny_exact_aggregate,quantum,1.381044780270537,76.5625,0.02988955599721521,True,Exact PennyLane symbolic/CSR path with label aggregation.
7,150,128,400,231,penny_diagonal_fcim,classical,1.3846993319565568,53.125,0.0001456980244256556,True,Exact diagonal FCIM path; no dense eigendecomposition.
7,150,128,400,232,penny_exact_aggregate,quantum,1.381029187141938,77.34375,0.025616543018259108,True,Exact PennyLane symbolic/CSR path with label aggregation.
7,150,128,400,232,penny_diagonal_fcim,classical,1.3846827411091986,53.125,0.00014643900794908404,True,Exact diagonal FCIM path; no dense eigendecomposition.
7,150,128,400,233,penny_exact_aggregate,quantum,1.3810139759912714,77.34375,0.03006240603281185,True,Exact PennyLane symbolic/CSR path with label aggregation.
7,150,128,400,233,penny_diagonal_fcim,classical,1.3846665619277754,53.90625,0.0001632600324228406,True,Exact diagonal FCIM path; no dense eigendecomposition.
7,150,128,400,234,penny_exact_aggregate,quantum,1.3809991374552921,77.34375,0.030416685971431434,True,Exact PennyLane symbolic/CSR path with label aggregation.
7,150,128,400,234,penny_diagonal_fcim,classical,1.3846507842020965,53.90625,0.00014721800107508898,True,Exact diagonal FCIM path; no dense eigendecomposition.
7,150,128,400,235,penny_exact_aggregate,quantum,1.3809846624001603,77.34375,0.031826925987843424,True,Exact PennyLane symbolic/CSR path with label aggregation.
7,150,128,400,235,penny_diagonal_fcim,classical,1.384635397974751,53.90625,0.00014897901564836502,True,Exact diagonal FCIM path; no dense eigendecomposition.
7,150,128,400,236,penny_exact_aggregate,quantum,1.3809705419158356,77.34375,0.02805626398185268,True,Exact PennyLane symbolic/CSR path with label aggregation.
7,150,128,400,236,penny_diagonal_fcim,classical,1.3846203935348782,53.90625,0.0001459119957871735,True,Exact diagonal FCIM path; no dense eigendecomposition.
7,150,128,400,237,penny_exact_aggregate,quantum,1.38095676731061,77.34375,0.024788243987131864,True,Exact PennyLane symbolic/CSR path with label aggregation.
7,150,128,400,237,penny_diagonal_fcim,classical,1.3846057614120912,53.90625,0.00014491297770291567,True,Exact diagonal FCIM path; no dense eigendecomposition.
7,150,128,400,238,penny_exact_aggregate,quantum,1.3809433301057727,77.34375,0.029393863049335778,True,Exact PennyLane symbolic/CSR path with label aggregation.
7,150,128,400,238,penny_diagonal_fcim,classical,1.3845914923705496,53.90625,0.00014624500181525946,True,Exact diagonal FCIM path; no dense eigendecomposition.
7,150,128,400,239,penny_exact_aggregate,quantum,1.3809302220304045,77.34375,0.02936268097255379,True,Exact PennyLane symbolic/CSR path with label aggregation.
7,150,128,400,239,penny_diagonal_fcim,classical,1.384577577403172,53.90625,0.00014697900041937828,True,Exact diagonal FCIM path; no dense eigendecomposition.
7,150,128,400,240,penny_exact_aggregate,quantum,1.3809174350162934,77.34375,0.025687480985652655,True,Exact PennyLane symbolic/CSR path with label aggregation.
7,150,128,400,240,penny_diagonal_fcim,classical,1.3845640077259969,53.90625,0.00019673100905492902,True,Exact diagonal FCIM path; no dense eigendecomposition.
7,150,128,400,241,penny_exact_aggregate,quantum,1.3809049611929836,77.34375,0.028494105965364724,True,Exact PennyLane symbolic/CSR path with label aggregation.
7,150,128,400,241,penny_diagonal_fcim,classical,1.3845507747726744,53.90625,0.00015089003136381507,True,Exact diagonal FCIM path; no dense eigendecomposition.
7,150,128,400,242,penny_exact_aggregate,quantum,1.380892792882933,77.34375,0.030141472001560032,True,Exact PennyLane symbolic/CSR path with label aggregation.
7,150,128,400,242,penny_diagonal_fcim,classical,1.3845378701890985,53.90625,0.00016173900803551078,True,Exact diagonal FCIM path; no dense eigendecomposition.
7,150,128,400,243,penny_exact_aggregate,quantum,1.380880922596803,77.34375,0.028599907993339002,True,Exact PennyLane symbolic/CSR path with label aggregation.
7,150,128,400,243,penny_diagonal_fcim,classical,1.3845252858281656,53.90625,0.00014489097520709038,True,Exact diagonal FCIM path; no dense eigendecomposition.
7,150,128,400,244,penny_exact_aggregate,quantum,1.3808693430288428,77.34375,0.02652835799381137,True,Exact PennyLane symbolic/CSR path with label aggregation.
7,150,128,400,244,penny_diagonal_fcim,classical,1.3845130137446662,53.125,0.00014832598390057683,True,Exact diagonal FCIM path; no dense eigendecomposition.
7,150,128,400,245,penny_exact_aggregate,quantum,1.3808580470524072,77.34375,0.029135624994523823,True,Exact PennyLane symbolic/CSR path with label aggregation.
7,150,128,400,245,penny_diagonal_fcim,classical,1.3845010461902958,53.125,0.00014620297588407993,True,Exact diagonal FCIM path; no dense eigendecomposition.
7,150,128,400,246,penny_exact_aggregate,quantum,1.3808470277155709,77.34375,0.02592367201577872,True,Exact PennyLane symbolic/CSR path with label aggregation.
7,150,128,400,246,penny_diagonal_fcim,classical,1.384489375608795,53.90625,0.00014619401190429926,True,Exact diagonal FCIM path; no dense eigendecomposition.
7,150,128,400,247,penny_exact_aggregate,quantum,1.3808362782368488,77.34375,0.02590874198358506,True,Exact PennyLane symbolic/CSR path with label aggregation.
7,150,128,400,247,penny_diagonal_fcim,classical,1.3844779946312014,53.125,0.00014944502618163824,True,Exact diagonal FCIM path; no dense eigendecomposition.
7,150,128,400,248,penny_exact_aggregate,quantum,1.3808257920010283,77.34375,0.029786709987092763,True,Exact PennyLane symbolic/CSR path with label aggregation.
7,150,128,400,248,penny_diagonal_fcim,classical,1.384466896071224,53.125,0.00014906597789376974,True,Exact diagonal FCIM path; no dense eigendecomposition.
7,150,128,400,249,penny_exact_aggregate,quantum,1.3808155625550955,77.34375,0.030511180986650288,True,Exact PennyLane symbolic/CSR path with label aggregation.
7,150,128,400,249,penny_diagonal_fcim,classical,1.3844560729207274,53.125,0.0001697220141068101,True,Exact diagonal FCIM path; no dense eigendecomposition.
7,150,128,400,250,penny_exact_aggregate,quantum,1.3808055836042654,77.34375,0.0333544269669801,True,Exact PennyLane symbolic/CSR path with label aggregation.
7,150,128,400,250,penny_diagonal_fcim,classical,1.3844455183453275,53.125,0.0001458990154787898,True,Exact diagonal FCIM path; no dense eigendecomposition.
7,150,128,400,251,penny_exact_aggregate,quantum,1.3807958490081098,78.125,0.02722002996597439,True,Exact PennyLane symbolic/CSR path with label aggregation.
7,150,128,400,251,penny_diagonal_fcim,classical,1.3844352256800971,52.34375,0.00014519196702167392,True,Exact diagonal FCIM path; no dense eigendecomposition.
7,150,128,400,252,penny_exact_aggregate,quantum,1.38078635277677,78.125,0.025909818010404706,True,Exact PennyLane symbolic/CSR path with label aggregation.
7,150,128,400,252,penny_diagonal_fcim,classical,1.3844251884253738,53.125,0.00015198299661278725,True,Exact diagonal FCIM path; no dense eigendecomposition.
7,150,128,400,253,penny_exact_aggregate,quantum,1.380777089067276,78.125,0.029619996959809214,True,Exact PennyLane symbolic/CSR path with label aggregation.
7,150,128,400,253,penny_diagonal_fcim,classical,1.3844154002426738,53.125,0.0001439410261809826,True,Exact diagonal FCIM path; no dense eigendecomposition.
7,150,128,400,254,penny_exact_aggregate,quantum,1.3807680521799433,78.125,0.025080416991841048,True,Exact PennyLane symbolic/CSR path with label aggregation.
7,150,128,400,254,penny_diagonal_fcim,classical,1.384405854950705,53.125,0.00014874199405312538,True,Exact diagonal FCIM path; no dense eigendecomposition.
7,150,128,400,255,penny_exact_aggregate,quantum,1.3807592365548669,78.125,0.028510041011031717,True,Exact PennyLane symbolic/CSR path with label aggregation.
7,150,128,400,255,penny_diagonal_fcim,classical,1.3843965465214771,53.125,0.0001509070280008018,True,Exact diagonal FCIM path; no dense eigendecomposition.
7,150,128,400,256,penny_exact_aggregate,quantum,1.380750636768494,78.125,0.02805908099981025,True,Exact PennyLane symbolic/CSR path with label aggregation.
7,150,128,400,256,penny_diagonal_fcim,classical,1.3843874690765094,53.125,0.0001443719957023859,True,Exact diagonal FCIM path; no dense eigendecomposition.
7,150,128,400,257,penny_exact_aggregate,quantum,1.3807422475302822,78.125,0.026984708034433424,True,Exact PennyLane symbolic/CSR path with label aggregation.
7,150,128,400,257,penny_diagonal_fcim,classical,1.3843786168831294,53.125,0.00015994603745639324,True,Exact diagonal FCIM path; no dense eigendecomposition.
7,150,128,400,258,penny_exact_aggregate,quantum,1.3807340636794414,78.125,0.03258194896625355,True,Exact PennyLane symbolic/CSR path with label aggregation.
7,150,128,400,258,penny_diagonal_fcim,classical,1.3843699843508654,53.125,0.00014735403237864375,True,Exact diagonal FCIM path; no dense eigendecomposition.
7,150,128,400,259,penny_exact_aggregate,quantum,1.3807260801817534,78.125,0.027010742982383817,True,Exact PennyLane symbolic/CSR path with label aggregation.
7,150,128,400,259,penny_diagonal_fcim,classical,1.3843615660279256,53.125,0.0004249449702911079,True,Exact diagonal FCIM path; no dense eigendecomposition.
7,150,128,400,260,penny_exact_aggregate,quantum,1.3807182921264713,78.125,0.02495081798406318,True,Exact PennyLane symbolic/CSR path with label aggregation.
7,150,128,400,260,penny_diagonal_fcim,classical,1.384353356597765,53.125,0.0001488380366936326,True,Exact diagonal FCIM path; no dense eigendecomposition.
7,150,128,400,261,penny_exact_aggregate,quantum,1.3807106947232897,78.125,0.027244085038546473,True,Exact PennyLane symbolic/CSR path with label aggregation.
7,150,128,400,261,penny_diagonal_fcim,classical,1.384345350875736,53.125,0.00014618801651522517,True,Exact diagonal FCIM path; no dense eigendecomposition.
7,150,128,400,262,penny_exact_aggregate,quantum,1.3807032832993953,78.90625,0.025845713971648365,True,Exact PennyLane symbolic/CSR path with label aggregation.
7,150,128,400,262,penny_diagonal_fcim,classical,1.3843375438058225,53.125,0.00014865398406982422,True,Exact diagonal FCIM path; no dense eigendecomposition.
7,150,128,400,263,penny_exact_aggregate,quantum,1.380696053296583,78.90625,0.031045117997564375,True,Exact PennyLane symbolic/CSR path with label aggregation.
7,150,128,400,263,penny_diagonal_fcim,classical,1.384329930457454,53.125,0.00014783500228077173,True,Exact diagonal FCIM path; no dense eigendecomposition.
7,150,128,400,264,penny_exact_aggregate,quantum,1.3806890002684504,79.6875,0.027564733987674117,True,Exact PennyLane symbolic/CSR path with label aggregation.
7,150,128,400,264,penny_diagonal_fcim,classical,1.3843225060223983,53.125,0.0001452770084142685,True,Exact diagonal FCIM path; no dense eigendecomposition.
7,150,128,400,265,penny_exact_aggregate,quantum,1.3806821198776538,79.6875,0.02552437997655943,True,Exact PennyLane symbolic/CSR path with label aggregation.
7,150,128,400,265,penny_diagonal_fcim,classical,1.3843152658117308,53.125,0.00014575902605429292,True,Exact diagonal FCIM path; no dense eigendecomposition.
7,150,128,400,266,penny_exact_aggregate,quantum,1.3806754078932333,79.6875,0.02834297699155286,True,Exact PennyLane symbolic/CSR path with label aggregation.
7,150,128,400,266,penny_diagonal_fcim,classical,1.384308205252879,52.34375,0.00014773104339838028,True,Exact diagonal FCIM path; no dense eigendecomposition.
7,150,128,400,267,penny_exact_aggregate,quantum,1.3806688601880066,79.6875,0.03287227597320452,True,Exact PennyLane symbolic/CSR path with label aggregation.
7,150,128,400,267,penny_diagonal_fcim,classical,1.3843013198867384,52.34375,0.000145347963552922,True,Exact diagonal FCIM path; no dense eigendecomposition.
7,150,128,400,268,penny_exact_aggregate,quantum,1.3806624727360202,79.6875,0.02714453503722325,True,Exact PennyLane symbolic/CSR path with label aggregation.
7,150,128,400,268,penny_diagonal_fcim,classical,1.384294605364862,52.34375,0.0001458959886804223,True,Exact diagonal FCIM path; no dense eigendecomposition.
7,150,128,400,269,penny_exact_aggregate,quantum,1.3806562416100725,79.6875,0.030334188020788133,True,Exact PennyLane symbolic/CSR path with label aggregation.
7,150,128,400,269,penny_diagonal_fcim,classical,1.384288057446717,52.34375,0.00015713402535766363,True,Exact diagonal FCIM path; no dense eigendecomposition.
7,150,128,400,270,penny_exact_aggregate,quantum,1.380650162979286,79.6875,0.02722270501544699,True,Exact PennyLane symbolic/CSR path with label aggregation.
7,150,128,400,270,penny_diagonal_fcim,classical,1.3842816719970106,52.34375,0.00014723400818184018,True,Exact diagonal FCIM path; no dense eigendecomposition.
7,150,128,400,271,penny_exact_aggregate,quantum,1.3806442331067466,79.6875,0.026785308960825205,True,Exact PennyLane symbolic/CSR path with label aggregation.
7,150,128,400,271,penny_diagonal_fcim,classical,1.3842754449830807,52.34375,0.00014326500240713358,True,Exact diagonal FCIM path; no dense eigendecomposition.
7,150,128,400,272,penny_exact_aggregate,quantum,1.3806384483472012,79.6875,0.02783777902368456,True,Exact PennyLane symbolic/CSR path with label aggregation.
7,150,128,400,272,penny_diagonal_fcim,classical,1.3842693724723523,52.34375,0.00014788599219173193,True,Exact diagonal FCIM path; no dense eigendecomposition.
7,150,128,400,273,penny_exact_aggregate,quantum,1.3806328051448054,79.6875,0.031487123982515186,True,Exact PennyLane symbolic/CSR path with label aggregation.
7,150,128,400,273,penny_diagonal_fcim,classical,1.3842634506298563,52.34375,0.00014643598115071654,True,Exact diagonal FCIM path; no dense eigendecomposition.
7,150,128,400,274,penny_exact_aggregate,quantum,1.3806273000309333,79.6875,0.03032291599083692,True,Exact PennyLane symbolic/CSR path with label aggregation.
7,150,128,400,274,penny_diagonal_fcim,classical,1.3842576757158085,52.34375,0.00019147503189742565,True,Exact diagonal FCIM path; no dense eigendecomposition.
7,150,128,400,275,penny_exact_aggregate,quantum,1.3806219296220346,79.6875,0.030346675019245595,True,Exact PennyLane symbolic/CSR path with label aggregation.
7,150,128,400,275,penny_diagonal_fcim,classical,1.3842520440832502,52.34375,0.00015989498933777213,True,Exact diagonal FCIM path; no dense eigendecomposition.
7,150,128,400,276,penny_exact_aggregate,quantum,1.3806166906175523,79.6875,0.0305022060056217,True,Exact PennyLane symbolic/CSR path with label aggregation.
7,150,128,400,276,penny_diagonal_fcim,classical,1.3842465521757457,52.34375,0.00014773599104955792,True,Exact diagonal FCIM path; no dense eigendecomposition.
7,150,128,400,277,penny_exact_aggregate,quantum,1.3806115797978809,79.6875,0.02796005504205823,True,Exact PennyLane symbolic/CSR path with label aggregation.
7,150,128,400,277,penny_diagonal_fcim,classical,1.3842411965251387,52.34375,0.00014536397065967321,True,Exact diagonal FCIM path; no dense eigendecomposition.
7,150,128,400,278,penny_exact_aggregate,quantum,1.3806065940223853,79.6875,0.02771759999450296,True,Exact PennyLane symbolic/CSR path with label aggregation.
7,150,128,400,278,penny_diagonal_fcim,classical,1.3842359737493606,51.5625,0.0001499280333518982,True,Exact diagonal FCIM path; no dense eigendecomposition.
7,150,128,400,279,penny_exact_aggregate,quantum,1.3806017302274594,79.6875,0.12026126001728699,True,Exact PennyLane symbolic/CSR path with label aggregation.
7,150,128,400,279,penny_diagonal_fcim,classical,1.3842308805502972,51.5625,0.00014516699593514204,True,Exact diagonal FCIM path; no dense eigendecomposition.
7,150,128,400,280,penny_exact_aggregate,quantum,1.3805969854246358,79.6875,0.030263521999586374,True,Exact PennyLane symbolic/CSR path with label aggregation.
7,150,128,400,280,penny_diagonal_fcim,classical,1.3842259137117052,51.5625,0.0001452710130251944,True,Exact diagonal FCIM path; no dense eigendecomposition.
7,150,128,400,281,penny_exact_aggregate,quantum,1.3805923566987497,79.6875,0.030201176006812602,True,Exact PennyLane symbolic/CSR path with label aggregation.
7,150,128,400,281,penny_diagonal_fcim,classical,1.3842210700971822,51.5625,0.0001485579996369779,True,Exact diagonal FCIM path; no dense eigendecomposition.
7,150,128,400,282,penny_exact_aggregate,quantum,1.3805878412061283,79.6875,0.030404383956920356,True,Exact PennyLane symbolic/CSR path with label aggregation.
7,150,128,400,282,penny_diagonal_fcim,classical,1.3842163466481845,51.5625,0.00014597398694604635,True,Exact diagonal FCIM path; no dense eigendecomposition.
7,150,128,400,283,penny_exact_aggregate,quantum,1.380583436172845,80.46875,0.03137728804722428,True,Exact PennyLane symbolic/CSR path with label aggregation.
7,150,128,400,283,penny_diagonal_fcim,classical,1.3842117403820966,52.34375,0.00014880899107083678,True,Exact diagonal FCIM path; no dense eigendecomposition.
7,150,128,400,284,penny_exact_aggregate,quantum,1.3805791388930069,80.46875,0.02870516898110509,True,Exact PennyLane symbolic/CSR path with label aggregation.
7,150,128,400,284,penny_diagonal_fcim,classical,1.3842072483903474,52.34375,0.00014767399989068508,True,Exact diagonal FCIM path; no dense eigendecomposition.
7,150,128,400,285,penny_exact_aggregate,quantum,1.3805749467270805,80.46875,0.052560810989234596,True,Exact PennyLane symbolic/CSR path with label aggregation.
7,150,128,400,285,penny_diagonal_fcim,classical,1.3842028678365725,52.34375,0.004468595026992261,True,Exact diagonal FCIM path; no dense eigendecomposition.
7,150,128,400,286,penny_exact_aggregate,quantum,1.3805708571002717,80.46875,0.04296479996992275,True,Exact PennyLane symbolic/CSR path with label aggregation.
7,150,128,400,286,penny_diagonal_fcim,classical,1.3841985959548222,52.34375,0.0001435910235159099,True,Exact diagonal FCIM path; no dense eigendecomposition.
7,150,128,400,287,penny_exact_aggregate,quantum,1.3805668675009253,80.46875,0.0498899890226312,True,Exact PennyLane symbolic/CSR path with label aggregation.
7,150,128,400,287,penny_diagonal_fcim,classical,1.3841944300478153,52.34375,0.00022281805286183953,True,Exact diagonal FCIM path; no dense eigendecomposition.
7,150,128,400,288,penny_exact_aggregate,quantum,1.380562975478989,80.46875,0.050559823983348906,True,Exact PennyLane symbolic/CSR path with label aggregation.
7,150,128,400,288,penny_diagonal_fcim,classical,1.384190367485234,52.34375,0.0001456280006095767,True,Exact diagonal FCIM path; no dense eigendecomposition.
7,150,128,400,289,penny_exact_aggregate,quantum,1.3805591786444915,80.46875,0.05087737203575671,True,Exact PennyLane symbolic/CSR path with label aggregation.
7,150,128,400,289,penny_diagonal_fcim,classical,1.3841864057020623,53.125,0.0001457679900340736,True,Exact diagonal FCIM path; no dense eigendecomposition.
7,150,128,400,290,penny_exact_aggregate,quantum,1.3805554746660706,80.46875,0.03414457500912249,True,Exact PennyLane symbolic/CSR path with label aggregation.
7,150,128,400,290,penny_diagonal_fcim,classical,1.384182542196966,53.125,0.00016272597713395953,True,Exact diagonal FCIM path; no dense eigendecomposition.
7,150,128,400,291,penny_exact_aggregate,quantum,1.3805518612695373,80.46875,0.0364161700126715,True,Exact PennyLane symbolic/CSR path with label aggregation.
7,150,128,400,291,penny_diagonal_fcim,classical,1.3841787745307115,53.125,0.0033146219793707132,True,Exact diagonal FCIM path; no dense eigendecomposition.
7,150,128,400,292,penny_exact_aggregate,quantum,1.3805483362364708,80.46875,0.04979591502342373,True,Exact PennyLane symbolic/CSR path with label aggregation.
7,150,128,400,292,penny_diagonal_fcim,classical,1.3841751003246237,53.125,0.00014754198491573334,True,Exact diagonal FCIM path; no dense eigendecomposition.
7,150,128,400,293,penny_exact_aggregate,quantum,1.3805448974028502,80.46875,0.043747299001552165,True,Exact PennyLane symbolic/CSR path with label aggregation.
7,150,128,400,293,penny_diagonal_fcim,classical,1.3841715172590847,53.125,0.00014344597002491355,True,Exact diagonal FCIM path; no dense eigendecomposition.
7,150,128,400,294,penny_exact_aggregate,quantum,1.380541542657719,80.46875,0.04734271200140938,True,Exact PennyLane symbolic/CSR path with label aggregation.
7,150,128,400,294,penny_diagonal_fcim,classical,1.3841680230720665,53.125,0.00016425596550107002,True,Exact diagonal FCIM path; no dense eigendecomposition.
7,150,128,400,295,penny_exact_aggregate,quantum,1.3805382699418822,80.46875,0.03522059501847252,True,Exact PennyLane symbolic/CSR path with label aggregation.
7,150,128,400,295,penny_diagonal_fcim,classical,1.3841646155577019,53.125,0.00014733895659446716,True,Exact diagonal FCIM path; no dense eigendecomposition.
7,150,128,400,296,penny_exact_aggregate,quantum,1.3805350772466392,80.46875,0.025702881976030767,True,Exact PennyLane symbolic/CSR path with label aggregation.
7,150,128,400,296,penny_diagonal_fcim,classical,1.38416129256489,52.34375,0.00017794204177334905,True,Exact diagonal FCIM path; no dense eigendecomposition.
7,150,128,400,297,penny_exact_aggregate,quantum,1.3805319626125387,80.46875,0.033532481000293046,True,Exact PennyLane symbolic/CSR path with label aggregation.
7,150,128,400,297,penny_diagonal_fcim,classical,1.3841580519959378,52.34375,0.00014565797755494714,True,Exact diagonal FCIM path; no dense eigendecomposition.
7,150,128,400,298,penny_exact_aggregate,quantum,1.380528924128177,80.46875,0.02911023102933541,True,Exact PennyLane symbolic/CSR path with label aggregation.
7,150,128,400,298,penny_diagonal_fcim,classical,1.3841548918052324,52.34375,0.0001457969774492085,True,Exact diagonal FCIM path; no dense eigendecomposition.
7,150,128,400,299,penny_exact_aggregate,quantum,1.3805259599290136,80.46875,0.034630929003469646,True,Exact PennyLane symbolic/CSR path with label aggregation.
7,150,128,400,299,penny_diagonal_fcim,classical,1.38415180999795,52.34375,0.00014638202264904976,True,Exact diagonal FCIM path; no dense eigendecomposition.
7,150,128,400,300,penny_exact_aggregate,quantum,1.3805230681962222,80.46875,0.03318844799650833,True,Exact PennyLane symbolic/CSR path with label aggregation.
7,150,128,400,300,penny_diagonal_fcim,classical,1.384148804628794,52.34375,0.00015713495668023825,True,Exact diagonal FCIM path; no dense eigendecomposition.
7,150,128,400,301,penny_exact_aggregate,quantum,1.3805202471555713,80.46875,0.035269010986667126,True,Exact PennyLane symbolic/CSR path with label aggregation.
7,150,128,400,301,penny_diagonal_fcim,classical,1.3841458738007644,52.34375,0.00029880600050091743,True,Exact diagonal FCIM path; no dense eigendecomposition.
7,150,128,400,302,penny_exact_aggregate,quantum,1.3805174950763255,80.46875,0.028612032998353243,True,Exact PennyLane symbolic/CSR path with label aggregation.
7,150,128,400,302,penny_diagonal_fcim,classical,1.3841430156639616,52.34375,0.0001452480209991336,True,Exact diagonal FCIM path; no dense eigendecomposition.
7,150,128,400,303,penny_exact_aggregate,quantum,1.3805148102701814,80.46875,0.025336433958727866,True,Exact PennyLane symbolic/CSR path with label aggregation.
7,150,128,400,303,penny_diagonal_fcim,classical,1.384140228414414,52.34375,0.00014875701162964106,True,Exact diagonal FCIM path; no dense eigendecomposition.
7,150,128,400,304,penny_exact_aggregate,quantum,1.3805121910902267,80.46875,0.02599904895760119,True,Exact PennyLane symbolic/CSR path with label aggregation.
7,150,128,400,304,penny_diagonal_fcim,classical,1.3841375102929383,52.34375,0.00015161000192165375,True,Exact diagonal FCIM path; no dense eigendecomposition.
7,150,128,400,305,penny_exact_aggregate,quantum,1.3805096359299207,80.46875,0.027684763015713543,True,Exact PennyLane symbolic/CSR path with label aggregation.
7,150,128,400,305,penny_diagonal_fcim,classical,1.3841348595840288,52.34375,0.0012180240009911358,True,Exact diagonal FCIM path; no dense eigendecomposition.
7,150,128,400,306,penny_exact_aggregate,quantum,1.3805071432221052,80.46875,0.02444187697255984,True,Exact PennyLane symbolic/CSR path with label aggregation.
7,150,128,400,306,penny_diagonal_fcim,classical,1.384132274614772,52.34375,0.00014770403504371643,True,Exact diagonal FCIM path; no dense eigendecomposition.
7,150,128,400,307,penny_exact_aggregate,quantum,1.380504711438042,80.46875,0.027625178976450115,True,Exact PennyLane symbolic/CSR path with label aggregation.
7,150,128,400,307,penny_diagonal_fcim,classical,1.3841297537537884,52.34375,0.0001506840344518423,True,Exact diagonal FCIM path; no dense eigendecomposition.
7,150,128,400,308,penny_exact_aggregate,quantum,1.3805023390864628,80.46875,0.028342220990452915,True,Exact PennyLane symbolic/CSR path with label aggregation.
7,150,128,400,308,penny_diagonal_fcim,classical,1.3841272954102022,52.34375,0.00014542497228831053,True,Exact diagonal FCIM path; no dense eigendecomposition.
7,150,128,400,309,penny_exact_aggregate,quantum,1.3805000247126546,80.46875,0.024479857995174825,True,Exact PennyLane symbolic/CSR path with label aggregation.
7,150,128,400,309,penny_diagonal_fcim,classical,1.3841248980326348,50.78125,0.0001479930360801518,True,Exact diagonal FCIM path; no dense eigendecomposition.
7,150,128,400,310,penny_exact_aggregate,quantum,1.3804977668975627,81.25,0.028058675990905613,True,Exact PennyLane symbolic/CSR path with label aggregation.
7,150,128,400,310,penny_diagonal_fcim,classical,1.3841225601082243,51.5625,0.00014937901869416237,True,Exact diagonal FCIM path; no dense eigendecomposition.
7,150,128,400,311,penny_exact_aggregate,quantum,1.3804955642569134,81.25,0.02797508705407381,True,Exact PennyLane symbolic/CSR path with label aggregation.
7,150,128,400,311,penny_diagonal_fcim,classical,1.3841202801616692,51.5625,0.0001457049511373043,True,Exact diagonal FCIM path; no dense eigendecomposition.
7,150,128,400,312,penny_exact_aggregate,quantum,1.3804934154403607,81.25,0.027103254047688097,True,Exact PennyLane symbolic/CSR path with label aggregation.
7,150,128,400,312,penny_diagonal_fcim,classical,1.3841180567542952,51.5625,0.00014767597895115614,True,Exact diagonal FCIM path; no dense eigendecomposition.
7,150,128,400,313,penny_exact_aggregate,quantum,1.3804913191306571,80.46875,0.030322657024953514,True,Exact PennyLane symbolic/CSR path with label aggregation.
7,150,128,400,313,penny_diagonal_fcim,classical,1.3841158884831466,51.5625,0.00014648801879957318,True,Exact diagonal FCIM path; no dense eigendecomposition.
7,150,128,400,314,penny_exact_aggregate,quantum,1.3804892740428354,80.46875,0.028606645995751023,True,Exact PennyLane symbolic/CSR path with label aggregation.
7,150,128,400,314,penny_diagonal_fcim,classical,1.384113773980098,51.5625,0.0001462529762648046,True,Exact diagonal FCIM path; no dense eigendecomposition.
7,150,128,400,315,penny_exact_aggregate,quantum,1.3804872789234217,80.46875,0.03600539703620598,True,Exact PennyLane symbolic/CSR path with label aggregation.
7,150,128,400,315,penny_diagonal_fcim,classical,1.3841117119109903,51.5625,0.0001522559905424714,True,Exact diagonal FCIM path; no dense eigendecomposition.
7,150,128,400,316,penny_exact_aggregate,quantum,1.3804853325496635,80.46875,0.027567095996346325,True,Exact PennyLane symbolic/CSR path with label aggregation.
7,150,128,400,316,penny_diagonal_fcim,classical,1.3841097009747867,51.5625,0.00015725201228633523,True,Exact diagonal FCIM path; no dense eigendecomposition.
7,150,128,400,317,penny_exact_aggregate,quantum,1.3804834337287675,80.46875,0.027832578984089196,True,Exact PennyLane symbolic/CSR path with label aggregation.
7,150,128,400,317,penny_diagonal_fcim,classical,1.3841077399027508,51.5625,0.00014522700803354383,True,Exact diagonal FCIM path; no dense eigendecomposition.
7,150,128,400,318,penny_exact_aggregate,quantum,1.3804815812971758,80.46875,0.02896173798944801,True,Exact PennyLane symbolic/CSR path with label aggregation.
7,150,128,400,318,penny_diagonal_fcim,classical,1.3841058274576434,51.5625,0.0001519939978606999,True,Exact diagonal FCIM path; no dense eigendecomposition.
7,150,128,400,319,penny_exact_aggregate,quantum,1.3804797741198411,80.46875,0.026148228032980114,True,Exact PennyLane symbolic/CSR path with label aggregation.
7,150,128,400,319,penny_diagonal_fcim,classical,1.3841039624329416,51.5625,0.00014502601698040962,True,Exact diagonal FCIM path; no dense eigendecomposition.
7,150,128,400,320,penny_exact_aggregate,quantum,1.3804780110895274,80.46875,0.026710906997323036,True,Exact PennyLane symbolic/CSR path with label aggregation.
7,150,128,400,320,penny_diagonal_fcim,classical,1.3841021436520746,51.5625,0.00014811300206929445,True,Exact diagonal FCIM path; no dense eigendecomposition.
7,150,128,400,321,penny_exact_aggregate,quantum,1.380476291126131,80.46875,0.02886149100959301,True,Exact PennyLane symbolic/CSR path with label aggregation.
7,150,128,400,321,penny_diagonal_fcim,classical,1.3841003699676815,51.5625,0.00014652597019448876,True,Exact diagonal FCIM path; no dense eigendecomposition.
7,150,128,400,322,penny_exact_aggregate,quantum,1.3804746131760144,80.46875,0.026560197991784662,True,Exact PennyLane symbolic/CSR path with label aggregation.
7,150,128,400,322,penny_diagonal_fcim,classical,1.3840986402608833,51.5625,0.00014700397150591016,True,Exact diagonal FCIM path; no dense eigendecomposition.
7,150,128,400,323,penny_exact_aggregate,quantum,1.3804729762113535,80.46875,0.02477598300902173,True,Exact PennyLane symbolic/CSR path with label aggregation.
7,150,128,400,323,penny_diagonal_fcim,classical,1.3840969534405787,51.5625,0.00014831399312242866,True,Exact diagonal FCIM path; no dense eigendecomposition.
7,150,128,400,324,penny_exact_aggregate,quantum,1.3804713792295074,79.6875,0.027678909013047814,True,Exact PennyLane symbolic/CSR path with label aggregation.
7,150,128,400,324,penny_diagonal_fcim,classical,1.384095308442752,51.5625,0.00014468200970441103,True,Exact diagonal FCIM path; no dense eigendecomposition.
7,150,128,400,325,penny_exact_aggregate,quantum,1.3804698212524,79.6875,0.02494825003668666,True,Exact PennyLane symbolic/CSR path with label aggregation.
7,150,128,400,325,penny_diagonal_fcim,classical,1.384093704229802,50.78125,0.00014765001833438873,True,Exact diagonal FCIM path; no dense eigendecomposition.
7,150,128,400,326,penny_exact_aggregate,quantum,1.3804683013259167,79.6875,0.029966856993269175,True,Exact PennyLane symbolic/CSR path with label aggregation.
7,150,128,400,326,penny_diagonal_fcim,classical,1.3840921397898844,50.78125,0.00014483695849776268,True,Exact diagonal FCIM path; no dense eigendecomposition.
7,150,128,400,327,penny_exact_aggregate,quantum,1.380466818519317,79.6875,0.023554474988486618,True,Exact PennyLane symbolic/CSR path with label aggregation.
7,150,128,400,327,penny_diagonal_fcim,classical,1.3840906141362725,50.78125,0.00014593498781323433,True,Exact diagonal FCIM path; no dense eigendecomposition.
7,150,128,400,328,penny_exact_aggregate,quantum,1.3804653719246611,80.46875,0.023569526034407318,True,Exact PennyLane symbolic/CSR path with label aggregation.
7,150,128,400,328,penny_diagonal_fcim,classical,1.3840891263067352,50.78125,0.00016010302351787686,True,Exact diagonal FCIM path; no dense eigendecomposition.
7,150,128,400,329,penny_exact_aggregate,quantum,1.380463960656249,80.46875,0.026660073024686426,True,Exact PennyLane symbolic/CSR path with label aggregation.
7,150,128,400,329,penny_diagonal_fcim,classical,1.3840876753629265,50.78125,0.00014616799307987094,True,Exact diagonal FCIM path; no dense eigendecomposition.
7,150,128,400,330,penny_exact_aggregate,quantum,1.380462583850081,80.46875,0.032362728961743414,True,Exact PennyLane symbolic/CSR path with label aggregation.
7,150,128,400,330,penny_diagonal_fcim,classical,1.384086260389793,50.78125,0.00014294299762696028,True,Exact diagonal FCIM path; no dense eigendecomposition.
7,150,128,400,331,penny_exact_aggregate,quantum,1.3804612406633154,80.46875,0.023893692006822675,True,Exact PennyLane symbolic/CSR path with label aggregation.
7,150,128,400,331,penny_diagonal_fcim,classical,1.384084880494996,50.78125,0.00015512999380007386,True,Exact diagonal FCIM path; no dense eigendecomposition.
7,150,128,400,332,penny_exact_aggregate,quantum,1.380459930273759,80.46875,0.027132220973726362,True,Exact PennyLane symbolic/CSR path with label aggregation.
7,150,128,400,332,penny_diagonal_fcim,classical,1.3840835348083464,50.0,0.00015868799528107047,True,Exact diagonal FCIM path; no dense eigendecomposition.
7,150,128,400,333,penny_exact_aggregate,quantum,1.3804586518793538,80.46875,0.025396001001354307,True,Exact PennyLane symbolic/CSR path with label aggregation.
7,150,128,400,333,penny_diagonal_fcim,classical,1.384082222481256,50.0,0.00014581502182409167,True,Exact diagonal FCIM path; no dense eigendecomposition.
7,150,128,400,334,penny_exact_aggregate,quantum,1.3804574046976863,80.46875,0.02352195599814877,True,Exact PennyLane symbolic/CSR path with label aggregation.
7,150,128,400,334,penny_diagonal_fcim,classical,1.3840809426861989,50.0,0.0001504579558968544,True,Exact diagonal FCIM path; no dense eigendecomposition.
7,150,128,400,335,penny_exact_aggregate,quantum,1.3804561879655086,80.46875,0.026327667001169175,True,Exact PennyLane symbolic/CSR path with label aggregation.
7,150,128,400,335,penny_diagonal_fcim,classical,1.3840796946161915,50.0,0.00014509604079648852,True,Exact diagonal FCIM path; no dense eigendecomposition.
7,150,128,400,336,penny_exact_aggregate,quantum,1.3804550009382606,80.46875,0.023950366012286395,True,Exact PennyLane symbolic/CSR path with label aggregation.
7,150,128,400,336,penny_diagonal_fcim,classical,1.3840784774842794,50.0,0.00014701701002195477,True,Exact diagonal FCIM path; no dense eigendecomposition.
7,150,128,400,337,penny_exact_aggregate,quantum,1.3804538428896178,80.46875,0.025839156995061785,True,Exact PennyLane symbolic/CSR path with label aggregation.
7,150,128,400,337,penny_diagonal_fcim,classical,1.3840772905230414,50.0,0.0001445630332455039,True,Exact diagonal FCIM path; no dense eigendecomposition.
7,150,128,400,338,penny_exact_aggregate,quantum,1.3804527131110442,80.46875,0.02534977998584509,True,Exact PennyLane symbolic/CSR path with label aggregation.
7,150,128,400,338,penny_diagonal_fcim,classical,1.3840761329841045,50.0,0.00014643301256000996,True,Exact diagonal FCIM path; no dense eigendecomposition.
7,150,128,400,339,penny_exact_aggregate,quantum,1.3804516109113532,80.46875,0.02856033999705687,True,Exact PennyLane symbolic/CSR path with label aggregation.
7,150,128,400,339,penny_diagonal_fcim,classical,1.3840750041376704,50.0,0.00014514400390908122,True,Exact diagonal FCIM path; no dense eigendecomposition.
7,150,128,400,340,penny_exact_aggregate,quantum,1.3804505356162804,80.46875,0.02393926604418084,True,Exact PennyLane symbolic/CSR path with label aggregation.
7,150,128,400,340,penny_diagonal_fcim,classical,1.3840739032720544,50.0,0.00014541600830852985,True,Exact diagonal FCIM path; no dense eigendecomposition.
7,150,128,400,341,penny_exact_aggregate,quantum,1.3804494865680752,80.46875,0.027524655044544488,True,Exact PennyLane symbolic/CSR path with label aggregation.
7,150,128,400,341,penny_diagonal_fcim,classical,1.3840728296932352,50.0,0.00014658301370218396,True,Exact diagonal FCIM path; no dense eigendecomposition.
7,150,128,400,342,penny_exact_aggregate,quantum,1.380448463125091,80.46875,0.026680002047214657,True,Exact PennyLane symbolic/CSR path with label aggregation.
7,150,128,400,342,penny_diagonal_fcim,classical,1.3840717827244178,50.0,0.00015876797260716558,True,Exact diagonal FCIM path; no dense eigendecomposition.
7,150,128,400,343,penny_exact_aggregate,quantum,1.3804474646613896,80.46875,0.030759680026676506,True,Exact PennyLane symbolic/CSR path with label aggregation.
7,150,128,400,343,penny_diagonal_fcim,classical,1.3840707617056036,50.0,0.00014508998719975352,True,Exact diagonal FCIM path; no dense eigendecomposition.
7,150,128,400,344,penny_exact_aggregate,quantum,1.3804464905663614,81.25,0.023662573017645627,True,Exact PennyLane symbolic/CSR path with label aggregation.
7,150,128,400,344,penny_diagonal_fcim,classical,1.3840697659931742,50.0,0.0001605760189704597,True,Exact diagonal FCIM path; no dense eigendecomposition.
7,150,128,400,345,penny_exact_aggregate,quantum,1.3804455402443416,81.25,0.02459560800343752,True,Exact PennyLane symbolic/CSR path with label aggregation.
7,150,128,400,345,penny_diagonal_fcim,classical,1.384068794959485,50.0,0.0001573179615661502,True,Exact diagonal FCIM path; no dense eigendecomposition.
7,150,128,400,346,penny_exact_aggregate,quantum,1.3804446131142514,81.25,0.02596863202052191,True,Exact PennyLane symbolic/CSR path with label aggregation.
7,150,128,400,346,penny_diagonal_fcim,classical,1.3840678479924686,50.78125,0.00014556600945070386,True,Exact diagonal FCIM path; no dense eigendecomposition.
7,150,128,400,347,penny_exact_aggregate,quantum,1.3804437086092365,81.25,0.02718765300232917,True,Exact PennyLane symbolic/CSR path with label aggregation.
7,150,128,400,347,penny_diagonal_fcim,classical,1.3840669244952468,50.78125,0.00014534901129081845,True,Exact diagonal FCIM path; no dense eigendecomposition.
7,150,128,400,348,penny_exact_aggregate,quantum,1.380442826176317,81.25,0.027182063029613346,True,Exact PennyLane symbolic/CSR path with label aggregation.
7,150,128,400,348,penny_diagonal_fcim,classical,1.3840660238857552,50.78125,0.00016070099081844091,True,Exact diagonal FCIM path; no dense eigendecomposition.
7,150,128,400,349,penny_exact_aggregate,quantum,1.3804419652760522,81.25,0.027306621021125466,True,Exact PennyLane symbolic/CSR path with label aggregation.
7,150,128,400,349,penny_diagonal_fcim,classical,1.3840651455963728,50.78125,0.0001458220067434013,True,Exact diagonal FCIM path; no dense eigendecomposition.
7,150,128,400,350,penny_exact_aggregate,quantum,1.3804411253822044,81.25,0.03067875700071454,True,Exact PennyLane symbolic/CSR path with label aggregation.
7,150,128,400,350,penny_diagonal_fcim,classical,1.384064289073567,50.78125,0.00014669098891317844,True,Exact diagonal FCIM path; no dense eigendecomposition.
7,150,128,400,351,penny_exact_aggregate,quantum,1.3804403059814156,81.25,0.028013928036671132,True,Exact PennyLane symbolic/CSR path with label aggregation.
7,150,128,400,351,penny_diagonal_fcim,classical,1.3840634537775405,50.78125,0.00015052000526338816,True,Exact diagonal FCIM path; no dense eigendecomposition.
7,150,128,400,352,penny_exact_aggregate,quantum,1.3804395065728943,81.25,0.031342945992946625,True,Exact PennyLane symbolic/CSR path with label aggregation.
7,150,128,400,352,penny_diagonal_fcim,classical,1.3840626391818907,50.78125,0.00016305502504110336,True,Exact diagonal FCIM path; no dense eigendecomposition.
7,150,128,400,353,penny_exact_aggregate,quantum,1.3804387266681037,81.25,0.029582314018625766,True,Exact PennyLane symbolic/CSR path with label aggregation.
7,150,128,400,353,penny_diagonal_fcim,classical,1.3840618447732798,50.78125,0.00014729402028024197,True,Exact diagonal FCIM path; no dense eigendecomposition.
7,150,128,400,354,penny_exact_aggregate,quantum,1.3804379657904657,81.25,0.03580639400752261,True,Exact PennyLane symbolic/CSR path with label aggregation.
7,150,128,400,354,penny_diagonal_fcim,classical,1.3840610700511062,50.0,0.00014984299195930362,True,Exact diagonal FCIM path; no dense eigendecomposition.
7,150,128,400,355,penny_exact_aggregate,quantum,1.380437223475065,81.25,0.03208479698514566,True,Exact PennyLane symbolic/CSR path with label aggregation.
7,150,128,400,355,penny_diagonal_fcim,classical,1.384060314527193,50.0,0.00014744600048288703,True,Exact diagonal FCIM path; no dense eigendecomposition.
7,150,128,400,356,penny_exact_aggregate,quantum,1.3804364992683635,81.25,0.031150317983701825,True,Exact PennyLane symbolic/CSR path with label aggregation.
7,150,128,400,356,penny_diagonal_fcim,classical,1.3840595777254747,50.0,0.00024007895262911916,True,Exact diagonal FCIM path; no dense eigendecomposition.
7,150,128,400,357,penny_exact_aggregate,quantum,1.3804357927279227,81.25,0.028784585010726005,True,Exact PennyLane symbolic/CSR path with label aggregation.
7,150,128,400,357,penny_diagonal_fcim,classical,1.3840588591816998,50.0,0.00020551000488922,True,Exact diagonal FCIM path; no dense eigendecomposition.
7,150,128,400,358,penny_exact_aggregate,quantum,1.3804351034221272,81.25,0.029305825009942055,True,Exact PennyLane symbolic/CSR path with label aggregation.
7,150,128,400,358,penny_diagonal_fcim,classical,1.3840581584431366,50.0,0.00018091697711497545,True,Exact diagonal FCIM path; no dense eigendecomposition.
7,150,128,400,359,penny_exact_aggregate,quantum,1.380434430929928,81.25,0.028459644003305584,True,Exact PennyLane symbolic/CSR path with label aggregation.
7,150,128,400,359,penny_diagonal_fcim,classical,1.3840574750682866,50.0,0.00014830700820311904,True,Exact diagonal FCIM path; no dense eigendecomposition.
7,150,128,400,360,penny_exact_aggregate,quantum,1.380433774840576,81.25,0.027595238003414124,True,Exact PennyLane symbolic/CSR path with label aggregation.
7,150,128,400,360,penny_diagonal_fcim,classical,1.3840568086266056,50.0,0.00014490197645500302,True,Exact diagonal FCIM path; no dense eigendecomposition.
7,150,128,400,361,penny_exact_aggregate,quantum,1.3804331347533698,81.25,0.02852559002349153,True,Exact PennyLane symbolic/CSR path with label aggregation.
7,150,128,400,361,penny_diagonal_fcim,classical,1.3840561586982334,50.0,0.00014796003233641386,True,Exact diagonal FCIM path; no dense eigendecomposition.
7,150,128,400,362,penny_exact_aggregate,quantum,1.3804325102774173,81.25,0.029445483000017703,True,Exact PennyLane symbolic/CSR path with label aggregation.
7,150,128,400,362,penny_diagonal_fcim,classical,1.3840555248737263,50.0,0.00014688802184537053,True,Exact diagonal FCIM path; no dense eigendecomposition.
7,150,128,400,363,penny_exact_aggregate,quantum,1.3804319010313848,81.25,0.031021341041196138,True,Exact PennyLane symbolic/CSR path with label aggregation.
7,150,128,400,363,penny_diagonal_fcim,classical,1.3840549067537995,50.0,0.00018558697775006294,True,Exact diagonal FCIM path; no dense eigendecomposition.
7,150,128,400,364,penny_exact_aggregate,quantum,1.3804313066432699,81.25,0.02792033803416416,True,Exact PennyLane symbolic/CSR path with label aggregation.
7,150,128,400,364,penny_diagonal_fcim,classical,1.3840543039490751,50.0,0.00014686700887978077,True,Exact diagonal FCIM path; no dense eigendecomposition.
7,150,128,400,365,penny_exact_aggregate,quantum,1.380430726750172,81.25,0.02854917402146384,True,Exact PennyLane symbolic/CSR path with label aggregation.
7,150,128,400,365,penny_diagonal_fcim,classical,1.3840537160798356,50.0,0.00014456501230597496,True,Exact diagonal FCIM path; no dense eigendecomposition.
7,150,128,400,366,penny_exact_aggregate,quantum,1.3804301609980645,81.25,0.03197565802838653,True,Exact PennyLane symbolic/CSR path with label aggregation.
7,150,128,400,366,penny_diagonal_fcim,classical,1.3840531427757847,50.0,0.00014820403885096312,True,Exact diagonal FCIM path; no dense eigendecomposition.
7,150,128,400,367,penny_exact_aggregate,quantum,1.3804296090415855,81.25,0.027927728020586073,True,Exact PennyLane symbolic/CSR path with label aggregation.
7,150,128,400,367,penny_diagonal_fcim,classical,1.3840525836758129,50.0,0.0001438329927623272,True,Exact diagonal FCIM path; no dense eigendecomposition.
7,150,128,400,368,penny_exact_aggregate,quantum,1.3804290705438165,81.25,0.04921314702369273,True,Exact PennyLane symbolic/CSR path with label aggregation.
7,150,128,400,368,penny_diagonal_fcim,classical,1.384052038427769,50.0,0.00017206801567226648,True,Exact diagonal FCIM path; no dense eigendecomposition.
7,150,128,400,369,penny_exact_aggregate,quantum,1.380428545176084,81.25,0.037144673988223076,True,Exact PennyLane symbolic/CSR path with label aggregation.
7,150,128,400,369,penny_diagonal_fcim,classical,1.3840515066882393,50.0,0.00014200102305039763,True,Exact diagonal FCIM path; no dense eigendecomposition.
7,150,128,400,370,penny_exact_aggregate,quantum,1.3804280326177492,81.25,0.04976378701394424,True,Exact PennyLane symbolic/CSR path with label aggregation.
7,150,128,400,370,penny_diagonal_fcim,classical,1.384050988122329,50.0,0.0001612229971215129,True,Exact diagonal FCIM path; no dense eigendecomposition.
7,150,128,400,371,penny_exact_aggregate,quantum,1.3804275325560194,81.25,0.04140902997460216,True,Exact PennyLane symbolic/CSR path with label aggregation.
7,150,128,400,371,penny_diagonal_fcim,classical,1.3840504824034512,49.21875,0.0001632219646126032,True,Exact diagonal FCIM path; no dense eigendecomposition.
7,150,128,400,372,penny_exact_aggregate,quantum,1.3804270446857507,81.25,0.038601993990596384,True,Exact PennyLane symbolic/CSR path with label aggregation.
7,150,128,400,372,penny_diagonal_fcim,classical,1.3840499892131217,49.21875,0.00019176298519596457,True,Exact diagonal FCIM path; no dense eigendecomposition.
7,150,128,400,373,penny_exact_aggregate,quantum,1.3804265687092612,81.25,0.03570884600048885,True,Exact PennyLane symbolic/CSR path with label aggregation.
7,150,128,400,373,penny_diagonal_fcim,classical,1.3840495082407562,49.21875,0.0001468559494242072,True,Exact diagonal FCIM path; no dense eigendecomposition.
7,150,128,400,374,penny_exact_aggregate,quantum,1.3804261043361485,81.25,0.042398652993142605,True,Exact PennyLane symbolic/CSR path with label aggregation.
7,150,128,400,374,penny_diagonal_fcim,classical,1.3840490391834757,49.21875,0.0001446109963580966,True,Exact diagonal FCIM path; no dense eigendecomposition.
7,150,128,400,375,penny_exact_aggregate,quantum,1.380425651283113,81.25,0.049843357992358506,True,Exact PennyLane symbolic/CSR path with label aggregation.
7,150,128,400,375,penny_diagonal_fcim,classical,1.3840485817459132,49.21875,0.00014613702660426497,True,Exact diagonal FCIM path; no dense eigendecomposition.
7,150,128,400,376,penny_exact_aggregate,quantum,1.3804252092737819,82.03125,0.039000727992970496,True,Exact PennyLane symbolic/CSR path with label aggregation.
7,150,128,400,376,penny_diagonal_fcim,classical,1.3840481356400303,49.21875,0.00015820597764104605,True,Exact diagonal FCIM path; no dense eigendecomposition.
7,150,128,400,377,penny_exact_aggregate,quantum,1.3804247780385404,82.03125,0.03367213701130822,True,Exact PennyLane symbolic/CSR path with label aggregation.
7,150,128,400,377,penny_diagonal_fcim,classical,1.3840477005849323,49.21875,0.0001551850000396371,True,Exact diagonal FCIM path; no dense eigendecomposition.
7,150,128,400,378,penny_exact_aggregate,quantum,1.380424357314367,82.03125,0.03773970197653398,True,Exact PennyLane symbolic/CSR path with label aggregation.
7,150,128,400,378,penny_diagonal_fcim,classical,1.3840472763066929,49.21875,0.00014495302457362413,True,Exact diagonal FCIM path; no dense eigendecomposition.
7,150,128,400,379,penny_exact_aggregate,quantum,1.3804239468446706,82.03125,0.04997197398915887,True,Exact PennyLane symbolic/CSR path with label aggregation.
7,150,128,400,379,penny_diagonal_fcim,classical,1.3840468625381797,49.21875,0.00014189904322847724,True,Exact diagonal FCIM path; no dense eigendecomposition.
7,150,128,400,380,penny_exact_aggregate,quantum,1.3804235463791326,82.03125,0.03519458300434053,True,Exact PennyLane symbolic/CSR path with label aggregation.
7,150,128,400,380,penny_diagonal_fcim,classical,1.3840464590188866,49.21875,0.0001454490120522678,True,Exact diagonal FCIM path; no dense eigendecomposition.
7,150,128,400,381,penny_exact_aggregate,quantum,1.3804231556735558,82.03125,0.027765219041612,True,Exact PennyLane symbolic/CSR path with label aggregation.
7,150,128,400,381,penny_diagonal_fcim,classical,1.3840460654947697,49.21875,0.0001473780139349401,True,Exact diagonal FCIM path; no dense eigendecomposition.
7,150,128,400,382,penny_exact_aggregate,quantum,1.3804227744897117,82.03125,0.027619605010841042,True,Exact PennyLane symbolic/CSR path with label aggregation.
7,150,128,400,382,penny_diagonal_fcim,classical,1.3840456817180853,49.21875,0.00014515896327793598,True,Exact diagonal FCIM path; no dense eigendecomposition.
7,150,128,400,383,penny_exact_aggregate,quantum,1.3804224025951974,82.8125,0.02687111299019307,True,Exact PennyLane symbolic/CSR path with label aggregation.
7,150,128,400,383,penny_diagonal_fcim,classical,1.3840453074472352,49.21875,0.0001638599787838757,True,Exact diagonal FCIM path; no dense eigendecomposition.
7,150,128,400,384,penny_exact_aggregate,quantum,1.3804220397632916,82.8125,0.07356912002433091,True,Exact PennyLane symbolic/CSR path with label aggregation.
7,150,128,400,384,penny_diagonal_fcim,classical,1.384044942446613,49.21875,0.00016613100888207555,True,Exact diagonal FCIM path; no dense eigendecomposition.
7,150,128,400,385,penny_exact_aggregate,quantum,1.3804216857728102,82.8125,0.06800035398919135,True,Exact PennyLane symbolic/CSR path with label aggregation.
7,150,128,400,385,penny_diagonal_fcim,classical,1.3840445864864557,49.21875,0.00014971999917179346,True,Exact diagonal FCIM path; no dense eigendecomposition.
7,150,128,400,386,penny_exact_aggregate,quantum,1.380421340407981,82.8125,0.027460474986582994,True,Exact PennyLane symbolic/CSR path with label aggregation.
7,150,128,400,386,penny_diagonal_fcim,classical,1.3840442393426997,49.21875,0.00014874397311359644,True,Exact diagonal FCIM path; no dense eigendecomposition.
7,150,128,400,387,penny_exact_aggregate,quantum,1.380421003458304,82.8125,0.022885321988724172,True,Exact PennyLane symbolic/CSR path with label aggregation.
7,150,128,400,387,penny_diagonal_fcim,classical,1.3840439007968373,49.21875,0.00014567101607099175,True,Exact diagonal FCIM path; no dense eigendecomposition.
7,150,128,400,388,penny_exact_aggregate,quantum,1.3804206747184251,82.8125,0.02854469500016421,True,Exact PennyLane symbolic/CSR path with label aggregation.
7,150,128,400,388,penny_diagonal_fcim,classical,1.3840435706357808,49.21875,0.00014784600352868438,True,Exact diagonal FCIM path; no dense eigendecomposition.
7,150,128,400,389,penny_exact_aggregate,quantum,1.3804203539880076,82.8125,0.023048561008181423,True,Exact PennyLane symbolic/CSR path with label aggregation.
7,150,128,400,389,penny_diagonal_fcim,classical,1.3840432486517265,48.4375,0.0001770830131135881,True,Exact diagonal FCIM path; no dense eigendecomposition.
7,150,128,400,390,penny_exact_aggregate,quantum,1.380420041071612,82.8125,0.02699497400317341,True,Exact PennyLane symbolic/CSR path with label aggregation.
7,150,128,400,390,penny_diagonal_fcim,classical,1.3840429346420255,49.21875,0.00015653902664780617,True,Exact diagonal FCIM path; no dense eigendecomposition.
7,150,128,400,391,penny_exact_aggregate,quantum,1.3804197357785737,82.8125,0.023896593018434942,True,Exact PennyLane symbolic/CSR path with label aggregation.
7,150,128,400,391,penny_diagonal_fcim,classical,1.3840426284090526,49.21875,0.00014531495980918407,True,Exact diagonal FCIM path; no dense eigendecomposition.
7,150,128,400,392,penny_exact_aggregate,quantum,1.3804194379228898,82.8125,0.022903567005414516,True,Exact PennyLane symbolic/CSR path with label aggregation.
7,150,128,400,392,penny_diagonal_fcim,classical,1.3840423297600852,49.21875,0.00014686904614791274,True,Exact diagonal FCIM path; no dense eigendecomposition.
7,150,128,400,393,penny_exact_aggregate,quantum,1.3804191473231022,82.8125,0.026690533966757357,True,Exact PennyLane symbolic/CSR path with label aggregation.
7,150,128,400,393,penny_diagonal_fcim,classical,1.3840420385071792,49.21875,0.00014636904234066606,True,Exact diagonal FCIM path; no dense eigendecomposition.
7,150,128,400,394,penny_exact_aggregate,quantum,1.3804188638021846,82.8125,0.0233521269983612,True,Exact PennyLane symbolic/CSR path with label aggregation.
7,150,128,400,394,penny_diagonal_fcim,classical,1.3840417544670511,49.21875,0.00014451099559664726,True,Exact diagonal FCIM path; no dense eigendecomposition.
7,150,128,400,395,penny_exact_aggregate,quantum,1.3804185871874401,82.8125,0.02707719901809469,True,Exact PennyLane symbolic/CSR path with label aggregation.
7,150,128,400,395,penny_diagonal_fcim,classical,1.384041477460963,49.21875,0.00021287996787577868,True,Exact diagonal FCIM path; no dense eigendecomposition.
7,150,128,400,396,penny_exact_aggregate,quantum,1.3804183173103879,82.8125,0.02604021702427417,True,Exact PennyLane symbolic/CSR path with label aggregation.
7,150,128,400,396,penny_diagonal_fcim,classical,1.3840412073146084,50.0,0.00014791800640523434,True,Exact diagonal FCIM path; no dense eigendecomposition.
7,150,128,400,397,penny_exact_aggregate,quantum,1.380418054006667,82.8125,0.02425369998672977,True,Exact PennyLane symbolic/CSR path with label aggregation.
7,150,128,400,397,penny_diagonal_fcim,classical,1.384040943858004,50.0,0.00014636601554229856,True,Exact diagonal FCIM path; no dense eigendecomposition.
7,150,128,400,398,penny_exact_aggregate,quantum,1.3804177971159293,82.8125,0.028308172011747956,True,Exact PennyLane symbolic/CSR path with label aggregation.
7,150,128,400,398,penny_diagonal_fcim,classical,1.3840406869253803,50.0,0.00014469603775069118,True,Exact diagonal FCIM path; no dense eigendecomposition.
7,150,128,400,399,penny_exact_aggregate,quantum,1.3804175464817454,82.8125,0.022966219985391945,True,Exact PennyLane symbolic/CSR path with label aggregation.
7,150,128,400,399,penny_diagonal_fcim,classical,1.3840404363550798,50.78125,0.00016152497846633196,True,Exact diagonal FCIM path; no dense eigendecomposition.
7,150,128,400,0,penny_chebyshev_matrix_free,quantum,1.5471817255020142,48.4375,0.3138499920023605,True,Approximate matrix-free Chebyshev path; adaptive degree=14.
7,150,128,400,1,penny_chebyshev_matrix_free,quantum,1.5437171459197998,49.21875,0.27338706800946966,True,Approximate matrix-free Chebyshev path; adaptive degree=14.
7,150,128,400,2,penny_chebyshev_matrix_free,quantum,1.5403130054473877,49.21875,0.2735488429898396,True,Approximate matrix-free Chebyshev path; adaptive degree=14.
7,150,128,400,3,penny_chebyshev_matrix_free,quantum,1.5369675159454346,49.21875,0.27608300402062014,True,Approximate matrix-free Chebyshev path; adaptive degree=14.
7,150,128,400,4,penny_chebyshev_matrix_free,quantum,1.5336830615997314,49.21875,0.28326605702750385,True,Approximate matrix-free Chebyshev path; adaptive degree=14.
7,150,128,400,5,penny_chebyshev_matrix_free,quantum,1.5304564237594604,49.21875,0.28193942399229854,True,Approximate matrix-free Chebyshev path; adaptive degree=14.
7,150,128,400,6,penny_chebyshev_matrix_free,quantum,1.527288556098938,49.21875,0.2803349409950897,True,Approximate matrix-free Chebyshev path; adaptive degree=14.
7,150,128,400,7,penny_chebyshev_matrix_free,quantum,1.5241769552230835,49.21875,0.2763577659497969,True,Approximate matrix-free Chebyshev path; adaptive degree=14.
7,150,128,400,8,penny_chebyshev_matrix_free,quantum,1.5211223363876343,50.0,0.27773580397479236,True,Approximate matrix-free Chebyshev path; adaptive degree=14.
7,150,128,400,9,penny_chebyshev_matrix_free,quantum,1.518123745918274,50.0,0.28452727798139676,True,Approximate matrix-free Chebyshev path; adaptive degree=14.
7,150,128,400,10,penny_chebyshev_matrix_free,quantum,1.5151798725128174,50.0,0.2827267479733564,True,Approximate matrix-free Chebyshev path; adaptive degree=14.
7,150,128,400,11,penny_chebyshev_matrix_free,quantum,1.5122904777526855,50.0,0.26846012397436425,True,Approximate matrix-free Chebyshev path; adaptive degree=14.
7,150,128,400,12,penny_chebyshev_matrix_free,quantum,1.5094547271728516,50.0,0.2740884760278277,True,Approximate matrix-free Chebyshev path; adaptive degree=14.
7,150,128,400,13,penny_chebyshev_matrix_free,quantum,1.506673812866211,50.0,0.24390892300289124,True,Approximate matrix-free Chebyshev path; adaptive degree=12.
7,150,128,400,14,penny_chebyshev_matrix_free,quantum,1.5039430856704712,50.0,0.23814582801423967,True,Approximate matrix-free Chebyshev path; adaptive degree=12.
7,150,128,400,15,penny_chebyshev_matrix_free,quantum,1.5012654066085815,50.0,0.23432155599584803,True,Approximate matrix-free Chebyshev path; adaptive degree=12.
7,150,128,400,16,penny_chebyshev_matrix_free,quantum,1.4986380338668823,50.0,0.24499623401788995,True,Approximate matrix-free Chebyshev path; adaptive degree=12.
7,150,128,400,17,penny_chebyshev_matrix_free,quantum,1.496062159538269,50.78125,0.25326101103564724,True,Approximate matrix-free Chebyshev path; adaptive degree=12.
7,150,128,400,18,penny_chebyshev_matrix_free,quantum,1.4935344457626343,50.78125,0.23886388103710487,True,Approximate matrix-free Chebyshev path; adaptive degree=12.
7,150,128,400,19,penny_chebyshev_matrix_free,quantum,1.4910560846328735,51.5625,0.24693949101492763,True,Approximate matrix-free Chebyshev path; adaptive degree=12.
7,150,128,400,20,penny_chebyshev_matrix_free,quantum,1.4886261224746704,51.5625,0.2460989499813877,True,Approximate matrix-free Chebyshev path; adaptive degree=12.
7,150,128,400,21,penny_chebyshev_matrix_free,quantum,1.4862433671951294,51.5625,0.2497704509878531,True,Approximate matrix-free Chebyshev path; adaptive degree=12.
7,150,128,400,22,penny_chebyshev_matrix_free,quantum,1.4839081764221191,51.5625,0.23403593996772543,True,Approximate matrix-free Chebyshev path; adaptive degree=12.
7,150,128,400,23,penny_chebyshev_matrix_free,quantum,1.4816181659698486,51.5625,0.2489614500082098,True,Approximate matrix-free Chebyshev path; adaptive degree=12.
7,150,128,400,24,penny_chebyshev_matrix_free,quantum,1.4793734550476074,51.5625,0.2541704580071382,True,Approximate matrix-free Chebyshev path; adaptive degree=12.
7,150,128,400,25,penny_chebyshev_matrix_free,quantum,1.4771746397018433,51.5625,0.2548392890021205,True,Approximate matrix-free Chebyshev path; adaptive degree=12.
7,150,128,400,26,penny_chebyshev_matrix_free,quantum,1.475018858909607,51.5625,0.2520343569922261,True,Approximate matrix-free Chebyshev path; adaptive degree=12.
7,150,128,400,27,penny_chebyshev_matrix_free,quantum,1.472907304763794,52.34375,0.23366220702882856,True,Approximate matrix-free Chebyshev path; adaptive degree=12.
7,150,128,400,28,penny_chebyshev_matrix_free,quantum,1.4708375930786133,52.34375,0.24420931900385767,True,Approximate matrix-free Chebyshev path; adaptive degree=12.
7,150,128,400,29,penny_chebyshev_matrix_free,quantum,1.4688096046447754,52.34375,0.24018049595179036,True,Approximate matrix-free Chebyshev path; adaptive degree=12.
7,150,128,400,30,penny_chebyshev_matrix_free,quantum,1.4668235778808594,52.34375,0.23719625402009115,True,Approximate matrix-free Chebyshev path; adaptive degree=12.
7,150,128,400,31,penny_chebyshev_matrix_free,quantum,1.4648784399032593,52.34375,0.23420259298291057,True,Approximate matrix-free Chebyshev path; adaptive degree=12.
7,150,128,400,32,penny_chebyshev_matrix_free,quantum,1.4629729986190796,52.34375,0.23511889798101038,True,Approximate matrix-free Chebyshev path; adaptive degree=12.
7,150,128,400,33,penny_chebyshev_matrix_free,quantum,1.461108684539795,52.34375,0.20621308899717405,True,Approximate matrix-free Chebyshev path; adaptive degree=10.
7,150,128,400,34,penny_chebyshev_matrix_free,quantum,1.4592812061309814,52.34375,0.20241198799340054,True,Approximate matrix-free Chebyshev path; adaptive degree=10.
7,150,128,400,35,penny_chebyshev_matrix_free,quantum,1.4574910402297974,53.125,0.19773871899815276,True,Approximate matrix-free Chebyshev path; adaptive degree=10.
7,150,128,400,36,penny_chebyshev_matrix_free,quantum,1.455739140510559,53.125,0.19861763599328697,True,Approximate matrix-free Chebyshev path; adaptive degree=10.
7,150,128,400,37,penny_chebyshev_matrix_free,quantum,1.4540232419967651,53.125,0.19697383005404845,True,Approximate matrix-free Chebyshev path; adaptive degree=10.
7,150,128,400,38,penny_chebyshev_matrix_free,quantum,1.4523439407348633,53.125,0.19896656600758433,True,Approximate matrix-free Chebyshev path; adaptive degree=10.
7,150,128,400,39,penny_chebyshev_matrix_free,quantum,1.450699806213379,53.125,0.19755357399117202,True,Approximate matrix-free Chebyshev path; adaptive degree=10.
7,150,128,400,40,penny_chebyshev_matrix_free,quantum,1.4490907192230225,53.125,0.20934891799697652,True,Approximate matrix-free Chebyshev path; adaptive degree=10.
7,150,128,400,41,penny_chebyshev_matrix_free,quantum,1.4475157260894775,53.125,0.21390068100299686,True,Approximate matrix-free Chebyshev path; adaptive degree=10.
7,150,128,400,42,penny_chebyshev_matrix_free,quantum,1.4459744691848755,53.125,0.19993201701436192,True,Approximate matrix-free Chebyshev path; adaptive degree=10.
7,150,128,400,43,penny_chebyshev_matrix_free,quantum,1.4444659948349,53.125,0.2046997879515402,True,Approximate matrix-free Chebyshev path; adaptive degree=10.
7,150,128,400,44,penny_chebyshev_matrix_free,quantum,1.4429899454116821,53.125,0.20332966902060434,True,Approximate matrix-free Chebyshev path; adaptive degree=10.
7,150,128,400,45,penny_chebyshev_matrix_free,quantum,1.4415456056594849,53.125,0.19855105702299625,True,Approximate matrix-free Chebyshev path; adaptive degree=10.
7,150,128,400,46,penny_chebyshev_matrix_free,quantum,1.4401326179504395,53.125,0.20872560399584472,True,Approximate matrix-free Chebyshev path; adaptive degree=10.
7,150,128,400,47,penny_chebyshev_matrix_free,quantum,1.438750147819519,53.125,0.1922599240206182,True,Approximate matrix-free Chebyshev path; adaptive degree=10.
7,150,128,400,48,penny_chebyshev_matrix_free,quantum,1.4373974800109863,53.125,0.1964520299807191,True,Approximate matrix-free Chebyshev path; adaptive degree=10.
7,150,128,400,49,penny_chebyshev_matrix_free,quantum,1.4360748529434204,53.125,0.1961219860240817,True,Approximate matrix-free Chebyshev path; adaptive degree=10.
7,150,128,400,50,penny_chebyshev_matrix_free,quantum,1.4347807168960571,53.125,0.20656523195793852,True,Approximate matrix-free Chebyshev path; adaptive degree=10.
7,150,128,400,51,penny_chebyshev_matrix_free,quantum,1.4335154294967651,53.125,0.19783256604569033,True,Approximate matrix-free Chebyshev path; adaptive degree=10.
7,150,128,400,52,penny_chebyshev_matrix_free,quantum,1.4322774410247803,53.90625,0.19325563497841358,True,Approximate matrix-free Chebyshev path; adaptive degree=10.
7,150,128,400,53,penny_chebyshev_matrix_free,quantum,1.4310663938522339,53.90625,0.19444568996550515,True,Approximate matrix-free Chebyshev path; adaptive degree=10.
7,150,128,400,54,penny_chebyshev_matrix_free,quantum,1.4298828840255737,53.90625,0.20828008599346504,True,Approximate matrix-free Chebyshev path; adaptive degree=10.
7,150,128,400,55,penny_chebyshev_matrix_free,quantum,1.4287256002426147,53.90625,0.20266341196838766,True,Approximate matrix-free Chebyshev path; adaptive degree=10.
7,150,128,400,56,penny_chebyshev_matrix_free,quantum,1.427593469619751,53.90625,0.20412317797308788,True,Approximate matrix-free Chebyshev path; adaptive degree=10.
7,150,128,400,57,penny_chebyshev_matrix_free,quantum,1.4264907836914062,53.90625,0.15351562399882823,True,Approximate matrix-free Chebyshev path; adaptive degree=8.
7,150,128,400,58,penny_chebyshev_matrix_free,quantum,1.4254083633422852,53.90625,0.15857450501061976,True,Approximate matrix-free Chebyshev path; adaptive degree=8.
7,150,128,400,59,penny_chebyshev_matrix_free,quantum,1.4243502616882324,53.90625,0.15876851102802902,True,Approximate matrix-free Chebyshev path; adaptive degree=8.
7,150,128,400,60,penny_chebyshev_matrix_free,quantum,1.4233160018920898,53.90625,0.16637324402108788,True,Approximate matrix-free Chebyshev path; adaptive degree=8.
7,150,128,400,61,penny_chebyshev_matrix_free,quantum,1.4223052263259888,53.90625,0.1704950729617849,True,Approximate matrix-free Chebyshev path; adaptive degree=8.
7,150,128,400,62,penny_chebyshev_matrix_free,quantum,1.421317219734192,54.6875,0.17701112100621685,True,Approximate matrix-free Chebyshev path; adaptive degree=8.
7,150,128,400,63,penny_chebyshev_matrix_free,quantum,1.4203513860702515,54.6875,0.1751194389653392,True,Approximate matrix-free Chebyshev path; adaptive degree=8.
7,150,128,400,64,penny_chebyshev_matrix_free,quantum,1.4194072484970093,55.46875,0.18063158600125462,True,Approximate matrix-free Chebyshev path; adaptive degree=8.
7,150,128,400,65,penny_chebyshev_matrix_free,quantum,1.4184849262237549,57.03125,0.17985980695812032,True,Approximate matrix-free Chebyshev path; adaptive degree=8.
7,150,128,400,66,penny_chebyshev_matrix_free,quantum,1.4175829887390137,57.03125,0.17097944399574772,True,Approximate matrix-free Chebyshev path; adaptive degree=8.
7,150,128,400,67,penny_chebyshev_matrix_free,quantum,1.4167020320892334,57.03125,0.16215137898689136,True,Approximate matrix-free Chebyshev path; adaptive degree=8.
7,150,128,400,68,penny_chebyshev_matrix_free,quantum,1.4158408641815186,57.03125,0.1518311480176635,True,Approximate matrix-free Chebyshev path; adaptive degree=8.
7,150,128,400,69,penny_chebyshev_matrix_free,quantum,1.4149998426437378,57.8125,0.15345861698733643,True,Approximate matrix-free Chebyshev path; adaptive degree=8.
7,150,128,400,70,penny_chebyshev_matrix_free,quantum,1.4141771793365479,57.03125,0.15683933399850503,True,Approximate matrix-free Chebyshev path; adaptive degree=8.
7,150,128,400,71,penny_chebyshev_matrix_free,quantum,1.4133739471435547,57.03125,0.15858201798982918,True,Approximate matrix-free Chebyshev path; adaptive degree=8.
7,150,128,400,72,penny_chebyshev_matrix_free,quantum,1.412589192390442,57.03125,0.1573079790105112,True,Approximate matrix-free Chebyshev path; adaptive degree=8.
7,150,128,400,73,penny_chebyshev_matrix_free,quantum,1.4118225574493408,57.03125,0.15996734099462628,True,Approximate matrix-free Chebyshev path; adaptive degree=8.
7,150,128,400,74,penny_chebyshev_matrix_free,quantum,1.4110733270645142,57.8125,0.16455672099255025,True,Approximate matrix-free Chebyshev path; adaptive degree=8.
7,150,128,400,75,penny_chebyshev_matrix_free,quantum,1.4103418588638306,57.8125,0.16824241197900847,True,Approximate matrix-free Chebyshev path; adaptive degree=8.
7,150,128,400,76,penny_chebyshev_matrix_free,quantum,1.4096267223358154,57.8125,0.16773500601993874,True,Approximate matrix-free Chebyshev path; adaptive degree=8.
7,150,128,400,77,penny_chebyshev_matrix_free,quantum,1.4089285135269165,57.8125,0.1690725670196116,True,Approximate matrix-free Chebyshev path; adaptive degree=8.
7,150,128,400,78,penny_chebyshev_matrix_free,quantum,1.4082468748092651,58.59375,0.168149886012543,True,Approximate matrix-free Chebyshev path; adaptive degree=8.
7,150,128,400,79,penny_chebyshev_matrix_free,quantum,1.4075802564620972,58.59375,0.16781736799748614,True,Approximate matrix-free Chebyshev path; adaptive degree=8.
7,150,128,400,80,penny_chebyshev_matrix_free,quantum,1.4069297313690186,58.59375,0.16451529803453013,True,Approximate matrix-free Chebyshev path; adaptive degree=8.
7,150,128,400,81,penny_chebyshev_matrix_free,quantum,1.4062938690185547,58.59375,0.1668169689946808,True,Approximate matrix-free Chebyshev path; adaptive degree=8.
7,150,128,400,82,penny_chebyshev_matrix_free,quantum,1.4056731462478638,59.375,0.16724958800477907,True,Approximate matrix-free Chebyshev path; adaptive degree=8.
7,150,128,400,83,penny_chebyshev_matrix_free,quantum,1.4050670862197876,59.375,0.16577645897632465,True,Approximate matrix-free Chebyshev path; adaptive degree=8.
7,150,128,400,84,penny_chebyshev_matrix_free,quantum,1.4044748544692993,60.15625,0.16469221899751574,True,Approximate matrix-free Chebyshev path; adaptive degree=8.
7,150,128,400,85,penny_chebyshev_matrix_free,quantum,1.403896689414978,60.15625,0.16726537997601554,True,Approximate matrix-free Chebyshev path; adaptive degree=8.
7,150,128,400,86,penny_chebyshev_matrix_free,quantum,1.4033323526382446,60.15625,0.16803713701665401,True,Approximate matrix-free Chebyshev path; adaptive degree=8.
7,150,128,400,87,penny_chebyshev_matrix_free,quantum,1.4027810096740723,60.15625,0.16766370902769268,True,Approximate matrix-free Chebyshev path; adaptive degree=8.
7,150,128,400,88,penny_chebyshev_matrix_free,quantum,1.4022423028945923,60.15625,0.16862570098601282,True,Approximate matrix-free Chebyshev path; adaptive degree=8.
7,150,128,400,89,penny_chebyshev_matrix_free,quantum,1.4017164707183838,60.15625,0.15513798198662698,True,Approximate matrix-free Chebyshev path; adaptive degree=8.
7,150,128,400,90,penny_chebyshev_matrix_free,quantum,1.4012030363082886,60.15625,0.15573595697060227,True,Approximate matrix-free Chebyshev path; adaptive degree=8.
7,150,128,400,91,penny_chebyshev_matrix_free,quantum,1.4007019996643066,60.15625,0.1531763729872182,True,Approximate matrix-free Chebyshev path; adaptive degree=8.
7,150,128,400,92,penny_chebyshev_matrix_free,quantum,1.4002121686935425,60.15625,0.15370091004297137,True,Approximate matrix-free Chebyshev path; adaptive degree=8.
7,150,128,400,93,penny_chebyshev_matrix_free,quantum,1.399734377861023,60.15625,0.15620735700940713,True,Approximate matrix-free Chebyshev path; adaptive degree=8.
7,150,128,400,94,penny_chebyshev_matrix_free,quantum,1.3992680311203003,60.15625,0.15681597002549097,True,Approximate matrix-free Chebyshev path; adaptive degree=8.
7,150,128,400,95,penny_chebyshev_matrix_free,quantum,1.3988127708435059,60.15625,0.15710437501547858,True,Approximate matrix-free Chebyshev path; adaptive degree=8.
7,150,128,400,96,penny_chebyshev_matrix_free,quantum,1.3983676433563232,60.15625,0.17315670097013935,True,Approximate matrix-free Chebyshev path; adaptive degree=8.
7,150,128,400,97,penny_chebyshev_matrix_free,quantum,1.3979339599609375,60.15625,0.1567717879661359,True,Approximate matrix-free Chebyshev path; adaptive degree=8.
7,150,128,400,98,penny_chebyshev_matrix_free,quantum,1.397510290145874,60.15625,0.1636827680049464,True,Approximate matrix-free Chebyshev path; adaptive degree=8.
7,150,128,400,99,penny_chebyshev_matrix_free,quantum,1.397096037864685,60.15625,0.1922935150214471,True,Approximate matrix-free Chebyshev path; adaptive degree=8.
7,150,128,400,100,penny_chebyshev_matrix_free,quantum,1.396692156791687,60.15625,0.15937922400189564,True,Approximate matrix-free Chebyshev path; adaptive degree=8.
7,150,128,400,101,penny_chebyshev_matrix_free,quantum,1.3962981700897217,60.15625,0.16199367301305756,True,Approximate matrix-free Chebyshev path; adaptive degree=8.
7,150,128,400,102,penny_chebyshev_matrix_free,quantum,1.3959128856658936,60.9375,0.16168692900100723,True,Approximate matrix-free Chebyshev path; adaptive degree=8.
7,150,128,400,103,penny_chebyshev_matrix_free,quantum,1.3955373764038086,60.9375,0.15919664601096883,True,Approximate matrix-free Chebyshev path; adaptive degree=8.
7,150,128,400,104,penny_chebyshev_matrix_free,quantum,1.395171046257019,60.9375,0.15640352899208665,True,Approximate matrix-free Chebyshev path; adaptive degree=8.
7,150,128,400,105,penny_chebyshev_matrix_free,quantum,1.394813060760498,60.9375,0.16011939197778702,True,Approximate matrix-free Chebyshev path; adaptive degree=8.
7,150,128,400,106,penny_chebyshev_matrix_free,quantum,1.394463300704956,60.9375,0.19881079701008275,True,Approximate matrix-free Chebyshev path; adaptive degree=8.
7,150,128,400,107,penny_chebyshev_matrix_free,quantum,1.39412260055542,61.71875,0.15775517298607156,True,Approximate matrix-free Chebyshev path; adaptive degree=8.
7,150,128,400,108,penny_chebyshev_matrix_free,quantum,1.3937889337539673,61.71875,0.16328826994867995,True,Approximate matrix-free Chebyshev path; adaptive degree=8.
7,150,128,400,109,penny_chebyshev_matrix_free,quantum,1.393464207649231,61.71875,0.1692598499939777,True,Approximate matrix-free Chebyshev path; adaptive degree=8.
7,150,128,400,110,penny_chebyshev_matrix_free,quantum,1.3931471109390259,61.71875,0.16931859200121835,True,Approximate matrix-free Chebyshev path; adaptive degree=8.
7,150,128,400,111,penny_chebyshev_matrix_free,quantum,1.3928377628326416,60.9375,0.16746019996935502,True,Approximate matrix-free Chebyshev path; adaptive degree=8.
7,150,128,400,112,penny_chebyshev_matrix_free,quantum,1.39253568649292,60.9375,0.16591550299199298,True,Approximate matrix-free Chebyshev path; adaptive degree=8.
7,150,128,400,113,penny_chebyshev_matrix_free,quantum,1.3922410011291504,60.9375,0.16536822594935074,True,Approximate matrix-free Chebyshev path; adaptive degree=8.
7,150,128,400,114,penny_chebyshev_matrix_free,quantum,1.3919531106948853,60.9375,0.16383564699208364,True,Approximate matrix-free Chebyshev path; adaptive degree=8.
7,150,128,400,115,penny_chebyshev_matrix_free,quantum,1.391672134399414,60.9375,0.1661314390366897,True,Approximate matrix-free Chebyshev path; adaptive degree=8.
7,150,128,400,116,penny_chebyshev_matrix_free,quantum,1.3913981914520264,60.9375,0.17881149897584692,True,Approximate matrix-free Chebyshev path; adaptive degree=8.
7,150,128,400,117,penny_chebyshev_matrix_free,quantum,1.3911305665969849,60.9375,0.15536954998970032,True,Approximate matrix-free Chebyshev path; adaptive degree=8.
7,150,128,400,118,penny_chebyshev_matrix_free,quantum,1.3908698558807373,60.9375,0.16332087595947087,True,Approximate matrix-free Chebyshev path; adaptive degree=8.
7,150,128,400,119,penny_chebyshev_matrix_free,quantum,1.3906152248382568,60.9375,0.15717874898109585,True,Approximate matrix-free Chebyshev path; adaptive degree=8.
7,150,128,400,120,penny_chebyshev_matrix_free,quantum,1.390366792678833,60.9375,0.15580854401923716,True,Approximate matrix-free Chebyshev path; adaptive degree=8.
7,150,128,400,121,penny_chebyshev_matrix_free,quantum,1.3901240825653076,60.9375,0.15432357200188562,True,Approximate matrix-free Chebyshev path; adaptive degree=8.
7,150,128,400,122,penny_chebyshev_matrix_free,quantum,1.3898873329162598,60.9375,0.1569420049781911,True,Approximate matrix-free Chebyshev path; adaptive degree=8.
7,150,128,400,123,penny_chebyshev_matrix_free,quantum,1.3896563053131104,60.9375,0.15500826004426926,True,Approximate matrix-free Chebyshev path; adaptive degree=8.
7,150,128,400,124,penny_chebyshev_matrix_free,quantum,1.3894309997558594,60.9375,0.15595564496470615,True,Approximate matrix-free Chebyshev path; adaptive degree=8.
7,150,128,400,125,penny_chebyshev_matrix_free,quantum,1.3892107009887695,60.9375,0.1579706280026585,True,Approximate matrix-free Chebyshev path; adaptive degree=8.
7,150,128,400,126,penny_chebyshev_matrix_free,quantum,1.3889963626861572,60.9375,0.15335083898389712,True,Approximate matrix-free Chebyshev path; adaptive degree=8.
7,150,128,400,127,penny_chebyshev_matrix_free,quantum,1.388786792755127,60.9375,0.15533417998813093,True,Approximate matrix-free Chebyshev path; adaptive degree=8.
7,150,128,400,128,penny_chebyshev_matrix_free,quantum,1.3885825872421265,61.71875,0.15360263700131327,True,Approximate matrix-free Chebyshev path; adaptive degree=8.
7,150,128,400,129,penny_chebyshev_matrix_free,quantum,1.3883830308914185,61.71875,0.1546179280267097,True,Approximate matrix-free Chebyshev path; adaptive degree=8.
7,150,128,400,130,penny_chebyshev_matrix_free,quantum,1.3881886005401611,61.71875,0.15609393297927454,True,Approximate matrix-free Chebyshev path; adaptive degree=8.
7,150,128,400,131,penny_chebyshev_matrix_free,quantum,1.387998342514038,63.28125,0.15683371399063617,True,Approximate matrix-free Chebyshev path; adaptive degree=8.
7,150,128,400,132,penny_chebyshev_matrix_free,quantum,1.3878133296966553,63.28125,0.16215100302360952,True,Approximate matrix-free Chebyshev path; adaptive degree=8.
7,150,128,400,133,penny_chebyshev_matrix_free,quantum,1.387632966041565,64.0625,0.16426941798999906,True,Approximate matrix-free Chebyshev path; adaptive degree=8.
7,150,128,400,134,penny_chebyshev_matrix_free,quantum,1.3874562978744507,64.0625,0.15681724296882749,True,Approximate matrix-free Chebyshev path; adaptive degree=8.
7,150,128,400,135,penny_chebyshev_matrix_free,quantum,1.3872841596603394,64.0625,0.1539385300129652,True,Approximate matrix-free Chebyshev path; adaptive degree=8.
7,150,128,400,136,penny_chebyshev_matrix_free,quantum,1.3871166706085205,64.0625,0.16174952796427533,True,Approximate matrix-free Chebyshev path; adaptive degree=8.
7,150,128,400,137,penny_chebyshev_matrix_free,quantum,1.3869527578353882,63.28125,0.16200893896166235,True,Approximate matrix-free Chebyshev path; adaptive degree=8.
7,150,128,400,138,penny_chebyshev_matrix_free,quantum,1.3867928981781006,63.28125,0.1567025849944912,True,Approximate matrix-free Chebyshev path; adaptive degree=8.
7,150,128,400,139,penny_chebyshev_matrix_free,quantum,1.3866366147994995,63.28125,0.15745496394811198,True,Approximate matrix-free Chebyshev path; adaptive degree=8.
7,150,128,400,140,penny_chebyshev_matrix_free,quantum,1.3864847421646118,63.28125,0.15543725894531235,True,Approximate matrix-free Chebyshev path; adaptive degree=8.
7,150,128,400,141,penny_chebyshev_matrix_free,quantum,1.386335849761963,64.0625,0.16043375100707635,True,Approximate matrix-free Chebyshev path; adaptive degree=8.
7,150,128,400,142,penny_chebyshev_matrix_free,quantum,1.3861910104751587,64.84375,0.15885349997552112,True,Approximate matrix-free Chebyshev path; adaptive degree=8.
7,150,128,400,143,penny_chebyshev_matrix_free,quantum,1.3860498666763306,64.84375,0.16307038202648982,True,Approximate matrix-free Chebyshev path; adaptive degree=8.
7,150,128,400,144,penny_chebyshev_matrix_free,quantum,1.3859115839004517,64.84375,0.15814926801249385,True,Approximate matrix-free Chebyshev path; adaptive degree=8.
7,150,128,400,145,penny_chebyshev_matrix_free,quantum,1.3857769966125488,64.84375,0.15998242003843188,True,Approximate matrix-free Chebyshev path; adaptive degree=8.
7,150,128,400,146,penny_chebyshev_matrix_free,quantum,1.385646104812622,64.84375,0.15695797000080347,True,Approximate matrix-free Chebyshev path; adaptive degree=8.
7,150,128,400,147,penny_chebyshev_matrix_free,quantum,1.3855177164077759,64.84375,0.1577567890053615,True,Approximate matrix-free Chebyshev path; adaptive degree=8.
7,150,128,400,148,penny_chebyshev_matrix_free,quantum,1.3853930234909058,64.84375,0.16339113004505634,True,Approximate matrix-free Chebyshev path; adaptive degree=8.
7,150,128,400,149,penny_chebyshev_matrix_free,quantum,1.3852709531784058,65.625,0.15786976995877922,True,Approximate matrix-free Chebyshev path; adaptive degree=8.
7,150,128,400,150,penny_chebyshev_matrix_free,quantum,1.3851524591445923,65.625,0.1581773210200481,True,Approximate matrix-free Chebyshev path; adaptive degree=8.
7,150,128,400,151,penny_chebyshev_matrix_free,quantum,1.3850362300872803,65.625,0.15811472298810259,True,Approximate matrix-free Chebyshev path; adaptive degree=8.
7,150,128,400,152,penny_chebyshev_matrix_free,quantum,1.384922742843628,65.625,0.15481102501507849,True,Approximate matrix-free Chebyshev path; adaptive degree=8.
7,150,128,400,153,penny_chebyshev_matrix_free,quantum,1.3848127126693726,65.625,0.15699318604310974,True,Approximate matrix-free Chebyshev path; adaptive degree=8.
7,150,128,400,154,penny_chebyshev_matrix_free,quantum,1.384704828262329,65.625,0.15607981698121876,True,Approximate matrix-free Chebyshev path; adaptive degree=8.
7,150,128,400,155,penny_chebyshev_matrix_free,quantum,1.3845995664596558,65.625,0.15804820897756144,True,Approximate matrix-free Chebyshev path; adaptive degree=8.
7,150,128,400,156,penny_chebyshev_matrix_free,quantum,1.3844966888427734,65.625,0.15622365300077945,True,Approximate matrix-free Chebyshev path; adaptive degree=8.
7,150,128,400,157,penny_chebyshev_matrix_free,quantum,1.3843966722488403,65.625,0.15690369199728593,True,Approximate matrix-free Chebyshev path; adaptive degree=8.
7,150,128,400,158,penny_chebyshev_matrix_free,quantum,1.3842995166778564,65.625,0.1590764059801586,True,Approximate matrix-free Chebyshev path; adaptive degree=8.
7,150,128,400,159,penny_chebyshev_matrix_free,quantum,1.3842041492462158,66.40625,0.1635859350208193,True,Approximate matrix-free Chebyshev path; adaptive degree=8.
7,150,128,400,160,penny_chebyshev_matrix_free,quantum,1.3841111660003662,66.40625,0.16129853500751778,True,Approximate matrix-free Chebyshev path; adaptive degree=8.
7,150,128,400,161,penny_chebyshev_matrix_free,quantum,1.3840206861495972,66.40625,0.15879374102223665,True,Approximate matrix-free Chebyshev path; adaptive degree=8.
7,150,128,400,162,penny_chebyshev_matrix_free,quantum,1.3839319944381714,66.40625,0.15544967999449,True,Approximate matrix-free Chebyshev path; adaptive degree=8.
7,150,128,400,163,penny_chebyshev_matrix_free,quantum,1.3838458061218262,66.40625,0.15402158198412508,True,Approximate matrix-free Chebyshev path; adaptive degree=8.
7,150,128,400,164,penny_chebyshev_matrix_free,quantum,1.3837615251541138,67.1875,0.1560452920384705,True,Approximate matrix-free Chebyshev path; adaptive degree=8.
7,150,128,400,165,penny_chebyshev_matrix_free,quantum,1.3836795091629028,67.96875,0.15948456601472571,True,Approximate matrix-free Chebyshev path; adaptive degree=8.
7,150,128,400,166,penny_chebyshev_matrix_free,quantum,1.3835994005203247,67.96875,0.15827862598234788,True,Approximate matrix-free Chebyshev path; adaptive degree=8.
7,150,128,400,167,penny_chebyshev_matrix_free,quantum,1.383521318435669,68.75,0.15672787296352908,True,Approximate matrix-free Chebyshev path; adaptive degree=8.
7,150,128,400,168,penny_chebyshev_matrix_free,quantum,1.383444905281067,68.75,0.1586418300285004,True,Approximate matrix-free Chebyshev path; adaptive degree=8.
7,150,128,400,169,penny_chebyshev_matrix_free,quantum,1.3833707571029663,68.75,0.1576740310410969,True,Approximate matrix-free Chebyshev path; adaptive degree=8.
7,150,128,400,170,penny_chebyshev_matrix_free,quantum,1.383298397064209,68.75,0.15655657195020467,True,Approximate matrix-free Chebyshev path; adaptive degree=8.
7,150,128,400,171,penny_chebyshev_matrix_free,quantum,1.3832273483276367,68.75,0.15717636398039758,True,Approximate matrix-free Chebyshev path; adaptive degree=8.
7,150,128,400,172,penny_chebyshev_matrix_free,quantum,1.3831586837768555,68.75,0.16045611002482474,True,Approximate matrix-free Chebyshev path; adaptive degree=8.
7,150,128,400,173,penny_chebyshev_matrix_free,quantum,1.3830913305282593,68.75,0.15834838699083775,True,Approximate matrix-free Chebyshev path; adaptive degree=8.
7,150,128,400,174,penny_chebyshev_matrix_free,quantum,1.3830254077911377,68.75,0.15752928401343524,True,Approximate matrix-free Chebyshev path; adaptive degree=8.
7,150,128,400,175,penny_chebyshev_matrix_free,quantum,1.3829612731933594,68.75,0.1536955910269171,True,Approximate matrix-free Chebyshev path; adaptive degree=8.
7,150,128,400,176,penny_chebyshev_matrix_free,quantum,1.3828988075256348,68.75,0.15422778599895537,True,Approximate matrix-free Chebyshev path; adaptive degree=8.
7,150,128,400,177,penny_chebyshev_matrix_free,quantum,1.3828377723693848,68.75,0.1528099260176532,True,Approximate matrix-free Chebyshev path; adaptive degree=8.
7,150,128,400,178,penny_chebyshev_matrix_free,quantum,1.382778286933899,68.75,0.15530814899830148,True,Approximate matrix-free Chebyshev path; adaptive degree=8.
7,150,128,400,179,penny_chebyshev_matrix_free,quantum,1.3827199935913086,69.53125,0.15945367800304666,True,Approximate matrix-free Chebyshev path; adaptive degree=8.
7,150,128,400,180,penny_chebyshev_matrix_free,quantum,1.3826634883880615,70.3125,0.15552831103559583,True,Approximate matrix-free Chebyshev path; adaptive degree=8.
7,150,128,400,181,penny_chebyshev_matrix_free,quantum,1.3826082944869995,70.3125,0.15355098200961947,True,Approximate matrix-free Chebyshev path; adaptive degree=8.
7,150,128,400,182,penny_chebyshev_matrix_free,quantum,1.3825544118881226,70.3125,0.15557517297565937,True,Approximate matrix-free Chebyshev path; adaptive degree=8.
7,150,128,400,183,penny_chebyshev_matrix_free,quantum,1.3825019598007202,70.3125,0.15435646998230368,True,Approximate matrix-free Chebyshev path; adaptive degree=8.
7,150,128,400,184,penny_chebyshev_matrix_free,quantum,1.3824505805969238,70.3125,0.16453199996612966,True,Approximate matrix-free Chebyshev path; adaptive degree=8.
7,150,128,400,185,penny_chebyshev_matrix_free,quantum,1.382400631904602,70.3125,0.15546010801335797,True,Approximate matrix-free Chebyshev path; adaptive degree=8.
7,150,128,400,186,penny_chebyshev_matrix_free,quantum,1.3823518753051758,71.09375,0.15362558397464454,True,Approximate matrix-free Chebyshev path; adaptive degree=8.
7,150,128,400,187,penny_chebyshev_matrix_free,quantum,1.382304072380066,71.09375,0.15584978403057903,True,Approximate matrix-free Chebyshev path; adaptive degree=8.
7,150,128,400,188,penny_chebyshev_matrix_free,quantum,1.3822576999664307,71.09375,0.1620776510098949,True,Approximate matrix-free Chebyshev path; adaptive degree=8.
7,150,128,400,189,penny_chebyshev_matrix_free,quantum,1.3822122812271118,71.09375,0.1528239399776794,True,Approximate matrix-free Chebyshev path; adaptive degree=8.
7,150,128,400,190,penny_chebyshev_matrix_free,quantum,1.382167935371399,71.09375,0.15595469903200865,True,Approximate matrix-free Chebyshev path; adaptive degree=8.
7,150,128,400,191,penny_chebyshev_matrix_free,quantum,1.3821251392364502,71.09375,0.1524483549874276,True,Approximate matrix-free Chebyshev path; adaptive degree=8.
7,150,128,400,192,penny_chebyshev_matrix_free,quantum,1.3820829391479492,71.09375,0.1615285159787163,True,Approximate matrix-free Chebyshev path; adaptive degree=8.
7,150,128,400,193,penny_chebyshev_matrix_free,quantum,1.3820418119430542,71.09375,0.15951217798283324,True,Approximate matrix-free Chebyshev path; adaptive degree=8.
7,150,128,400,194,penny_chebyshev_matrix_free,quantum,1.3820021152496338,71.875,0.15755156602244824,True,Approximate matrix-free Chebyshev path; adaptive degree=8.
7,150,128,400,195,penny_chebyshev_matrix_free,quantum,1.3819630146026611,71.875,0.1632824100088328,True,Approximate matrix-free Chebyshev path; adaptive degree=8.
7,150,128,400,196,penny_chebyshev_matrix_free,quantum,1.381925106048584,71.875,0.1585865910165012,True,Approximate matrix-free Chebyshev path; adaptive degree=8.
7,150,128,400,197,penny_chebyshev_matrix_free,quantum,1.381887674331665,71.875,0.15430945897242054,True,Approximate matrix-free Chebyshev path; adaptive degree=8.
7,150,128,400,198,penny_chebyshev_matrix_free,quantum,1.3818516731262207,71.875,0.159256896993611,True,Approximate matrix-free Chebyshev path; adaptive degree=8.
7,150,128,400,199,penny_chebyshev_matrix_free,quantum,1.3818162679672241,71.875,0.15578211296815425,True,Approximate matrix-free Chebyshev path; adaptive degree=8.
7,150,128,400,200,penny_chebyshev_matrix_free,quantum,1.3817814588546753,71.875,0.15751029702369124,True,Approximate matrix-free Chebyshev path; adaptive degree=8.
7,150,128,400,201,penny_chebyshev_matrix_free,quantum,1.381747841835022,71.875,0.15400371403666213,True,Approximate matrix-free Chebyshev path; adaptive degree=8.
7,150,128,400,202,penny_chebyshev_matrix_free,quantum,1.3817152976989746,71.875,0.1568762970273383,True,Approximate matrix-free Chebyshev path; adaptive degree=8.
7,150,128,400,203,penny_chebyshev_matrix_free,quantum,1.3816832304000854,72.65625,0.15442943497328088,True,Approximate matrix-free Chebyshev path; adaptive degree=8.
7,150,128,400,204,penny_chebyshev_matrix_free,quantum,1.381651759147644,73.4375,0.15885234100278467,True,Approximate matrix-free Chebyshev path; adaptive degree=8.
7,150,128,400,205,penny_chebyshev_matrix_free,quantum,1.381621241569519,73.4375,0.16049781301990151,True,Approximate matrix-free Chebyshev path; adaptive degree=8.
7,150,128,400,206,penny_chebyshev_matrix_free,quantum,1.381591558456421,73.4375,0.15726086898939684,True,Approximate matrix-free Chebyshev path; adaptive degree=8.
7,150,128,400,207,penny_chebyshev_matrix_free,quantum,1.3815628290176392,73.4375,0.15592259197728708,True,Approximate matrix-free Chebyshev path; adaptive degree=8.
7,150,128,400,208,penny_chebyshev_matrix_free,quantum,1.3815345764160156,73.4375,0.15628844301681966,True,Approximate matrix-free Chebyshev path; adaptive degree=8.
7,150,128,400,209,penny_chebyshev_matrix_free,quantum,1.3815069198608398,73.4375,0.1570004959939979,True,Approximate matrix-free Chebyshev path; adaptive degree=8.
7,150,128,400,210,penny_chebyshev_matrix_free,quantum,1.381480097770691,73.4375,0.16211450198898092,True,Approximate matrix-free Chebyshev path; adaptive degree=8.
7,150,128,400,211,penny_chebyshev_matrix_free,quantum,1.381453514099121,73.4375,0.15535895799985155,True,Approximate matrix-free Chebyshev path; adaptive degree=8.
7,150,128,400,212,penny_chebyshev_matrix_free,quantum,1.3814280033111572,74.21875,0.15756419801618904,True,Approximate matrix-free Chebyshev path; adaptive degree=8.
7,150,128,400,213,penny_chebyshev_matrix_free,quantum,1.3814029693603516,74.21875,0.15549415402347222,True,Approximate matrix-free Chebyshev path; adaptive degree=8.
7,150,128,400,214,penny_chebyshev_matrix_free,quantum,1.3813790082931519,74.21875,0.16438112600008026,True,Approximate matrix-free Chebyshev path; adaptive degree=8.
7,150,128,400,215,penny_chebyshev_matrix_free,quantum,1.3813549280166626,74.21875,0.1663654359872453,True,Approximate matrix-free Chebyshev path; adaptive degree=8.
7,150,128,400,216,penny_chebyshev_matrix_free,quantum,1.3813318014144897,74.21875,0.1601343599613756,True,Approximate matrix-free Chebyshev path; adaptive degree=8.
7,150,128,400,217,penny_chebyshev_matrix_free,quantum,1.3813092708587646,74.21875,0.15260559698799625,True,Approximate matrix-free Chebyshev path; adaptive degree=8.
7,150,128,400,218,penny_chebyshev_matrix_free,quantum,1.3812872171401978,74.21875,0.16201989899855107,True,Approximate matrix-free Chebyshev path; adaptive degree=8.
7,150,128,400,219,penny_chebyshev_matrix_free,quantum,1.3812658786773682,74.21875,0.15523133502574638,True,Approximate matrix-free Chebyshev path; adaptive degree=8.
7,150,128,400,220,penny_chebyshev_matrix_free,quantum,1.3812447786331177,74.21875,0.15586444601649418,True,Approximate matrix-free Chebyshev path; adaptive degree=8.
7,150,128,400,221,penny_chebyshev_matrix_free,quantum,1.381224274635315,74.21875,0.1618844959884882,True,Approximate matrix-free Chebyshev path; adaptive degree=8.
7,150,128,400,222,penny_chebyshev_matrix_free,quantum,1.3812038898468018,75.0,0.1643663229770027,True,Approximate matrix-free Chebyshev path; adaptive degree=8.
7,150,128,400,223,penny_chebyshev_matrix_free,quantum,1.381184697151184,75.0,0.16262060595909134,True,Approximate matrix-free Chebyshev path; adaptive degree=8.
7,150,128,400,224,penny_chebyshev_matrix_free,quantum,1.381165623664856,75.0,0.16321558802155778,True,Approximate matrix-free Chebyshev path; adaptive degree=8.
7,150,128,400,225,penny_chebyshev_matrix_free,quantum,1.3811471462249756,76.5625,0.16289696196326986,True,Approximate matrix-free Chebyshev path; adaptive degree=8.
7,150,128,400,226,penny_chebyshev_matrix_free,quantum,1.3811290264129639,76.5625,0.16436512698419392,True,Approximate matrix-free Chebyshev path; adaptive degree=8.
7,150,128,400,227,penny_chebyshev_matrix_free,quantum,1.3811111450195312,76.5625,0.16389610100304708,True,Approximate matrix-free Chebyshev path; adaptive degree=8.
7,150,128,400,228,penny_chebyshev_matrix_free,quantum,1.3810944557189941,76.5625,0.16602167201926932,True,Approximate matrix-free Chebyshev path; adaptive degree=8.
7,150,128,400,229,penny_chebyshev_matrix_free,quantum,1.3810770511627197,76.5625,0.15887468995060772,True,Approximate matrix-free Chebyshev path; adaptive degree=8.
7,150,128,400,230,penny_chebyshev_matrix_free,quantum,1.3810606002807617,76.5625,0.16812690300866961,True,Approximate matrix-free Chebyshev path; adaptive degree=8.
7,150,128,400,231,penny_chebyshev_matrix_free,quantum,1.3810447454452515,76.5625,0.1686033140285872,True,Approximate matrix-free Chebyshev path; adaptive degree=8.
7,150,128,400,232,penny_chebyshev_matrix_free,quantum,1.3810292482376099,77.34375,0.16883111197967082,True,Approximate matrix-free Chebyshev path; adaptive degree=8.
7,150,128,400,233,penny_chebyshev_matrix_free,quantum,1.3810138702392578,77.34375,0.16675561596639454,True,Approximate matrix-free Chebyshev path; adaptive degree=8.
7,150,128,400,234,penny_chebyshev_matrix_free,quantum,1.3809993267059326,77.34375,0.17093486798694357,True,Approximate matrix-free Chebyshev path; adaptive degree=8.
7,150,128,400,235,penny_chebyshev_matrix_free,quantum,1.3809845447540283,77.34375,0.15617202199064195,True,Approximate matrix-free Chebyshev path; adaptive degree=8.
7,150,128,400,236,penny_chebyshev_matrix_free,quantum,1.3809705972671509,77.34375,0.1556105759809725,True,Approximate matrix-free Chebyshev path; adaptive degree=8.
7,150,128,400,237,penny_chebyshev_matrix_free,quantum,1.3809566497802734,77.34375,0.16390683100325987,True,Approximate matrix-free Chebyshev path; adaptive degree=8.
7,150,128,400,238,penny_chebyshev_matrix_free,quantum,1.3809432983398438,77.34375,0.16607370495330542,True,Approximate matrix-free Chebyshev path; adaptive degree=8.
7,150,128,400,239,penny_chebyshev_matrix_free,quantum,1.3809300661087036,77.34375,0.15406835201429203,True,Approximate matrix-free Chebyshev path; adaptive degree=8.
7,150,128,400,240,penny_chebyshev_matrix_free,quantum,1.3809174299240112,77.34375,0.1614930159994401,True,Approximate matrix-free Chebyshev path; adaptive degree=8.
7,150,128,400,241,penny_chebyshev_matrix_free,quantum,1.3809047937393188,77.34375,0.16207526199286804,True,Approximate matrix-free Chebyshev path; adaptive degree=8.
7,150,128,400,242,penny_chebyshev_matrix_free,quantum,1.3808929920196533,77.34375,0.15759434102801606,True,Approximate matrix-free Chebyshev path; adaptive degree=8.
7,150,128,400,243,penny_chebyshev_matrix_free,quantum,1.3808808326721191,77.34375,0.15527782501885667,True,Approximate matrix-free Chebyshev path; adaptive degree=8.
7,150,128,400,244,penny_chebyshev_matrix_free,quantum,1.3808691501617432,77.34375,0.1592184220207855,True,Approximate matrix-free Chebyshev path; adaptive degree=8.
7,150,128,400,245,penny_chebyshev_matrix_free,quantum,1.3808579444885254,77.34375,0.1585429150145501,True,Approximate matrix-free Chebyshev path; adaptive degree=8.
7,150,128,400,246,penny_chebyshev_matrix_free,quantum,1.3808469772338867,77.34375,0.1627794670057483,True,Approximate matrix-free Chebyshev path; adaptive degree=8.
7,150,128,400,247,penny_chebyshev_matrix_free,quantum,1.3808361291885376,77.34375,0.1559806530131027,True,Approximate matrix-free Chebyshev path; adaptive degree=8.
7,150,128,400,248,penny_chebyshev_matrix_free,quantum,1.3808258771896362,77.34375,0.16258817299967632,True,Approximate matrix-free Chebyshev path; adaptive degree=8.
7,150,128,400,249,penny_chebyshev_matrix_free,quantum,1.3808155059814453,77.34375,0.1553046689950861,True,Approximate matrix-free Chebyshev path; adaptive degree=8.
7,150,128,400,250,penny_chebyshev_matrix_free,quantum,1.3808056116104126,77.34375,0.15599514602217823,True,Approximate matrix-free Chebyshev path; adaptive degree=8.
7,150,128,400,251,penny_chebyshev_matrix_free,quantum,1.3807957172393799,78.125,0.15756754099857062,True,Approximate matrix-free Chebyshev path; adaptive degree=8.
7,150,128,400,252,penny_chebyshev_matrix_free,quantum,1.3807862997055054,78.125,0.15877644601278007,True,Approximate matrix-free Chebyshev path; adaptive degree=8.
7,150,128,400,253,penny_chebyshev_matrix_free,quantum,1.3807770013809204,78.125,0.16993026400450617,True,Approximate matrix-free Chebyshev path; adaptive degree=8.
7,150,128,400,254,penny_chebyshev_matrix_free,quantum,1.3807682991027832,78.125,0.1683023779769428,True,Approximate matrix-free Chebyshev path; adaptive degree=8.
7,150,128,400,255,penny_chebyshev_matrix_free,quantum,1.3807591199874878,78.125,0.1599576779990457,True,Approximate matrix-free Chebyshev path; adaptive degree=8.
7,150,128,400,256,penny_chebyshev_matrix_free,quantum,1.3807506561279297,78.125,0.15502210502745584,True,Approximate matrix-free Chebyshev path; adaptive degree=8.
7,150,128,400,257,penny_chebyshev_matrix_free,quantum,1.380742073059082,78.125,0.1657767869764939,True,Approximate matrix-free Chebyshev path; adaptive degree=8.
7,150,128,400,258,penny_chebyshev_matrix_free,quantum,1.3807344436645508,78.125,0.16281679598614573,True,Approximate matrix-free Chebyshev path; adaptive degree=8.
7,150,128,400,259,penny_chebyshev_matrix_free,quantum,1.3807260990142822,78.125,0.15423115697922185,True,Approximate matrix-free Chebyshev path; adaptive degree=8.
7,150,128,400,260,penny_chebyshev_matrix_free,quantum,1.3807182312011719,78.125,0.1563771609799005,True,Approximate matrix-free Chebyshev path; adaptive degree=8.
7,150,128,400,261,penny_chebyshev_matrix_free,quantum,1.3807106018066406,78.125,0.155138308997266,True,Approximate matrix-free Chebyshev path; adaptive degree=8.
7,150,128,400,262,penny_chebyshev_matrix_free,quantum,1.380703330039978,78.90625,0.15363049099687487,True,Approximate matrix-free Chebyshev path; adaptive degree=8.
7,150,128,400,263,penny_chebyshev_matrix_free,quantum,1.380696415901184,78.90625,0.15503266599262133,True,Approximate matrix-free Chebyshev path; adaptive degree=8.
7,150,128,400,264,penny_chebyshev_matrix_free,quantum,1.3806889057159424,79.6875,0.15474517503753304,True,Approximate matrix-free Chebyshev path; adaptive degree=8.
7,150,128,400,265,penny_chebyshev_matrix_free,quantum,1.3806819915771484,79.6875,0.16054094000719488,True,Approximate matrix-free Chebyshev path; adaptive degree=8.
7,150,128,400,266,penny_chebyshev_matrix_free,quantum,1.3806754350662231,79.6875,0.15697869495488703,True,Approximate matrix-free Chebyshev path; adaptive degree=8.
7,150,128,400,267,penny_chebyshev_matrix_free,quantum,1.3806689977645874,79.6875,0.16222121502505615,True,Approximate matrix-free Chebyshev path; adaptive degree=8.
7,150,128,400,268,penny_chebyshev_matrix_free,quantum,1.3806625604629517,79.6875,0.1541571770212613,True,Approximate matrix-free Chebyshev path; adaptive degree=8.
7,150,128,400,269,penny_chebyshev_matrix_free,quantum,1.3806562423706055,79.6875,0.16297836398007348,True,Approximate matrix-free Chebyshev path; adaptive degree=8.
7,150,128,400,270,penny_chebyshev_matrix_free,quantum,1.3806500434875488,79.6875,0.16190568398451433,True,Approximate matrix-free Chebyshev path; adaptive degree=8.
7,150,128,400,271,penny_chebyshev_matrix_free,quantum,1.3806445598602295,79.6875,0.15461055398918688,True,Approximate matrix-free Chebyshev path; adaptive degree=8.
7,150,128,400,272,penny_chebyshev_matrix_free,quantum,1.3806384801864624,79.6875,0.15433620096882805,True,Approximate matrix-free Chebyshev path; adaptive degree=8.
7,150,128,400,273,penny_chebyshev_matrix_free,quantum,1.380632758140564,79.6875,0.1533535590278916,True,Approximate matrix-free Chebyshev path; adaptive degree=8.
7,150,128,400,274,penny_chebyshev_matrix_free,quantum,1.3806275129318237,79.6875,0.15236187999835238,True,Approximate matrix-free Chebyshev path; adaptive degree=8.
7,150,128,400,275,penny_chebyshev_matrix_free,quantum,1.380622148513794,79.6875,0.1542125020059757,True,Approximate matrix-free Chebyshev path; adaptive degree=8.
7,150,128,400,276,penny_chebyshev_matrix_free,quantum,1.3806169033050537,79.6875,0.15383860701695085,True,Approximate matrix-free Chebyshev path; adaptive degree=8.
7,150,128,400,277,penny_chebyshev_matrix_free,quantum,1.3806114196777344,79.6875,0.1616295169806108,True,Approximate matrix-free Chebyshev path; adaptive degree=8.
7,150,128,400,278,penny_chebyshev_matrix_free,quantum,1.3806066513061523,79.6875,0.18220147298416123,True,Approximate matrix-free Chebyshev path; adaptive degree=8.
7,150,128,400,279,penny_chebyshev_matrix_free,quantum,1.3806018829345703,79.6875,0.15770876500755548,True,Approximate matrix-free Chebyshev path; adaptive degree=8.
7,150,128,400,280,penny_chebyshev_matrix_free,quantum,1.3805971145629883,79.6875,0.16092000395292416,True,Approximate matrix-free Chebyshev path; adaptive degree=8.
7,150,128,400,281,penny_chebyshev_matrix_free,quantum,1.3805923461914062,79.6875,0.15924591303337365,True,Approximate matrix-free Chebyshev path; adaptive degree=8.
7,150,128,400,282,penny_chebyshev_matrix_free,quantum,1.3805880546569824,79.6875,0.18438287498429418,True,Approximate matrix-free Chebyshev path; adaptive degree=8.
7,150,128,400,283,penny_chebyshev_matrix_free,quantum,1.38058340549469,80.46875,0.17782656999770552,True,Approximate matrix-free Chebyshev path; adaptive degree=8.
7,150,128,400,284,penny_chebyshev_matrix_free,quantum,1.3805792331695557,80.46875,0.1590179959894158,True,Approximate matrix-free Chebyshev path; adaptive degree=8.
7,150,128,400,285,penny_chebyshev_matrix_free,quantum,1.3805749416351318,80.46875,0.15290057397214696,True,Approximate matrix-free Chebyshev path; adaptive degree=8.
7,150,128,400,286,penny_chebyshev_matrix_free,quantum,1.3805710077285767,80.46875,0.15185624704463407,True,Approximate matrix-free Chebyshev path; adaptive degree=8.
7,150,128,400,287,penny_chebyshev_matrix_free,quantum,1.380567193031311,80.46875,0.1545155150233768,True,Approximate matrix-free Chebyshev path; adaptive degree=8.
7,150,128,400,288,penny_chebyshev_matrix_free,quantum,1.3805632591247559,80.46875,0.1522107319906354,True,Approximate matrix-free Chebyshev path; adaptive degree=8.
7,150,128,400,289,penny_chebyshev_matrix_free,quantum,1.3805594444274902,80.46875,0.1510292159509845,True,Approximate matrix-free Chebyshev path; adaptive degree=8.
7,150,128,400,290,penny_chebyshev_matrix_free,quantum,1.380555510520935,80.46875,0.15348875802010298,True,Approximate matrix-free Chebyshev path; adaptive degree=8.
7,150,128,400,291,penny_chebyshev_matrix_free,quantum,1.380552053451538,80.46875,0.1509510719915852,True,Approximate matrix-free Chebyshev path; adaptive degree=8.
7,150,128,400,292,penny_chebyshev_matrix_free,quantum,1.380548357963562,80.46875,0.1512380659696646,True,Approximate matrix-free Chebyshev path; adaptive degree=8.
7,150,128,400,293,penny_chebyshev_matrix_free,quantum,1.3805450201034546,80.46875,0.15797175402985886,True,Approximate matrix-free Chebyshev path; adaptive degree=8.
7,150,128,400,294,penny_chebyshev_matrix_free,quantum,1.3805416822433472,80.46875,0.16012871998827904,True,Approximate matrix-free Chebyshev path; adaptive degree=8.
7,150,128,400,295,penny_chebyshev_matrix_free,quantum,1.3805382251739502,80.46875,0.16074710700195283,True,Approximate matrix-free Chebyshev path; adaptive degree=8.
7,150,128,400,296,penny_chebyshev_matrix_free,quantum,1.3805352449417114,80.46875,0.16278048400999978,True,Approximate matrix-free Chebyshev path; adaptive degree=8.
7,150,128,400,297,penny_chebyshev_matrix_free,quantum,1.380532145500183,80.46875,0.1612469219835475,True,Approximate matrix-free Chebyshev path; adaptive degree=8.
7,150,128,400,298,penny_chebyshev_matrix_free,quantum,1.3805290460586548,80.46875,0.1573389500263147,True,Approximate matrix-free Chebyshev path; adaptive degree=8.
7,150,128,400,299,penny_chebyshev_matrix_free,quantum,1.380525827407837,80.46875,0.16887173702707514,True,Approximate matrix-free Chebyshev path; adaptive degree=8.
7,150,128,400,300,penny_chebyshev_matrix_free,quantum,1.3805228471755981,80.46875,0.15668757300591096,True,Approximate matrix-free Chebyshev path; adaptive degree=8.
7,150,128,400,301,penny_chebyshev_matrix_free,quantum,1.3805204629898071,80.46875,0.16185539204161614,True,Approximate matrix-free Chebyshev path; adaptive degree=8.
7,150,128,400,302,penny_chebyshev_matrix_free,quantum,1.380517601966858,80.46875,0.16859439702238888,True,Approximate matrix-free Chebyshev path; adaptive degree=8.
7,150,128,400,303,penny_chebyshev_matrix_free,quantum,1.3805150985717773,80.46875,0.1700580310425721,True,Approximate matrix-free Chebyshev path; adaptive degree=8.
7,150,128,400,304,penny_chebyshev_matrix_free,quantum,1.3805121183395386,80.46875,0.15239131700946018,True,Approximate matrix-free Chebyshev path; adaptive degree=8.
7,150,128,400,305,penny_chebyshev_matrix_free,quantum,1.380509614944458,80.46875,0.1645921269664541,True,Approximate matrix-free Chebyshev path; adaptive degree=8.
7,150,128,400,306,penny_chebyshev_matrix_free,quantum,1.380507469177246,80.46875,0.15123474900610745,True,Approximate matrix-free Chebyshev path; adaptive degree=8.
7,150,128,400,307,penny_chebyshev_matrix_free,quantum,1.380505084991455,80.46875,0.15407551801763475,True,Approximate matrix-free Chebyshev path; adaptive degree=8.
7,150,128,400,308,penny_chebyshev_matrix_free,quantum,1.3805025815963745,80.46875,0.15606494096573442,True,Approximate matrix-free Chebyshev path; adaptive degree=8.
7,150,128,400,309,penny_chebyshev_matrix_free,quantum,1.380500078201294,80.46875,0.15690477698808536,True,Approximate matrix-free Chebyshev path; adaptive degree=8.
7,150,128,400,310,penny_chebyshev_matrix_free,quantum,1.3804978132247925,81.25,0.15590498695382848,True,Approximate matrix-free Chebyshev path; adaptive degree=8.
7,150,128,400,311,penny_chebyshev_matrix_free,quantum,1.3804956674575806,81.25,0.15846818801946938,True,Approximate matrix-free Chebyshev path; adaptive degree=8.
7,150,128,400,312,penny_chebyshev_matrix_free,quantum,1.380493402481079,81.25,0.15760052000405267,True,Approximate matrix-free Chebyshev path; adaptive degree=8.
7,150,128,400,313,penny_chebyshev_matrix_free,quantum,1.3804913759231567,80.46875,0.15975604695267975,True,Approximate matrix-free Chebyshev path; adaptive degree=8.
7,150,128,400,314,penny_chebyshev_matrix_free,quantum,1.380489468574524,80.46875,0.15711944800568745,True,Approximate matrix-free Chebyshev path; adaptive degree=8.
7,150,128,400,315,penny_chebyshev_matrix_free,quantum,1.3804875612258911,80.46875,0.14958562602987513,True,Approximate matrix-free Chebyshev path; adaptive degree=8.
7,150,128,400,316,penny_chebyshev_matrix_free,quantum,1.3804855346679688,80.46875,0.14955738402204588,True,Approximate matrix-free Chebyshev path; adaptive degree=8.
7,150,128,400,317,penny_chebyshev_matrix_free,quantum,1.3804835081100464,80.46875,0.14982209395384416,True,Approximate matrix-free Chebyshev path; adaptive degree=8.
7,150,128,400,318,penny_chebyshev_matrix_free,quantum,1.3804817199707031,80.46875,0.15037162700900808,True,Approximate matrix-free Chebyshev path; adaptive degree=8.
7,150,128,400,319,penny_chebyshev_matrix_free,quantum,1.3804799318313599,80.46875,0.153474191960413,True,Approximate matrix-free Chebyshev path; adaptive degree=8.
7,150,128,400,320,penny_chebyshev_matrix_free,quantum,1.3804782629013062,80.46875,0.1534149599610828,True,Approximate matrix-free Chebyshev path; adaptive degree=8.
7,150,128,400,321,penny_chebyshev_matrix_free,quantum,1.3804762363433838,80.46875,0.15110704797552899,True,Approximate matrix-free Chebyshev path; adaptive degree=8.
7,150,128,400,322,penny_chebyshev_matrix_free,quantum,1.3804749250411987,80.46875,0.15532428497681394,True,Approximate matrix-free Chebyshev path; adaptive degree=8.
7,150,128,400,323,penny_chebyshev_matrix_free,quantum,1.380473017692566,80.46875,0.1501299859955907,True,Approximate matrix-free Chebyshev path; adaptive degree=8.
7,150,128,400,324,penny_chebyshev_matrix_free,quantum,1.3804715871810913,79.6875,0.15526278299512342,True,Approximate matrix-free Chebyshev path; adaptive degree=8.
7,150,128,400,325,penny_chebyshev_matrix_free,quantum,1.3804700374603271,79.6875,0.15279424301115796,True,Approximate matrix-free Chebyshev path; adaptive degree=8.
7,150,128,400,326,penny_chebyshev_matrix_free,quantum,1.380468487739563,79.6875,0.15501318499445915,True,Approximate matrix-free Chebyshev path; adaptive degree=8.
7,150,128,400,327,penny_chebyshev_matrix_free,quantum,1.3804668188095093,79.6875,0.15489366895053536,True,Approximate matrix-free Chebyshev path; adaptive degree=8.
7,150,128,400,328,penny_chebyshev_matrix_free,quantum,1.3804655075073242,80.46875,0.15705897903535515,True,Approximate matrix-free Chebyshev path; adaptive degree=8.
7,150,128,400,329,penny_chebyshev_matrix_free,quantum,1.3804641962051392,80.46875,0.16048421297455207,True,Approximate matrix-free Chebyshev path; adaptive degree=8.
7,150,128,400,330,penny_chebyshev_matrix_free,quantum,1.3804627656936646,80.46875,0.16446844901656732,True,Approximate matrix-free Chebyshev path; adaptive degree=8.
7,150,128,400,331,penny_chebyshev_matrix_free,quantum,1.38046133518219,80.46875,0.1602457729750313,True,Approximate matrix-free Chebyshev path; adaptive degree=8.
7,150,128,400,332,penny_chebyshev_matrix_free,quantum,1.3804601430892944,80.46875,0.1575676460051909,True,Approximate matrix-free Chebyshev path; adaptive degree=8.
7,150,128,400,333,penny_chebyshev_matrix_free,quantum,1.3804588317871094,80.46875,0.16224876599153504,True,Approximate matrix-free Chebyshev path; adaptive degree=8.
7,150,128,400,334,penny_chebyshev_matrix_free,quantum,1.3804574012756348,80.46875,0.15484790899790823,True,Approximate matrix-free Chebyshev path; adaptive degree=8.
7,150,128,400,335,penny_chebyshev_matrix_free,quantum,1.3804562091827393,80.46875,0.15132044296478853,True,Approximate matrix-free Chebyshev path; adaptive degree=8.
7,150,128,400,336,penny_chebyshev_matrix_free,quantum,1.3804552555084229,80.46875,0.15274926699930802,True,Approximate matrix-free Chebyshev path; adaptive degree=8.
7,150,128,400,337,penny_chebyshev_matrix_free,quantum,1.3804539442062378,80.46875,0.15093099302612245,True,Approximate matrix-free Chebyshev path; adaptive degree=8.
7,150,128,400,338,penny_chebyshev_matrix_free,quantum,1.3804528713226318,80.46875,0.15108189702732489,True,Approximate matrix-free Chebyshev path; adaptive degree=8.
7,150,128,400,339,penny_chebyshev_matrix_free,quantum,1.3804515600204468,80.46875,0.15387580898823217,True,Approximate matrix-free Chebyshev path; adaptive degree=8.
7,150,128,400,340,penny_chebyshev_matrix_free,quantum,1.38045072555542,80.46875,0.154135103977751,True,Approximate matrix-free Chebyshev path; adaptive degree=8.
7,150,128,400,341,penny_chebyshev_matrix_free,quantum,1.3804494142532349,80.46875,0.1547017979901284,True,Approximate matrix-free Chebyshev path; adaptive degree=8.
7,150,128,400,342,penny_chebyshev_matrix_free,quantum,1.380448579788208,80.46875,0.15215652796905488,True,Approximate matrix-free Chebyshev path; adaptive degree=8.
7,150,128,400,343,penny_chebyshev_matrix_free,quantum,1.3804476261138916,80.46875,0.15424812899436802,True,Approximate matrix-free Chebyshev path; adaptive degree=8.
7,150,128,400,344,penny_chebyshev_matrix_free,quantum,1.3804469108581543,81.25,0.15247577102854848,True,Approximate matrix-free Chebyshev path; adaptive degree=8.
7,150,128,400,345,penny_chebyshev_matrix_free,quantum,1.3804452419281006,81.25,0.16209049301687628,True,Approximate matrix-free Chebyshev path; adaptive degree=8.
7,150,128,400,346,penny_chebyshev_matrix_free,quantum,1.3804444074630737,81.25,0.153732749982737,True,Approximate matrix-free Chebyshev path; adaptive degree=8.
7,150,128,400,347,penny_chebyshev_matrix_free,quantum,1.380443811416626,81.25,0.15533450298244134,True,Approximate matrix-free Chebyshev path; adaptive degree=8.
7,150,128,400,348,penny_chebyshev_matrix_free,quantum,1.3804429769515991,81.25,0.15336154797114432,True,Approximate matrix-free Chebyshev path; adaptive degree=8.
7,150,128,400,349,penny_chebyshev_matrix_free,quantum,1.380442500114441,81.25,0.15273657301440835,True,Approximate matrix-free Chebyshev path; adaptive degree=8.
7,150,128,400,350,penny_chebyshev_matrix_free,quantum,1.3804411888122559,81.25,0.1511186989955604,True,Approximate matrix-free Chebyshev path; adaptive degree=8.
7,150,128,400,351,penny_chebyshev_matrix_free,quantum,1.3804404735565186,81.25,0.1610156279639341,True,Approximate matrix-free Chebyshev path; adaptive degree=8.
7,150,128,400,352,penny_chebyshev_matrix_free,quantum,1.3804395198822021,81.25,0.15874797303695232,True,Approximate matrix-free Chebyshev path; adaptive degree=8.
7,150,128,400,353,penny_chebyshev_matrix_free,quantum,1.3804386854171753,81.25,0.16823468101210892,True,Approximate matrix-free Chebyshev path; adaptive degree=8.
7,150,128,400,354,penny_chebyshev_matrix_free,quantum,1.380437970161438,81.25,0.16618401801679283,True,Approximate matrix-free Chebyshev path; adaptive degree=8.
7,150,128,400,355,penny_chebyshev_matrix_free,quantum,1.3804374933242798,81.25,0.16678855405189097,True,Approximate matrix-free Chebyshev path; adaptive degree=8.
7,150,128,400,356,penny_chebyshev_matrix_free,quantum,1.380436658859253,81.25,0.16829983703792095,True,Approximate matrix-free Chebyshev path; adaptive degree=8.
7,150,128,400,357,penny_chebyshev_matrix_free,quantum,1.3804359436035156,81.25,0.165026209957432,True,Approximate matrix-free Chebyshev path; adaptive degree=8.
7,150,128,400,358,penny_chebyshev_matrix_free,quantum,1.3804349899291992,81.25,0.16510080301668495,True,Approximate matrix-free Chebyshev path; adaptive degree=8.
7,150,128,400,359,penny_chebyshev_matrix_free,quantum,1.380434274673462,81.25,0.16951464099111035,True,Approximate matrix-free Chebyshev path; adaptive degree=8.
7,150,128,400,360,penny_chebyshev_matrix_free,quantum,1.3804339170455933,81.25,0.16803555696969852,True,Approximate matrix-free Chebyshev path; adaptive degree=8.
7,150,128,400,361,penny_chebyshev_matrix_free,quantum,1.380433201789856,81.25,0.16800964903086424,True,Approximate matrix-free Chebyshev path; adaptive degree=8.
7,150,128,400,362,penny_chebyshev_matrix_free,quantum,1.3804327249526978,81.25,0.16201301204273477,True,Approximate matrix-free Chebyshev path; adaptive degree=8.
7,150,128,400,363,penny_chebyshev_matrix_free,quantum,1.3804320096969604,81.25,0.15619706897996366,True,Approximate matrix-free Chebyshev path; adaptive degree=8.
7,150,128,400,364,penny_chebyshev_matrix_free,quantum,1.3804312944412231,81.25,0.15325173595920205,True,Approximate matrix-free Chebyshev path; adaptive degree=8.
7,150,128,400,365,penny_chebyshev_matrix_free,quantum,1.380430817604065,81.25,0.1550000850111246,True,Approximate matrix-free Chebyshev path; adaptive degree=8.
7,150,128,400,366,penny_chebyshev_matrix_free,quantum,1.3804303407669067,81.25,0.1524449239950627,True,Approximate matrix-free Chebyshev path; adaptive degree=8.
7,150,128,400,367,penny_chebyshev_matrix_free,quantum,1.3804296255111694,81.25,0.16149822901934385,True,Approximate matrix-free Chebyshev path; adaptive degree=8.
7,150,128,400,368,penny_chebyshev_matrix_free,quantum,1.3804290294647217,81.25,0.1543697210145183,True,Approximate matrix-free Chebyshev path; adaptive degree=8.
7,150,128,400,369,penny_chebyshev_matrix_free,quantum,1.3804285526275635,81.25,0.15327453997451812,True,Approximate matrix-free Chebyshev path; adaptive degree=8.
7,150,128,400,370,penny_chebyshev_matrix_free,quantum,1.3804279565811157,81.25,0.1546373559976928,True,Approximate matrix-free Chebyshev path; adaptive degree=8.
7,150,128,400,371,penny_chebyshev_matrix_free,quantum,1.3804278373718262,81.25,0.1552637690328993,True,Approximate matrix-free Chebyshev path; adaptive degree=8.
7,150,128,400,372,penny_chebyshev_matrix_free,quantum,1.3804271221160889,81.25,0.1507779189851135,True,Approximate matrix-free Chebyshev path; adaptive degree=8.
7,150,128,400,373,penny_chebyshev_matrix_free,quantum,1.3804266452789307,81.25,0.1670690139872022,True,Approximate matrix-free Chebyshev path; adaptive degree=8.
7,150,128,400,374,penny_chebyshev_matrix_free,quantum,1.380426287651062,81.25,0.15387627703603357,True,Approximate matrix-free Chebyshev path; adaptive degree=8.
7,150,128,400,375,penny_chebyshev_matrix_free,quantum,1.3804258108139038,81.25,0.15285723801935092,True,Approximate matrix-free Chebyshev path; adaptive degree=8.
7,150,128,400,376,penny_chebyshev_matrix_free,quantum,1.380425214767456,82.03125,0.15325759601546451,True,Approximate matrix-free Chebyshev path; adaptive degree=8.
7,150,128,400,377,penny_chebyshev_matrix_free,quantum,1.3804247379302979,82.03125,0.15472909598611295,True,Approximate matrix-free Chebyshev path; adaptive degree=8.
7,150,128,400,378,penny_chebyshev_matrix_free,quantum,1.3804242610931396,82.03125,0.15349291102029383,True,Approximate matrix-free Chebyshev path; adaptive degree=8.
7,150,128,400,379,penny_chebyshev_matrix_free,quantum,1.3804240226745605,82.03125,0.15578440501121804,True,Approximate matrix-free Chebyshev path; adaptive degree=8.
7,150,128,400,380,penny_chebyshev_matrix_free,quantum,1.3804235458374023,82.03125,0.14963334205094725,True,Approximate matrix-free Chebyshev path; adaptive degree=8.
7,150,128,400,381,penny_chebyshev_matrix_free,quantum,1.3804230690002441,82.03125,0.15210523700807244,True,Approximate matrix-free Chebyshev path; adaptive degree=8.
7,150,128,400,382,penny_chebyshev_matrix_free,quantum,1.3804227113723755,82.03125,0.15352273202734068,True,Approximate matrix-free Chebyshev path; adaptive degree=8.
7,150,128,400,383,penny_chebyshev_matrix_free,quantum,1.3804224729537964,82.8125,0.15364555799169466,True,Approximate matrix-free Chebyshev path; adaptive degree=8.
7,150,128,400,384,penny_chebyshev_matrix_free,quantum,1.3804219961166382,82.8125,0.1580969779752195,True,Approximate matrix-free Chebyshev path; adaptive degree=8.
7,150,128,400,385,penny_chebyshev_matrix_free,quantum,1.3804216384887695,82.8125,0.16417631204240024,True,Approximate matrix-free Chebyshev path; adaptive degree=8.
7,150,128,400,386,penny_chebyshev_matrix_free,quantum,1.3804214000701904,82.8125,0.17011670500505716,True,Approximate matrix-free Chebyshev path; adaptive degree=8.
7,150,128,400,387,penny_chebyshev_matrix_free,quantum,1.3804210424423218,82.8125,0.16911908402107656,True,Approximate matrix-free Chebyshev path; adaptive degree=8.
7,150,128,400,388,penny_chebyshev_matrix_free,quantum,1.3804206848144531,82.8125,0.16191798803629354,True,Approximate matrix-free Chebyshev path; adaptive degree=8.
7,150,128,400,389,penny_chebyshev_matrix_free,quantum,1.3804203271865845,82.8125,0.17328578099841252,True,Approximate matrix-free Chebyshev path; adaptive degree=8.
7,150,128,400,390,penny_chebyshev_matrix_free,quantum,1.3804199695587158,82.8125,0.1537496559903957,True,Approximate matrix-free Chebyshev path; adaptive degree=8.
7,150,128,400,391,penny_chebyshev_matrix_free,quantum,1.3804198503494263,82.8125,0.15357643499737605,True,Approximate matrix-free Chebyshev path; adaptive degree=8.
7,150,128,400,392,penny_chebyshev_matrix_free,quantum,1.3804196119308472,82.8125,0.1534505640156567,True,Approximate matrix-free Chebyshev path; adaptive degree=8.
7,150,128,400,393,penny_chebyshev_matrix_free,quantum,1.3804192543029785,82.8125,0.15536148502724245,True,Approximate matrix-free Chebyshev path; adaptive degree=8.
7,150,128,400,394,penny_chebyshev_matrix_free,quantum,1.380419135093689,82.8125,0.15168455697130412,True,Approximate matrix-free Chebyshev path; adaptive degree=8.
7,150,128,400,395,penny_chebyshev_matrix_free,quantum,1.3804185390472412,82.8125,0.15345518104732037,True,Approximate matrix-free Chebyshev path; adaptive degree=8.
7,150,128,400,396,penny_chebyshev_matrix_free,quantum,1.380418300628662,82.8125,0.15527955099241808,True,Approximate matrix-free Chebyshev path; adaptive degree=8.
7,150,128,400,397,penny_chebyshev_matrix_free,quantum,1.3804179430007935,82.8125,0.15593244502088055,True,Approximate matrix-free Chebyshev path; adaptive degree=8.
7,150,128,400,398,penny_chebyshev_matrix_free,quantum,1.380417823791504,82.8125,0.1602390809566714,True,Approximate matrix-free Chebyshev path; adaptive degree=8.
7,150,128,400,399,penny_chebyshev_matrix_free,quantum,1.3804177045822144,82.8125,0.16114269994432107,True,Approximate matrix-free Chebyshev path; adaptive degree=8.
